[0.286s] DEBUG:colcon:Command line arguments: ['/usr/bin/colcon', 'build']
[0.287s] DEBUG:colcon:Parsed command line arguments: Namespace(log_base=None, log_level=None, verb_name='build', build_base='build', install_base='install', merge_install=False, symlink_install=False, test_result_base=None, continue_on_error=False, executor='parallel', parallel_workers=2, event_handlers=None, ignore_user_meta=False, metas=['./colcon.meta'], base_paths=['.'], packages_ignore=None, packages_ignore_regex=None, paths=None, packages_up_to=None, packages_up_to_regex=None, packages_above=None, packages_above_and_dependencies=None, packages_above_depth=None, packages_select_by_dep=None, packages_skip_by_dep=None, packages_skip_up_to=None, packages_select_build_failed=False, packages_skip_build_finished=False, packages_select_test_failures=False, packages_skip_test_passed=False, packages_select=None, packages_skip=None, packages_select_regex=None, packages_skip_regex=None, packages_start=None, packages_end=None, allow_overriding=[], cmake_args=None, cmake_target=None, cmake_target_skip_unavailable=False, cmake_clean_cache=False, cmake_clean_first=False, cmake_force_configure=False, ament_cmake_args=None, catkin_cmake_args=None, catkin_skip_building_tests=False, mixin_files=None, mixin=None, verb_parser=<colcon_mixin.mixin.mixin_argument.MixinArgumentDecorator object at 0x7d2e67dacd40>, verb_extension=<colcon_core.verb.build.BuildVerb object at 0x7d2e67d2e990>, main=<bound method BuildVerb.main of <colcon_core.verb.build.BuildVerb object at 0x7d2e67d2e990>>, mixin_verb=('build',))
[0.479s] Level 1:colcon.colcon_core.package_discovery:discover_packages(colcon_meta) check parameters
[0.479s] Level 1:colcon.colcon_core.package_discovery:discover_packages(recursive) check parameters
[0.479s] Level 1:colcon.colcon_core.package_discovery:discover_packages(ignore) check parameters
[0.479s] Level 1:colcon.colcon_core.package_discovery:discover_packages(path) check parameters
[0.479s] Level 1:colcon.colcon_core.package_discovery:discover_packages(colcon_meta) discover
[0.479s] Level 1:colcon.colcon_core.package_discovery:discover_packages(recursive) discover
[0.479s] INFO:colcon.colcon_core.package_discovery:Crawling recursively for packages in '/home/huangbo/ros2_learn/tongxun_learn'
[0.479s] Level 1:colcon.colcon_core.package_identification:_identify(.) by extensions ['ignore', 'ignore_ament_install']
[0.480s] Level 1:colcon.colcon_core.package_identification:_identify(.) by extension 'ignore'
[0.481s] Level 1:colcon.colcon_core.package_identification:_identify(.) by extension 'ignore_ament_install'
[0.482s] Level 1:colcon.colcon_core.package_identification:_identify(.) by extensions ['colcon_pkg']
[0.482s] Level 1:colcon.colcon_core.package_identification:_identify(.) by extension 'colcon_pkg'
[0.482s] Level 1:colcon.colcon_core.package_identification:_identify(.) by extensions ['colcon_meta']
[0.483s] Level 1:colcon.colcon_core.package_identification:_identify(.) by extension 'colcon_meta'
[0.483s] Level 1:colcon.colcon_core.package_identification:_identify(.) by extensions ['ros']
[0.483s] Level 1:colcon.colcon_core.package_identification:_identify(.) by extension 'ros'
[0.594s] Level 1:colcon.colcon_core.package_identification:_identify(.) by extensions ['cmake', 'python']
[0.594s] Level 1:colcon.colcon_core.package_identification:_identify(.) by extension 'cmake'
[0.594s] Level 1:colcon.colcon_core.package_identification:_identify(.) by extension 'python'
[0.594s] Level 1:colcon.colcon_core.package_identification:_identify(.) by extensions ['python_setup_py']
[0.594s] Level 1:colcon.colcon_core.package_identification:_identify(.) by extension 'python_setup_py'
[0.595s] Level 1:colcon.colcon_core.package_identification:_identify(build) by extensions ['ignore', 'ignore_ament_install']
[0.595s] Level 1:colcon.colcon_core.package_identification:_identify(build) by extension 'ignore'
[0.595s] Level 1:colcon.colcon_core.package_identification:_identify(build) ignored
[0.595s] Level 1:colcon.colcon_core.package_identification:_identify(install) by extensions ['ignore', 'ignore_ament_install']
[0.595s] Level 1:colcon.colcon_core.package_identification:_identify(install) by extension 'ignore'
[0.595s] Level 1:colcon.colcon_core.package_identification:_identify(install) ignored
[0.595s] Level 1:colcon.colcon_core.package_identification:_identify(log) by extensions ['ignore', 'ignore_ament_install']
[0.595s] Level 1:colcon.colcon_core.package_identification:_identify(log) by extension 'ignore'
[0.596s] Level 1:colcon.colcon_core.package_identification:_identify(log) ignored
[0.596s] Level 1:colcon.colcon_core.package_identification:_identify(src) by extensions ['ignore', 'ignore_ament_install']
[0.598s] Level 1:colcon.colcon_core.package_identification:_identify(src) by extension 'ignore'
[0.598s] Level 1:colcon.colcon_core.package_identification:_identify(src) by extension 'ignore_ament_install'
[0.598s] Level 1:colcon.colcon_core.package_identification:_identify(src) by extensions ['colcon_pkg']
[0.598s] Level 1:colcon.colcon_core.package_identification:_identify(src) by extension 'colcon_pkg'
[0.598s] Level 1:colcon.colcon_core.package_identification:_identify(src) by extensions ['colcon_meta']
[0.598s] Level 1:colcon.colcon_core.package_identification:_identify(src) by extension 'colcon_meta'
[0.598s] Level 1:colcon.colcon_core.package_identification:_identify(src) by extensions ['ros']
[0.598s] Level 1:colcon.colcon_core.package_identification:_identify(src) by extension 'ros'
[0.598s] Level 1:colcon.colcon_core.package_identification:_identify(src) by extensions ['cmake', 'python']
[0.598s] Level 1:colcon.colcon_core.package_identification:_identify(src) by extension 'cmake'
[0.599s] Level 1:colcon.colcon_core.package_identification:_identify(src) by extension 'python'
[0.599s] Level 1:colcon.colcon_core.package_identification:_identify(src) by extensions ['python_setup_py']
[0.599s] Level 1:colcon.colcon_core.package_identification:_identify(src) by extension 'python_setup_py'
[0.599s] Level 1:colcon.colcon_core.package_identification:_identify(src/base_tongxun_s) by extensions ['ignore', 'ignore_ament_install']
[0.600s] Level 1:colcon.colcon_core.package_identification:_identify(src/base_tongxun_s) by extension 'ignore'
[0.602s] Level 1:colcon.colcon_core.package_identification:_identify(src/base_tongxun_s) by extension 'ignore_ament_install'
[0.602s] Level 1:colcon.colcon_core.package_identification:_identify(src/base_tongxun_s) by extensions ['colcon_pkg']
[0.602s] Level 1:colcon.colcon_core.package_identification:_identify(src/base_tongxun_s) by extension 'colcon_pkg'
[0.602s] Level 1:colcon.colcon_core.package_identification:_identify(src/base_tongxun_s) by extensions ['colcon_meta']
[0.602s] Level 1:colcon.colcon_core.package_identification:_identify(src/base_tongxun_s) by extension 'colcon_meta'
[0.602s] Level 1:colcon.colcon_core.package_identification:_identify(src/base_tongxun_s) by extensions ['ros']
[0.602s] Level 1:colcon.colcon_core.package_identification:_identify(src/base_tongxun_s) by extension 'ros'
[0.607s] DEBUG:colcon.colcon_core.package_identification:Package 'src/base_tongxun_s' with type 'ros.ament_python' and name 'base_tongxun_s'
[0.609s] Level 1:colcon.colcon_core.package_identification:_identify(src/build) by extensions ['ignore', 'ignore_ament_install']
[0.609s] Level 1:colcon.colcon_core.package_identification:_identify(src/build) by extension 'ignore'
[0.609s] Level 1:colcon.colcon_core.package_identification:_identify(src/build) ignored
[0.609s] Level 1:colcon.colcon_core.package_identification:_identify(src/install) by extensions ['ignore', 'ignore_ament_install']
[0.609s] Level 1:colcon.colcon_core.package_identification:_identify(src/install) by extension 'ignore'
[0.609s] Level 1:colcon.colcon_core.package_identification:_identify(src/install) ignored
[0.609s] Level 1:colcon.colcon_core.package_identification:_identify(src/log) by extensions ['ignore', 'ignore_ament_install']
[0.609s] Level 1:colcon.colcon_core.package_identification:_identify(src/log) by extension 'ignore'
[0.609s] Level 1:colcon.colcon_core.package_identification:_identify(src/log) ignored
[0.610s] Level 1:colcon.colcon_core.package_identification:_identify(src/py01_topic) by extensions ['ignore', 'ignore_ament_install']
[0.610s] Level 1:colcon.colcon_core.package_identification:_identify(src/py01_topic) by extension 'ignore'
[0.612s] Level 1:colcon.colcon_core.package_identification:_identify(src/py01_topic) by extension 'ignore_ament_install'
[0.612s] Level 1:colcon.colcon_core.package_identification:_identify(src/py01_topic) by extensions ['colcon_pkg']
[0.612s] Level 1:colcon.colcon_core.package_identification:_identify(src/py01_topic) by extension 'colcon_pkg'
[0.612s] Level 1:colcon.colcon_core.package_identification:_identify(src/py01_topic) by extensions ['colcon_meta']
[0.612s] Level 1:colcon.colcon_core.package_identification:_identify(src/py01_topic) by extension 'colcon_meta'
[0.612s] Level 1:colcon.colcon_core.package_identification:_identify(src/py01_topic) by extensions ['ros']
[0.612s] Level 1:colcon.colcon_core.package_identification:_identify(src/py01_topic) by extension 'ros'
[0.614s] DEBUG:colcon.colcon_core.package_identification:Package 'src/py01_topic' with type 'ros.ament_python' and name 'py01_topic'
[0.614s] Level 1:colcon.colcon_core.package_identification:_identify(src/py02_service) by extensions ['ignore', 'ignore_ament_install']
[0.614s] Level 1:colcon.colcon_core.package_identification:_identify(src/py02_service) by extension 'ignore'
[0.614s] Level 1:colcon.colcon_core.package_identification:_identify(src/py02_service) by extension 'ignore_ament_install'
[0.614s] Level 1:colcon.colcon_core.package_identification:_identify(src/py02_service) by extensions ['colcon_pkg']
[0.615s] Level 1:colcon.colcon_core.package_identification:_identify(src/py02_service) by extension 'colcon_pkg'
[0.615s] Level 1:colcon.colcon_core.package_identification:_identify(src/py02_service) by extensions ['colcon_meta']
[0.617s] Level 1:colcon.colcon_core.package_identification:_identify(src/py02_service) by extension 'colcon_meta'
[0.617s] Level 1:colcon.colcon_core.package_identification:_identify(src/py02_service) by extensions ['ros']
[0.619s] Level 1:colcon.colcon_core.package_identification:_identify(src/py02_service) by extension 'ros'
[0.620s] DEBUG:colcon.colcon_core.package_identification:Package 'src/py02_service' with type 'ros.ament_python' and name 'py02_service'
[0.620s] Level 1:colcon.colcon_core.package_identification:_identify(src/py02_service_my) by extensions ['ignore', 'ignore_ament_install']
[0.620s] Level 1:colcon.colcon_core.package_identification:_identify(src/py02_service_my) by extension 'ignore'
[0.620s] Level 1:colcon.colcon_core.package_identification:_identify(src/py02_service_my) by extension 'ignore_ament_install'
[0.620s] Level 1:colcon.colcon_core.package_identification:_identify(src/py02_service_my) by extensions ['colcon_pkg']
[0.620s] Level 1:colcon.colcon_core.package_identification:_identify(src/py02_service_my) by extension 'colcon_pkg'
[0.620s] Level 1:colcon.colcon_core.package_identification:_identify(src/py02_service_my) by extensions ['colcon_meta']
[0.620s] Level 1:colcon.colcon_core.package_identification:_identify(src/py02_service_my) by extension 'colcon_meta'
[0.620s] Level 1:colcon.colcon_core.package_identification:_identify(src/py02_service_my) by extensions ['ros']
[0.620s] Level 1:colcon.colcon_core.package_identification:_identify(src/py02_service_my) by extension 'ros'
[0.623s] DEBUG:colcon.colcon_core.package_identification:Package 'src/py02_service_my' with type 'ros.ament_python' and name 'py02_service_my'
[0.624s] Level 1:colcon.colcon_core.package_identification:_identify(src/py03_acton) by extensions ['ignore', 'ignore_ament_install']
[0.624s] Level 1:colcon.colcon_core.package_identification:_identify(src/py03_acton) by extension 'ignore'
[0.624s] Level 1:colcon.colcon_core.package_identification:_identify(src/py03_acton) by extension 'ignore_ament_install'
[0.624s] Level 1:colcon.colcon_core.package_identification:_identify(src/py03_acton) by extensions ['colcon_pkg']
[0.624s] Level 1:colcon.colcon_core.package_identification:_identify(src/py03_acton) by extension 'colcon_pkg'
[0.624s] Level 1:colcon.colcon_core.package_identification:_identify(src/py03_acton) by extensions ['colcon_meta']
[0.624s] Level 1:colcon.colcon_core.package_identification:_identify(src/py03_acton) by extension 'colcon_meta'
[0.624s] Level 1:colcon.colcon_core.package_identification:_identify(src/py03_acton) by extensions ['ros']
[0.624s] Level 1:colcon.colcon_core.package_identification:_identify(src/py03_acton) by extension 'ros'
[0.627s] DEBUG:colcon.colcon_core.package_identification:Package 'src/py03_acton' with type 'ros.ament_python' and name 'py03_acton'
[0.627s] Level 1:colcon.colcon_core.package_identification:_identify(src/py04_param) by extensions ['ignore', 'ignore_ament_install']
[0.628s] Level 1:colcon.colcon_core.package_identification:_identify(src/py04_param) by extension 'ignore'
[0.628s] Level 1:colcon.colcon_core.package_identification:_identify(src/py04_param) by extension 'ignore_ament_install'
[0.628s] Level 1:colcon.colcon_core.package_identification:_identify(src/py04_param) by extensions ['colcon_pkg']
[0.628s] Level 1:colcon.colcon_core.package_identification:_identify(src/py04_param) by extension 'colcon_pkg'
[0.628s] Level 1:colcon.colcon_core.package_identification:_identify(src/py04_param) by extensions ['colcon_meta']
[0.628s] Level 1:colcon.colcon_core.package_identification:_identify(src/py04_param) by extension 'colcon_meta'
[0.628s] Level 1:colcon.colcon_core.package_identification:_identify(src/py04_param) by extensions ['ros']
[0.628s] Level 1:colcon.colcon_core.package_identification:_identify(src/py04_param) by extension 'ros'
[0.631s] DEBUG:colcon.colcon_core.package_identification:Package 'src/py04_param' with type 'ros.ament_python' and name 'py04_param'
[0.631s] Level 1:colcon.colcon_core.package_identification:_identify(src/py05_time) by extensions ['ignore', 'ignore_ament_install']
[0.631s] Level 1:colcon.colcon_core.package_identification:_identify(src/py05_time) by extension 'ignore'
[0.631s] Level 1:colcon.colcon_core.package_identification:_identify(src/py05_time) by extension 'ignore_ament_install'
[0.631s] Level 1:colcon.colcon_core.package_identification:_identify(src/py05_time) by extensions ['colcon_pkg']
[0.631s] Level 1:colcon.colcon_core.package_identification:_identify(src/py05_time) by extension 'colcon_pkg'
[0.632s] Level 1:colcon.colcon_core.package_identification:_identify(src/py05_time) by extensions ['colcon_meta']
[0.632s] Level 1:colcon.colcon_core.package_identification:_identify(src/py05_time) by extension 'colcon_meta'
[0.632s] Level 1:colcon.colcon_core.package_identification:_identify(src/py05_time) by extensions ['ros']
[0.632s] Level 1:colcon.colcon_core.package_identification:_identify(src/py05_time) by extension 'ros'
[0.633s] DEBUG:colcon.colcon_core.package_identification:Package 'src/py05_time' with type 'ros.ament_python' and name 'py05_time'
[0.633s] Level 1:colcon.colcon_core.package_identification:_identify(src/py06_lianxi) by extensions ['ignore', 'ignore_ament_install']
[0.633s] Level 1:colcon.colcon_core.package_identification:_identify(src/py06_lianxi) by extension 'ignore'
[0.633s] Level 1:colcon.colcon_core.package_identification:_identify(src/py06_lianxi) by extension 'ignore_ament_install'
[0.633s] Level 1:colcon.colcon_core.package_identification:_identify(src/py06_lianxi) by extensions ['colcon_pkg']
[0.633s] Level 1:colcon.colcon_core.package_identification:_identify(src/py06_lianxi) by extension 'colcon_pkg'
[0.633s] Level 1:colcon.colcon_core.package_identification:_identify(src/py06_lianxi) by extensions ['colcon_meta']
[0.633s] Level 1:colcon.colcon_core.package_identification:_identify(src/py06_lianxi) by extension 'colcon_meta'
[0.633s] Level 1:colcon.colcon_core.package_identification:_identify(src/py06_lianxi) by extensions ['ros']
[0.633s] Level 1:colcon.colcon_core.package_identification:_identify(src/py06_lianxi) by extension 'ros'
[0.636s] DEBUG:colcon.colcon_core.package_identification:Package 'src/py06_lianxi' with type 'ros.ament_python' and name 'py06_lianxi'
[0.636s] Level 1:colcon.colcon_core.package_identification:_identify(src/student_interfaces) by extensions ['ignore', 'ignore_ament_install']
[0.636s] Level 1:colcon.colcon_core.package_identification:_identify(src/student_interfaces) by extension 'ignore'
[0.636s] Level 1:colcon.colcon_core.package_identification:_identify(src/student_interfaces) by extension 'ignore_ament_install'
[0.636s] Level 1:colcon.colcon_core.package_identification:_identify(src/student_interfaces) by extensions ['colcon_pkg']
[0.636s] Level 1:colcon.colcon_core.package_identification:_identify(src/student_interfaces) by extension 'colcon_pkg'
[0.636s] Level 1:colcon.colcon_core.package_identification:_identify(src/student_interfaces) by extensions ['colcon_meta']
[0.637s] Level 1:colcon.colcon_core.package_identification:_identify(src/student_interfaces) by extension 'colcon_meta'
[0.637s] Level 1:colcon.colcon_core.package_identification:_identify(src/student_interfaces) by extensions ['ros']
[0.637s] Level 1:colcon.colcon_core.package_identification:_identify(src/student_interfaces) by extension 'ros'
[0.637s] DEBUG:colcon.colcon_core.package_identification:Package 'src/student_interfaces' with type 'ros.ament_cmake' and name 'student_interfaces'
[0.637s] Level 1:colcon.colcon_core.package_discovery:discover_packages(recursive) using defaults
[0.640s] Level 1:colcon.colcon_core.package_discovery:discover_packages(ignore) discover
[0.640s] Level 1:colcon.colcon_core.package_discovery:discover_packages(ignore) using defaults
[0.640s] Level 1:colcon.colcon_core.package_discovery:discover_packages(path) discover
[0.640s] Level 1:colcon.colcon_core.package_discovery:discover_packages(path) using defaults
[0.741s] Level 1:colcon.colcon_core.package_discovery:discover_packages(prefix_path) check parameters
[0.741s] Level 1:colcon.colcon_core.package_discovery:discover_packages(prefix_path) discover
[0.754s] DEBUG:colcon.colcon_installed_package_information.package_discovery:Found 9 installed packages in /home/huangbo/ros2_learn/tongxun_learn/install
[0.765s] DEBUG:colcon.colcon_installed_package_information.package_discovery:Found 287 installed packages in /opt/ros/jazzy
[0.767s] Level 1:colcon.colcon_core.package_discovery:discover_packages(prefix_path) using defaults
[0.935s] Level 5:colcon.colcon_core.verb:set package 'base_tongxun_s' build argument 'cmake_args' from command line to 'None'
[0.938s] Level 5:colcon.colcon_core.verb:set package 'base_tongxun_s' build argument 'cmake_target' from command line to 'None'
[0.938s] Level 5:colcon.colcon_core.verb:set package 'base_tongxun_s' build argument 'cmake_target_skip_unavailable' from command line to 'False'
[0.938s] Level 5:colcon.colcon_core.verb:set package 'base_tongxun_s' build argument 'cmake_clean_cache' from command line to 'False'
[0.938s] Level 5:colcon.colcon_core.verb:set package 'base_tongxun_s' build argument 'cmake_clean_first' from command line to 'False'
[0.938s] Level 5:colcon.colcon_core.verb:set package 'base_tongxun_s' build argument 'cmake_force_configure' from command line to 'False'
[0.938s] Level 5:colcon.colcon_core.verb:set package 'base_tongxun_s' build argument 'ament_cmake_args' from command line to 'None'
[0.938s] Level 5:colcon.colcon_core.verb:set package 'base_tongxun_s' build argument 'catkin_cmake_args' from command line to 'None'
[0.938s] Level 5:colcon.colcon_core.verb:set package 'base_tongxun_s' build argument 'catkin_skip_building_tests' from command line to 'False'
[0.938s] DEBUG:colcon.colcon_core.verb:Building package 'base_tongxun_s' with the following arguments: {'ament_cmake_args': None, 'build_base': '/home/huangbo/ros2_learn/tongxun_learn/build/base_tongxun_s', 'catkin_cmake_args': None, 'catkin_skip_building_tests': False, 'cmake_args': None, 'cmake_clean_cache': False, 'cmake_clean_first': False, 'cmake_force_configure': False, 'cmake_target': None, 'cmake_target_skip_unavailable': False, 'install_base': '/home/huangbo/ros2_learn/tongxun_learn/install/base_tongxun_s', 'merge_install': False, 'path': '/home/huangbo/ros2_learn/tongxun_learn/src/base_tongxun_s', 'symlink_install': False, 'test_result_base': None}
[0.938s] Level 5:colcon.colcon_core.verb:set package 'py02_service' build argument 'cmake_args' from command line to 'None'
[0.938s] Level 5:colcon.colcon_core.verb:set package 'py02_service' build argument 'cmake_target' from command line to 'None'
[0.938s] Level 5:colcon.colcon_core.verb:set package 'py02_service' build argument 'cmake_target_skip_unavailable' from command line to 'False'
[0.938s] Level 5:colcon.colcon_core.verb:set package 'py02_service' build argument 'cmake_clean_cache' from command line to 'False'
[0.938s] Level 5:colcon.colcon_core.verb:set package 'py02_service' build argument 'cmake_clean_first' from command line to 'False'
[0.938s] Level 5:colcon.colcon_core.verb:set package 'py02_service' build argument 'cmake_force_configure' from command line to 'False'
[0.938s] Level 5:colcon.colcon_core.verb:set package 'py02_service' build argument 'ament_cmake_args' from command line to 'None'
[0.938s] Level 5:colcon.colcon_core.verb:set package 'py02_service' build argument 'catkin_cmake_args' from command line to 'None'
[0.938s] Level 5:colcon.colcon_core.verb:set package 'py02_service' build argument 'catkin_skip_building_tests' from command line to 'False'
[0.938s] DEBUG:colcon.colcon_core.verb:Building package 'py02_service' with the following arguments: {'ament_cmake_args': None, 'build_base': '/home/huangbo/ros2_learn/tongxun_learn/build/py02_service', 'catkin_cmake_args': None, 'catkin_skip_building_tests': False, 'cmake_args': None, 'cmake_clean_cache': False, 'cmake_clean_first': False, 'cmake_force_configure': False, 'cmake_target': None, 'cmake_target_skip_unavailable': False, 'install_base': '/home/huangbo/ros2_learn/tongxun_learn/install/py02_service', 'merge_install': False, 'path': '/home/huangbo/ros2_learn/tongxun_learn/src/py02_service', 'symlink_install': False, 'test_result_base': None}
[0.939s] Level 5:colcon.colcon_core.verb:set package 'py02_service_my' build argument 'cmake_args' from command line to 'None'
[0.939s] Level 5:colcon.colcon_core.verb:set package 'py02_service_my' build argument 'cmake_target' from command line to 'None'
[0.939s] Level 5:colcon.colcon_core.verb:set package 'py02_service_my' build argument 'cmake_target_skip_unavailable' from command line to 'False'
[0.939s] Level 5:colcon.colcon_core.verb:set package 'py02_service_my' build argument 'cmake_clean_cache' from command line to 'False'
[0.939s] Level 5:colcon.colcon_core.verb:set package 'py02_service_my' build argument 'cmake_clean_first' from command line to 'False'
[0.939s] Level 5:colcon.colcon_core.verb:set package 'py02_service_my' build argument 'cmake_force_configure' from command line to 'False'
[0.939s] Level 5:colcon.colcon_core.verb:set package 'py02_service_my' build argument 'ament_cmake_args' from command line to 'None'
[0.939s] Level 5:colcon.colcon_core.verb:set package 'py02_service_my' build argument 'catkin_cmake_args' from command line to 'None'
[0.939s] Level 5:colcon.colcon_core.verb:set package 'py02_service_my' build argument 'catkin_skip_building_tests' from command line to 'False'
[0.939s] DEBUG:colcon.colcon_core.verb:Building package 'py02_service_my' with the following arguments: {'ament_cmake_args': None, 'build_base': '/home/huangbo/ros2_learn/tongxun_learn/build/py02_service_my', 'catkin_cmake_args': None, 'catkin_skip_building_tests': False, 'cmake_args': None, 'cmake_clean_cache': False, 'cmake_clean_first': False, 'cmake_force_configure': False, 'cmake_target': None, 'cmake_target_skip_unavailable': False, 'install_base': '/home/huangbo/ros2_learn/tongxun_learn/install/py02_service_my', 'merge_install': False, 'path': '/home/huangbo/ros2_learn/tongxun_learn/src/py02_service_my', 'symlink_install': False, 'test_result_base': None}
[0.939s] Level 5:colcon.colcon_core.verb:set package 'py04_param' build argument 'cmake_args' from command line to 'None'
[0.939s] Level 5:colcon.colcon_core.verb:set package 'py04_param' build argument 'cmake_target' from command line to 'None'
[0.939s] Level 5:colcon.colcon_core.verb:set package 'py04_param' build argument 'cmake_target_skip_unavailable' from command line to 'False'
[0.939s] Level 5:colcon.colcon_core.verb:set package 'py04_param' build argument 'cmake_clean_cache' from command line to 'False'
[0.939s] Level 5:colcon.colcon_core.verb:set package 'py04_param' build argument 'cmake_clean_first' from command line to 'False'
[0.939s] Level 5:colcon.colcon_core.verb:set package 'py04_param' build argument 'cmake_force_configure' from command line to 'False'
[0.939s] Level 5:colcon.colcon_core.verb:set package 'py04_param' build argument 'ament_cmake_args' from command line to 'None'
[0.939s] Level 5:colcon.colcon_core.verb:set package 'py04_param' build argument 'catkin_cmake_args' from command line to 'None'
[0.939s] Level 5:colcon.colcon_core.verb:set package 'py04_param' build argument 'catkin_skip_building_tests' from command line to 'False'
[0.940s] DEBUG:colcon.colcon_core.verb:Building package 'py04_param' with the following arguments: {'ament_cmake_args': None, 'build_base': '/home/huangbo/ros2_learn/tongxun_learn/build/py04_param', 'catkin_cmake_args': None, 'catkin_skip_building_tests': False, 'cmake_args': None, 'cmake_clean_cache': False, 'cmake_clean_first': False, 'cmake_force_configure': False, 'cmake_target': None, 'cmake_target_skip_unavailable': False, 'install_base': '/home/huangbo/ros2_learn/tongxun_learn/install/py04_param', 'merge_install': False, 'path': '/home/huangbo/ros2_learn/tongxun_learn/src/py04_param', 'symlink_install': False, 'test_result_base': None}
[0.940s] Level 5:colcon.colcon_core.verb:set package 'py05_time' build argument 'cmake_args' from command line to 'None'
[0.940s] Level 5:colcon.colcon_core.verb:set package 'py05_time' build argument 'cmake_target' from command line to 'None'
[0.940s] Level 5:colcon.colcon_core.verb:set package 'py05_time' build argument 'cmake_target_skip_unavailable' from command line to 'False'
[0.940s] Level 5:colcon.colcon_core.verb:set package 'py05_time' build argument 'cmake_clean_cache' from command line to 'False'
[0.940s] Level 5:colcon.colcon_core.verb:set package 'py05_time' build argument 'cmake_clean_first' from command line to 'False'
[0.940s] Level 5:colcon.colcon_core.verb:set package 'py05_time' build argument 'cmake_force_configure' from command line to 'False'
[0.940s] Level 5:colcon.colcon_core.verb:set package 'py05_time' build argument 'ament_cmake_args' from command line to 'None'
[0.940s] Level 5:colcon.colcon_core.verb:set package 'py05_time' build argument 'catkin_cmake_args' from command line to 'None'
[0.940s] Level 5:colcon.colcon_core.verb:set package 'py05_time' build argument 'catkin_skip_building_tests' from command line to 'False'
[0.940s] DEBUG:colcon.colcon_core.verb:Building package 'py05_time' with the following arguments: {'ament_cmake_args': None, 'build_base': '/home/huangbo/ros2_learn/tongxun_learn/build/py05_time', 'catkin_cmake_args': None, 'catkin_skip_building_tests': False, 'cmake_args': None, 'cmake_clean_cache': False, 'cmake_clean_first': False, 'cmake_force_configure': False, 'cmake_target': None, 'cmake_target_skip_unavailable': False, 'install_base': '/home/huangbo/ros2_learn/tongxun_learn/install/py05_time', 'merge_install': False, 'path': '/home/huangbo/ros2_learn/tongxun_learn/src/py05_time', 'symlink_install': False, 'test_result_base': None}
[0.940s] Level 5:colcon.colcon_core.verb:set package 'py06_lianxi' build argument 'cmake_args' from command line to 'None'
[0.940s] Level 5:colcon.colcon_core.verb:set package 'py06_lianxi' build argument 'cmake_target' from command line to 'None'
[0.940s] Level 5:colcon.colcon_core.verb:set package 'py06_lianxi' build argument 'cmake_target_skip_unavailable' from command line to 'False'
[0.940s] Level 5:colcon.colcon_core.verb:set package 'py06_lianxi' build argument 'cmake_clean_cache' from command line to 'False'
[0.940s] Level 5:colcon.colcon_core.verb:set package 'py06_lianxi' build argument 'cmake_clean_first' from command line to 'False'
[0.940s] Level 5:colcon.colcon_core.verb:set package 'py06_lianxi' build argument 'cmake_force_configure' from command line to 'False'
[0.940s] Level 5:colcon.colcon_core.verb:set package 'py06_lianxi' build argument 'ament_cmake_args' from command line to 'None'
[0.940s] Level 5:colcon.colcon_core.verb:set package 'py06_lianxi' build argument 'catkin_cmake_args' from command line to 'None'
[0.940s] Level 5:colcon.colcon_core.verb:set package 'py06_lianxi' build argument 'catkin_skip_building_tests' from command line to 'False'
[0.940s] DEBUG:colcon.colcon_core.verb:Building package 'py06_lianxi' with the following arguments: {'ament_cmake_args': None, 'build_base': '/home/huangbo/ros2_learn/tongxun_learn/build/py06_lianxi', 'catkin_cmake_args': None, 'catkin_skip_building_tests': False, 'cmake_args': None, 'cmake_clean_cache': False, 'cmake_clean_first': False, 'cmake_force_configure': False, 'cmake_target': None, 'cmake_target_skip_unavailable': False, 'install_base': '/home/huangbo/ros2_learn/tongxun_learn/install/py06_lianxi', 'merge_install': False, 'path': '/home/huangbo/ros2_learn/tongxun_learn/src/py06_lianxi', 'symlink_install': False, 'test_result_base': None}
[0.941s] Level 5:colcon.colcon_core.verb:set package 'student_interfaces' build argument 'cmake_args' from command line to 'None'
[0.941s] Level 5:colcon.colcon_core.verb:set package 'student_interfaces' build argument 'cmake_target' from command line to 'None'
[0.941s] Level 5:colcon.colcon_core.verb:set package 'student_interfaces' build argument 'cmake_target_skip_unavailable' from command line to 'False'
[0.941s] Level 5:colcon.colcon_core.verb:set package 'student_interfaces' build argument 'cmake_clean_cache' from command line to 'False'
[0.941s] Level 5:colcon.colcon_core.verb:set package 'student_interfaces' build argument 'cmake_clean_first' from command line to 'False'
[0.943s] Level 5:colcon.colcon_core.verb:set package 'student_interfaces' build argument 'cmake_force_configure' from command line to 'False'
[0.943s] Level 5:colcon.colcon_core.verb:set package 'student_interfaces' build argument 'ament_cmake_args' from command line to 'None'
[0.943s] Level 5:colcon.colcon_core.verb:set package 'student_interfaces' build argument 'catkin_cmake_args' from command line to 'None'
[0.943s] Level 5:colcon.colcon_core.verb:set package 'student_interfaces' build argument 'catkin_skip_building_tests' from command line to 'False'
[0.943s] DEBUG:colcon.colcon_core.verb:Building package 'student_interfaces' with the following arguments: {'ament_cmake_args': None, 'build_base': '/home/huangbo/ros2_learn/tongxun_learn/build/student_interfaces', 'catkin_cmake_args': None, 'catkin_skip_building_tests': False, 'cmake_args': None, 'cmake_clean_cache': False, 'cmake_clean_first': False, 'cmake_force_configure': False, 'cmake_target': None, 'cmake_target_skip_unavailable': False, 'install_base': '/home/huangbo/ros2_learn/tongxun_learn/install/student_interfaces', 'merge_install': False, 'path': '/home/huangbo/ros2_learn/tongxun_learn/src/student_interfaces', 'symlink_install': False, 'test_result_base': None}
[0.943s] Level 5:colcon.colcon_core.verb:set package 'py01_topic' build argument 'cmake_args' from command line to 'None'
[0.943s] Level 5:colcon.colcon_core.verb:set package 'py01_topic' build argument 'cmake_target' from command line to 'None'
[0.943s] Level 5:colcon.colcon_core.verb:set package 'py01_topic' build argument 'cmake_target_skip_unavailable' from command line to 'False'
[0.943s] Level 5:colcon.colcon_core.verb:set package 'py01_topic' build argument 'cmake_clean_cache' from command line to 'False'
[0.943s] Level 5:colcon.colcon_core.verb:set package 'py01_topic' build argument 'cmake_clean_first' from command line to 'False'
[0.943s] Level 5:colcon.colcon_core.verb:set package 'py01_topic' build argument 'cmake_force_configure' from command line to 'False'
[0.943s] Level 5:colcon.colcon_core.verb:set package 'py01_topic' build argument 'ament_cmake_args' from command line to 'None'
[0.943s] Level 5:colcon.colcon_core.verb:set package 'py01_topic' build argument 'catkin_cmake_args' from command line to 'None'
[0.943s] Level 5:colcon.colcon_core.verb:set package 'py01_topic' build argument 'catkin_skip_building_tests' from command line to 'False'
[0.943s] DEBUG:colcon.colcon_core.verb:Building package 'py01_topic' with the following arguments: {'ament_cmake_args': None, 'build_base': '/home/huangbo/ros2_learn/tongxun_learn/build/py01_topic', 'catkin_cmake_args': None, 'catkin_skip_building_tests': False, 'cmake_args': None, 'cmake_clean_cache': False, 'cmake_clean_first': False, 'cmake_force_configure': False, 'cmake_target': None, 'cmake_target_skip_unavailable': False, 'install_base': '/home/huangbo/ros2_learn/tongxun_learn/install/py01_topic', 'merge_install': False, 'path': '/home/huangbo/ros2_learn/tongxun_learn/src/py01_topic', 'symlink_install': False, 'test_result_base': None}
[0.943s] Level 5:colcon.colcon_core.verb:set package 'py03_acton' build argument 'cmake_args' from command line to 'None'
[0.944s] Level 5:colcon.colcon_core.verb:set package 'py03_acton' build argument 'cmake_target' from command line to 'None'
[0.944s] Level 5:colcon.colcon_core.verb:set package 'py03_acton' build argument 'cmake_target_skip_unavailable' from command line to 'False'
[0.944s] Level 5:colcon.colcon_core.verb:set package 'py03_acton' build argument 'cmake_clean_cache' from command line to 'False'
[0.944s] Level 5:colcon.colcon_core.verb:set package 'py03_acton' build argument 'cmake_clean_first' from command line to 'False'
[0.944s] Level 5:colcon.colcon_core.verb:set package 'py03_acton' build argument 'cmake_force_configure' from command line to 'False'
[0.944s] Level 5:colcon.colcon_core.verb:set package 'py03_acton' build argument 'ament_cmake_args' from command line to 'None'
[0.944s] Level 5:colcon.colcon_core.verb:set package 'py03_acton' build argument 'catkin_cmake_args' from command line to 'None'
[0.944s] Level 5:colcon.colcon_core.verb:set package 'py03_acton' build argument 'catkin_skip_building_tests' from command line to 'False'
[0.944s] DEBUG:colcon.colcon_core.verb:Building package 'py03_acton' with the following arguments: {'ament_cmake_args': None, 'build_base': '/home/huangbo/ros2_learn/tongxun_learn/build/py03_acton', 'catkin_cmake_args': None, 'catkin_skip_building_tests': False, 'cmake_args': None, 'cmake_clean_cache': False, 'cmake_clean_first': False, 'cmake_force_configure': False, 'cmake_target': None, 'cmake_target_skip_unavailable': False, 'install_base': '/home/huangbo/ros2_learn/tongxun_learn/install/py03_acton', 'merge_install': False, 'path': '/home/huangbo/ros2_learn/tongxun_learn/src/py03_acton', 'symlink_install': False, 'test_result_base': None}
[0.944s] INFO:colcon.colcon_core.executor:Executing jobs using 'parallel' executor
[0.949s] DEBUG:colcon.colcon_parallel_executor.executor.parallel:run_until_complete
[0.949s] INFO:colcon.colcon_ros.task.ament_cmake.build:Building ROS package in '/home/huangbo/ros2_learn/tongxun_learn/src/student_interfaces' with build type 'ament_cmake'
[0.949s] INFO:colcon.colcon_cmake.task.cmake.build:Building CMake package in '/home/huangbo/ros2_learn/tongxun_learn/src/student_interfaces'
[0.957s] INFO:colcon.colcon_core.plugin_system:Skipping extension 'colcon_core.shell.bat': Not used on non-Windows systems
[0.958s] INFO:colcon.colcon_core.shell:Skip shell extension 'powershell' for command environment: Not usable outside of PowerShell
[0.958s] DEBUG:colcon.colcon_core.shell:Skip shell extension 'dsv' for command environment
[0.969s] INFO:colcon.colcon_ros.task.ament_python.build:Building ROS package in '/home/huangbo/ros2_learn/tongxun_learn/src/base_tongxun_s' with build type 'ament_python'
[0.970s] Level 1:colcon.colcon_core.shell:create_environment_hook('base_tongxun_s', 'ament_prefix_path')
[0.970s] INFO:colcon.colcon_core.shell:Creating environment hook '/home/huangbo/ros2_learn/tongxun_learn/install/base_tongxun_s/share/base_tongxun_s/hook/ament_prefix_path.ps1'
[0.972s] INFO:colcon.colcon_core.shell:Creating environment descriptor '/home/huangbo/ros2_learn/tongxun_learn/install/base_tongxun_s/share/base_tongxun_s/hook/ament_prefix_path.dsv'
[0.973s] INFO:colcon.colcon_core.shell:Creating environment hook '/home/huangbo/ros2_learn/tongxun_learn/install/base_tongxun_s/share/base_tongxun_s/hook/ament_prefix_path.sh'
[0.974s] INFO:colcon.colcon_core.shell:Skip shell extension 'powershell' for command environment: Not usable outside of PowerShell
[0.974s] DEBUG:colcon.colcon_core.shell:Skip shell extension 'dsv' for command environment
[0.986s] DEBUG:colcon.colcon_core.event_handler.log_command:Invoking command in '/home/huangbo/ros2_learn/tongxun_learn/build/student_interfaces': CMAKE_PREFIX_PATH=/home/huangbo/ros2_learn/tongxun_learn/install/py03_acton:/home/huangbo/ros2_learn/tongxun_learn/install/py01_topic:/home/huangbo/ros2_learn/tongxun_learn/install/py06_lianxi:/home/huangbo/ros2_learn/tongxun_learn/install/py05_time:/home/huangbo/ros2_learn/tongxun_learn/install/py04_param:/home/huangbo/ros2_learn/tongxun_learn/install/py02_service_my:/home/huangbo/ros2_learn/tongxun_learn/install/py02_service:/home/huangbo/ros2_learn/tongxun_learn/install/base_tongxun_s:/opt/ros/jazzy:${CMAKE_PREFIX_PATH} DEBUGINFOD_URLS=https://debuginfod.ubuntu.com /usr/bin/cmake --build /home/huangbo/ros2_learn/tongxun_learn/build/student_interfaces -- -j2 -l2
[1.439s] INFO:colcon.colcon_core.task.python.build:Building Python package in '/home/huangbo/ros2_learn/tongxun_learn/src/base_tongxun_s'
[1.440s] INFO:colcon.colcon_core.shell:Skip shell extension 'powershell' for command environment: Not usable outside of PowerShell
[1.440s] DEBUG:colcon.colcon_core.shell:Skip shell extension 'dsv' for command environment
[2.063s] DEBUG:colcon.colcon_core.event_handler.log_command:Invoked command in '/home/huangbo/ros2_learn/tongxun_learn/build/student_interfaces' returned '0': CMAKE_PREFIX_PATH=/home/huangbo/ros2_learn/tongxun_learn/install/py03_acton:/home/huangbo/ros2_learn/tongxun_learn/install/py01_topic:/home/huangbo/ros2_learn/tongxun_learn/install/py06_lianxi:/home/huangbo/ros2_learn/tongxun_learn/install/py05_time:/home/huangbo/ros2_learn/tongxun_learn/install/py04_param:/home/huangbo/ros2_learn/tongxun_learn/install/py02_service_my:/home/huangbo/ros2_learn/tongxun_learn/install/py02_service:/home/huangbo/ros2_learn/tongxun_learn/install/base_tongxun_s:/opt/ros/jazzy:${CMAKE_PREFIX_PATH} DEBUGINFOD_URLS=https://debuginfod.ubuntu.com /usr/bin/cmake --build /home/huangbo/ros2_learn/tongxun_learn/build/student_interfaces -- -j2 -l2
[2.095s] DEBUG:colcon.colcon_core.event_handler.log_command:Invoking command in '/home/huangbo/ros2_learn/tongxun_learn/build/student_interfaces': CMAKE_PREFIX_PATH=/home/huangbo/ros2_learn/tongxun_learn/install/py03_acton:/home/huangbo/ros2_learn/tongxun_learn/install/py01_topic:/home/huangbo/ros2_learn/tongxun_learn/install/py06_lianxi:/home/huangbo/ros2_learn/tongxun_learn/install/py05_time:/home/huangbo/ros2_learn/tongxun_learn/install/py04_param:/home/huangbo/ros2_learn/tongxun_learn/install/py02_service_my:/home/huangbo/ros2_learn/tongxun_learn/install/py02_service:/home/huangbo/ros2_learn/tongxun_learn/install/base_tongxun_s:/opt/ros/jazzy:${CMAKE_PREFIX_PATH} DEBUGINFOD_URLS=https://debuginfod.ubuntu.com /usr/bin/cmake --install /home/huangbo/ros2_learn/tongxun_learn/build/student_interfaces
[2.372s] Level 1:colcon.colcon_core.environment:create_environment_scripts_only(student_interfaces)
[2.376s] DEBUG:colcon.colcon_core.event_handler.log_command:Invoked command in '/home/huangbo/ros2_learn/tongxun_learn/build/student_interfaces' returned '0': CMAKE_PREFIX_PATH=/home/huangbo/ros2_learn/tongxun_learn/install/py03_acton:/home/huangbo/ros2_learn/tongxun_learn/install/py01_topic:/home/huangbo/ros2_learn/tongxun_learn/install/py06_lianxi:/home/huangbo/ros2_learn/tongxun_learn/install/py05_time:/home/huangbo/ros2_learn/tongxun_learn/install/py04_param:/home/huangbo/ros2_learn/tongxun_learn/install/py02_service_my:/home/huangbo/ros2_learn/tongxun_learn/install/py02_service:/home/huangbo/ros2_learn/tongxun_learn/install/base_tongxun_s:/opt/ros/jazzy:${CMAKE_PREFIX_PATH} DEBUGINFOD_URLS=https://debuginfod.ubuntu.com /usr/bin/cmake --install /home/huangbo/ros2_learn/tongxun_learn/build/student_interfaces
[2.394s] Level 1:colcon.colcon_core.environment:checking '/home/huangbo/ros2_learn/tongxun_learn/install/student_interfaces' for CMake module files
[2.395s] Level 1:colcon.colcon_core.environment:checking '/home/huangbo/ros2_learn/tongxun_learn/install/student_interfaces' for CMake config files
[2.400s] Level 1:colcon.colcon_core.shell:create_environment_hook('student_interfaces', 'cmake_prefix_path')
[2.402s] INFO:colcon.colcon_core.shell:Creating environment hook '/home/huangbo/ros2_learn/tongxun_learn/install/student_interfaces/share/student_interfaces/hook/cmake_prefix_path.ps1'
[2.405s] INFO:colcon.colcon_core.shell:Creating environment descriptor '/home/huangbo/ros2_learn/tongxun_learn/install/student_interfaces/share/student_interfaces/hook/cmake_prefix_path.dsv'
[2.409s] INFO:colcon.colcon_core.shell:Creating environment hook '/home/huangbo/ros2_learn/tongxun_learn/install/student_interfaces/share/student_interfaces/hook/cmake_prefix_path.sh'
[2.411s] Level 1:colcon.colcon_core.environment:checking '/home/huangbo/ros2_learn/tongxun_learn/install/student_interfaces/lib'
[2.413s] Level 1:colcon.colcon_core.shell:create_environment_hook('student_interfaces', 'ld_library_path_lib')
[2.414s] INFO:colcon.colcon_core.shell:Creating environment hook '/home/huangbo/ros2_learn/tongxun_learn/install/student_interfaces/share/student_interfaces/hook/ld_library_path_lib.ps1'
[2.418s] INFO:colcon.colcon_core.shell:Creating environment descriptor '/home/huangbo/ros2_learn/tongxun_learn/install/student_interfaces/share/student_interfaces/hook/ld_library_path_lib.dsv'
[2.419s] INFO:colcon.colcon_core.shell:Creating environment hook '/home/huangbo/ros2_learn/tongxun_learn/install/student_interfaces/share/student_interfaces/hook/ld_library_path_lib.sh'
[2.422s] Level 1:colcon.colcon_core.environment:checking '/home/huangbo/ros2_learn/tongxun_learn/install/student_interfaces/bin'
[2.423s] Level 1:colcon.colcon_core.environment:checking '/home/huangbo/ros2_learn/tongxun_learn/install/student_interfaces/lib/pkgconfig/student_interfaces.pc'
[2.423s] Level 1:colcon.colcon_core.environment:checking '/home/huangbo/ros2_learn/tongxun_learn/install/student_interfaces/lib/python3.12/site-packages'
[2.423s] Level 1:colcon.colcon_core.shell:create_environment_hook('student_interfaces', 'pythonpath')
[2.423s] INFO:colcon.colcon_core.shell:Creating environment hook '/home/huangbo/ros2_learn/tongxun_learn/install/student_interfaces/share/student_interfaces/hook/pythonpath.ps1'
[2.426s] INFO:colcon.colcon_core.shell:Creating environment descriptor '/home/huangbo/ros2_learn/tongxun_learn/install/student_interfaces/share/student_interfaces/hook/pythonpath.dsv'
[2.429s] INFO:colcon.colcon_core.shell:Creating environment hook '/home/huangbo/ros2_learn/tongxun_learn/install/student_interfaces/share/student_interfaces/hook/pythonpath.sh'
[2.433s] Level 1:colcon.colcon_core.environment:checking '/home/huangbo/ros2_learn/tongxun_learn/install/student_interfaces/bin'
[2.434s] INFO:colcon.colcon_core.shell:Creating package script '/home/huangbo/ros2_learn/tongxun_learn/install/student_interfaces/share/student_interfaces/package.ps1'
[2.441s] INFO:colcon.colcon_core.shell:Creating package descriptor '/home/huangbo/ros2_learn/tongxun_learn/install/student_interfaces/share/student_interfaces/package.dsv'
[2.444s] INFO:colcon.colcon_core.shell:Creating package script '/home/huangbo/ros2_learn/tongxun_learn/install/student_interfaces/share/student_interfaces/package.sh'
[2.450s] INFO:colcon.colcon_core.shell:Creating package script '/home/huangbo/ros2_learn/tongxun_learn/install/student_interfaces/share/student_interfaces/package.bash'
[2.452s] INFO:colcon.colcon_core.shell:Creating package script '/home/huangbo/ros2_learn/tongxun_learn/install/student_interfaces/share/student_interfaces/package.zsh'
[2.455s] Level 1:colcon.colcon_core.environment:create_file_with_runtime_dependencies(/home/huangbo/ros2_learn/tongxun_learn/install/student_interfaces/share/colcon-core/packages/student_interfaces)
[2.461s] Level 1:colcon.colcon_core.environment:create_environment_scripts_only(student_interfaces)
[2.461s] Level 1:colcon.colcon_core.environment:checking '/home/huangbo/ros2_learn/tongxun_learn/install/student_interfaces' for CMake module files
[2.465s] Level 1:colcon.colcon_core.environment:checking '/home/huangbo/ros2_learn/tongxun_learn/install/student_interfaces' for CMake config files
[2.468s] Level 1:colcon.colcon_core.shell:create_environment_hook('student_interfaces', 'cmake_prefix_path')
[2.469s] INFO:colcon.colcon_core.shell:Creating environment hook '/home/huangbo/ros2_learn/tongxun_learn/install/student_interfaces/share/student_interfaces/hook/cmake_prefix_path.ps1'
[2.472s] INFO:colcon.colcon_core.shell:Creating environment descriptor '/home/huangbo/ros2_learn/tongxun_learn/install/student_interfaces/share/student_interfaces/hook/cmake_prefix_path.dsv'
[2.474s] INFO:colcon.colcon_core.shell:Creating environment hook '/home/huangbo/ros2_learn/tongxun_learn/install/student_interfaces/share/student_interfaces/hook/cmake_prefix_path.sh'
[2.478s] Level 1:colcon.colcon_core.environment:checking '/home/huangbo/ros2_learn/tongxun_learn/install/student_interfaces/lib'
[2.478s] Level 1:colcon.colcon_core.shell:create_environment_hook('student_interfaces', 'ld_library_path_lib')
[2.481s] INFO:colcon.colcon_core.shell:Creating environment hook '/home/huangbo/ros2_learn/tongxun_learn/install/student_interfaces/share/student_interfaces/hook/ld_library_path_lib.ps1'
[2.485s] INFO:colcon.colcon_core.shell:Creating environment descriptor '/home/huangbo/ros2_learn/tongxun_learn/install/student_interfaces/share/student_interfaces/hook/ld_library_path_lib.dsv'
[2.487s] INFO:colcon.colcon_core.shell:Creating environment hook '/home/huangbo/ros2_learn/tongxun_learn/install/student_interfaces/share/student_interfaces/hook/ld_library_path_lib.sh'
[2.489s] Level 1:colcon.colcon_core.environment:checking '/home/huangbo/ros2_learn/tongxun_learn/install/student_interfaces/bin'
[2.489s] Level 1:colcon.colcon_core.environment:checking '/home/huangbo/ros2_learn/tongxun_learn/install/student_interfaces/lib/pkgconfig/student_interfaces.pc'
[2.490s] Level 1:colcon.colcon_core.environment:checking '/home/huangbo/ros2_learn/tongxun_learn/install/student_interfaces/lib/python3.12/site-packages'
[2.491s] Level 1:colcon.colcon_core.shell:create_environment_hook('student_interfaces', 'pythonpath')
[2.492s] INFO:colcon.colcon_core.shell:Creating environment hook '/home/huangbo/ros2_learn/tongxun_learn/install/student_interfaces/share/student_interfaces/hook/pythonpath.ps1'
[2.495s] INFO:colcon.colcon_core.shell:Creating environment descriptor '/home/huangbo/ros2_learn/tongxun_learn/install/student_interfaces/share/student_interfaces/hook/pythonpath.dsv'
[2.500s] INFO:colcon.colcon_core.shell:Creating environment hook '/home/huangbo/ros2_learn/tongxun_learn/install/student_interfaces/share/student_interfaces/hook/pythonpath.sh'
[2.503s] Level 1:colcon.colcon_core.environment:checking '/home/huangbo/ros2_learn/tongxun_learn/install/student_interfaces/bin'
[2.504s] INFO:colcon.colcon_core.shell:Creating package script '/home/huangbo/ros2_learn/tongxun_learn/install/student_interfaces/share/student_interfaces/package.ps1'
[2.508s] INFO:colcon.colcon_core.shell:Creating package descriptor '/home/huangbo/ros2_learn/tongxun_learn/install/student_interfaces/share/student_interfaces/package.dsv'
[2.510s] INFO:colcon.colcon_core.shell:Creating package script '/home/huangbo/ros2_learn/tongxun_learn/install/student_interfaces/share/student_interfaces/package.sh'
[2.513s] INFO:colcon.colcon_core.shell:Creating package script '/home/huangbo/ros2_learn/tongxun_learn/install/student_interfaces/share/student_interfaces/package.bash'
[2.515s] INFO:colcon.colcon_core.shell:Creating package script '/home/huangbo/ros2_learn/tongxun_learn/install/student_interfaces/share/student_interfaces/package.zsh'
[2.516s] Level 1:colcon.colcon_core.environment:create_file_with_runtime_dependencies(/home/huangbo/ros2_learn/tongxun_learn/install/student_interfaces/share/colcon-core/packages/student_interfaces)
[2.517s] INFO:colcon.colcon_ros.task.ament_python.build:Building ROS package in '/home/huangbo/ros2_learn/tongxun_learn/src/py02_service' with build type 'ament_python'
[2.518s] Level 1:colcon.colcon_core.shell:create_environment_hook('py02_service', 'ament_prefix_path')
[2.518s] INFO:colcon.colcon_core.shell:Creating environment hook '/home/huangbo/ros2_learn/tongxun_learn/install/py02_service/share/py02_service/hook/ament_prefix_path.ps1'
[2.521s] INFO:colcon.colcon_core.shell:Creating environment descriptor '/home/huangbo/ros2_learn/tongxun_learn/install/py02_service/share/py02_service/hook/ament_prefix_path.dsv'
[2.521s] INFO:colcon.colcon_core.shell:Creating environment hook '/home/huangbo/ros2_learn/tongxun_learn/install/py02_service/share/py02_service/hook/ament_prefix_path.sh'
[2.523s] INFO:colcon.colcon_core.shell:Skip shell extension 'powershell' for command environment: Not usable outside of PowerShell
[2.523s] DEBUG:colcon.colcon_core.shell:Skip shell extension 'dsv' for command environment
[3.160s] INFO:colcon.colcon_core.task.python.build:Building Python package in '/home/huangbo/ros2_learn/tongxun_learn/src/py02_service'
[3.160s] INFO:colcon.colcon_core.shell:Skip shell extension 'powershell' for command environment: Not usable outside of PowerShell
[3.163s] DEBUG:colcon.colcon_core.shell:Skip shell extension 'dsv' for command environment
[3.173s] DEBUG:colcon.colcon_core.task.python.build:Available setuptools commands: extract_messages, bdist_egg, build_py, setopt, upload, install_headers, bdist_dumb, init_catalog, bdist, register, check, update_catalog, build_ext, egg_info, sdist, install_lib, build, bdist_rpm, symlink_data, alias, install_egg_info, compile_catalog, install_scripts, clean, upload_docs, build_clib, install, editable_wheel, develop, dist_info, easy_install, rotate, install_data, saveopts, test, build_scripts
[3.181s] DEBUG:colcon.colcon_core.event_handler.log_command:Invoking command in '/home/huangbo/ros2_learn/tongxun_learn/src/base_tongxun_s': DEBUGINFOD_URLS=https://debuginfod.ubuntu.com PYTHONPATH=/home/huangbo/ros2_learn/tongxun_learn/build/base_tongxun_s/prefix_override:/usr/lib/python3/dist-packages/colcon_core/task/python/colcon_distutils_commands:/home/huangbo/ros2_learn/tongxun_learn/install/base_tongxun_s/lib/python3.12/site-packages:${PYTHONPATH} /usr/bin/python3 -W ignore:setup.py install is deprecated -W ignore:easy_install command is deprecated setup.py egg_info --egg-base ../../build/base_tongxun_s build --build-base /home/huangbo/ros2_learn/tongxun_learn/build/base_tongxun_s/build install --record /home/huangbo/ros2_learn/tongxun_learn/build/base_tongxun_s/install.log --install-scripts $base/lib/base_tongxun_s --single-version-externally-managed install_data
[4.779s] Level 1:colcon.colcon_core.environment:checking '/home/huangbo/ros2_learn/tongxun_learn/install/base_tongxun_s' for CMake module files
[4.780s] DEBUG:colcon.colcon_core.event_handler.log_command:Invoked command in '/home/huangbo/ros2_learn/tongxun_learn/src/base_tongxun_s' returned '0': DEBUGINFOD_URLS=https://debuginfod.ubuntu.com PYTHONPATH=/home/huangbo/ros2_learn/tongxun_learn/build/base_tongxun_s/prefix_override:/usr/lib/python3/dist-packages/colcon_core/task/python/colcon_distutils_commands:/home/huangbo/ros2_learn/tongxun_learn/install/base_tongxun_s/lib/python3.12/site-packages:${PYTHONPATH} /usr/bin/python3 -W ignore:setup.py install is deprecated -W ignore:easy_install command is deprecated setup.py egg_info --egg-base ../../build/base_tongxun_s build --build-base /home/huangbo/ros2_learn/tongxun_learn/build/base_tongxun_s/build install --record /home/huangbo/ros2_learn/tongxun_learn/build/base_tongxun_s/install.log --install-scripts $base/lib/base_tongxun_s --single-version-externally-managed install_data
[4.783s] Level 1:colcon.colcon_core.environment:checking '/home/huangbo/ros2_learn/tongxun_learn/install/base_tongxun_s' for CMake config files
[4.784s] Level 1:colcon.colcon_core.environment:checking '/home/huangbo/ros2_learn/tongxun_learn/install/base_tongxun_s/lib'
[4.784s] Level 1:colcon.colcon_core.environment:checking '/home/huangbo/ros2_learn/tongxun_learn/install/base_tongxun_s/bin'
[4.784s] Level 1:colcon.colcon_core.environment:checking '/home/huangbo/ros2_learn/tongxun_learn/install/base_tongxun_s/lib/pkgconfig/base_tongxun_s.pc'
[4.784s] Level 1:colcon.colcon_core.environment:checking '/home/huangbo/ros2_learn/tongxun_learn/install/base_tongxun_s/lib/python3.12/site-packages'
[4.784s] Level 1:colcon.colcon_core.shell:create_environment_hook('base_tongxun_s', 'pythonpath')
[4.784s] INFO:colcon.colcon_core.shell:Creating environment hook '/home/huangbo/ros2_learn/tongxun_learn/install/base_tongxun_s/share/base_tongxun_s/hook/pythonpath.ps1'
[4.785s] INFO:colcon.colcon_core.shell:Creating environment descriptor '/home/huangbo/ros2_learn/tongxun_learn/install/base_tongxun_s/share/base_tongxun_s/hook/pythonpath.dsv'
[4.789s] INFO:colcon.colcon_core.shell:Creating environment hook '/home/huangbo/ros2_learn/tongxun_learn/install/base_tongxun_s/share/base_tongxun_s/hook/pythonpath.sh'
[4.789s] Level 1:colcon.colcon_core.environment:checking '/home/huangbo/ros2_learn/tongxun_learn/install/base_tongxun_s/bin'
[4.790s] Level 1:colcon.colcon_core.environment:create_environment_scripts_only(base_tongxun_s)
[4.790s] INFO:colcon.colcon_core.shell:Creating package script '/home/huangbo/ros2_learn/tongxun_learn/install/base_tongxun_s/share/base_tongxun_s/package.ps1'
[4.791s] INFO:colcon.colcon_core.shell:Creating package descriptor '/home/huangbo/ros2_learn/tongxun_learn/install/base_tongxun_s/share/base_tongxun_s/package.dsv'
[4.794s] INFO:colcon.colcon_core.shell:Creating package script '/home/huangbo/ros2_learn/tongxun_learn/install/base_tongxun_s/share/base_tongxun_s/package.sh'
[4.797s] INFO:colcon.colcon_core.shell:Creating package script '/home/huangbo/ros2_learn/tongxun_learn/install/base_tongxun_s/share/base_tongxun_s/package.bash'
[4.798s] INFO:colcon.colcon_core.shell:Creating package script '/home/huangbo/ros2_learn/tongxun_learn/install/base_tongxun_s/share/base_tongxun_s/package.zsh'
[4.799s] Level 1:colcon.colcon_core.environment:create_file_with_runtime_dependencies(/home/huangbo/ros2_learn/tongxun_learn/install/base_tongxun_s/share/colcon-core/packages/base_tongxun_s)
[4.800s] INFO:colcon.colcon_ros.task.ament_python.build:Building ROS package in '/home/huangbo/ros2_learn/tongxun_learn/src/py02_service_my' with build type 'ament_python'
[4.800s] Level 1:colcon.colcon_core.shell:create_environment_hook('py02_service_my', 'ament_prefix_path')
[4.800s] INFO:colcon.colcon_core.shell:Creating environment hook '/home/huangbo/ros2_learn/tongxun_learn/install/py02_service_my/share/py02_service_my/hook/ament_prefix_path.ps1'
[4.805s] INFO:colcon.colcon_core.shell:Creating environment descriptor '/home/huangbo/ros2_learn/tongxun_learn/install/py02_service_my/share/py02_service_my/hook/ament_prefix_path.dsv'
[4.808s] INFO:colcon.colcon_core.shell:Creating environment hook '/home/huangbo/ros2_learn/tongxun_learn/install/py02_service_my/share/py02_service_my/hook/ament_prefix_path.sh'
[4.811s] INFO:colcon.colcon_core.shell:Skip shell extension 'powershell' for command environment: Not usable outside of PowerShell
[4.811s] DEBUG:colcon.colcon_core.shell:Skip shell extension 'dsv' for command environment
[5.247s] INFO:colcon.colcon_core.task.python.build:Building Python package in '/home/huangbo/ros2_learn/tongxun_learn/src/py02_service_my'
[5.248s] INFO:colcon.colcon_core.shell:Skip shell extension 'powershell' for command environment: Not usable outside of PowerShell
[5.248s] DEBUG:colcon.colcon_core.shell:Skip shell extension 'dsv' for command environment
[5.254s] DEBUG:colcon.colcon_core.task.python.build:Available setuptools commands: extract_messages, bdist_egg, build_py, setopt, upload, install_headers, bdist_dumb, init_catalog, bdist, register, check, update_catalog, build_ext, egg_info, sdist, install_lib, build, bdist_rpm, symlink_data, alias, install_egg_info, compile_catalog, install_scripts, clean, upload_docs, build_clib, install, editable_wheel, develop, dist_info, easy_install, rotate, install_data, saveopts, test, build_scripts
[5.256s] DEBUG:colcon.colcon_core.event_handler.log_command:Invoking command in '/home/huangbo/ros2_learn/tongxun_learn/src/py02_service': DEBUGINFOD_URLS=https://debuginfod.ubuntu.com PYTHONPATH=/home/huangbo/ros2_learn/tongxun_learn/build/py02_service/prefix_override:/usr/lib/python3/dist-packages/colcon_core/task/python/colcon_distutils_commands:/home/huangbo/ros2_learn/tongxun_learn/install/py02_service/lib/python3.12/site-packages:${PYTHONPATH} /usr/bin/python3 -W ignore:setup.py install is deprecated -W ignore:easy_install command is deprecated setup.py egg_info --egg-base ../../build/py02_service build --build-base /home/huangbo/ros2_learn/tongxun_learn/build/py02_service/build install --record /home/huangbo/ros2_learn/tongxun_learn/build/py02_service/install.log --install-scripts $base/lib/py02_service --single-version-externally-managed install_data
[5.912s] Level 1:colcon.colcon_core.environment:checking '/home/huangbo/ros2_learn/tongxun_learn/install/py02_service' for CMake module files
[5.913s] Level 1:colcon.colcon_core.environment:checking '/home/huangbo/ros2_learn/tongxun_learn/install/py02_service' for CMake config files
[5.913s] Level 1:colcon.colcon_core.environment:checking '/home/huangbo/ros2_learn/tongxun_learn/install/py02_service/lib'
[5.913s] Level 1:colcon.colcon_core.environment:checking '/home/huangbo/ros2_learn/tongxun_learn/install/py02_service/bin'
[5.913s] Level 1:colcon.colcon_core.environment:checking '/home/huangbo/ros2_learn/tongxun_learn/install/py02_service/lib/pkgconfig/py02_service.pc'
[5.914s] Level 1:colcon.colcon_core.environment:checking '/home/huangbo/ros2_learn/tongxun_learn/install/py02_service/lib/python3.12/site-packages'
[5.914s] DEBUG:colcon.colcon_core.event_handler.log_command:Invoked command in '/home/huangbo/ros2_learn/tongxun_learn/src/py02_service' returned '0': DEBUGINFOD_URLS=https://debuginfod.ubuntu.com PYTHONPATH=/home/huangbo/ros2_learn/tongxun_learn/build/py02_service/prefix_override:/usr/lib/python3/dist-packages/colcon_core/task/python/colcon_distutils_commands:/home/huangbo/ros2_learn/tongxun_learn/install/py02_service/lib/python3.12/site-packages:${PYTHONPATH} /usr/bin/python3 -W ignore:setup.py install is deprecated -W ignore:easy_install command is deprecated setup.py egg_info --egg-base ../../build/py02_service build --build-base /home/huangbo/ros2_learn/tongxun_learn/build/py02_service/build install --record /home/huangbo/ros2_learn/tongxun_learn/build/py02_service/install.log --install-scripts $base/lib/py02_service --single-version-externally-managed install_data
[5.915s] Level 1:colcon.colcon_core.shell:create_environment_hook('py02_service', 'pythonpath')
[5.915s] INFO:colcon.colcon_core.shell:Creating environment hook '/home/huangbo/ros2_learn/tongxun_learn/install/py02_service/share/py02_service/hook/pythonpath.ps1'
[5.917s] INFO:colcon.colcon_core.shell:Creating environment descriptor '/home/huangbo/ros2_learn/tongxun_learn/install/py02_service/share/py02_service/hook/pythonpath.dsv'
[5.918s] INFO:colcon.colcon_core.shell:Creating environment hook '/home/huangbo/ros2_learn/tongxun_learn/install/py02_service/share/py02_service/hook/pythonpath.sh'
[5.919s] Level 1:colcon.colcon_core.environment:checking '/home/huangbo/ros2_learn/tongxun_learn/install/py02_service/bin'
[5.920s] Level 1:colcon.colcon_core.environment:create_environment_scripts_only(py02_service)
[5.920s] INFO:colcon.colcon_core.shell:Creating package script '/home/huangbo/ros2_learn/tongxun_learn/install/py02_service/share/py02_service/package.ps1'
[5.922s] INFO:colcon.colcon_core.shell:Creating package descriptor '/home/huangbo/ros2_learn/tongxun_learn/install/py02_service/share/py02_service/package.dsv'
[5.923s] INFO:colcon.colcon_core.shell:Creating package script '/home/huangbo/ros2_learn/tongxun_learn/install/py02_service/share/py02_service/package.sh'
[5.924s] INFO:colcon.colcon_core.shell:Creating package script '/home/huangbo/ros2_learn/tongxun_learn/install/py02_service/share/py02_service/package.bash'
[5.925s] INFO:colcon.colcon_core.shell:Creating package script '/home/huangbo/ros2_learn/tongxun_learn/install/py02_service/share/py02_service/package.zsh'
[5.926s] Level 1:colcon.colcon_core.environment:create_file_with_runtime_dependencies(/home/huangbo/ros2_learn/tongxun_learn/install/py02_service/share/colcon-core/packages/py02_service)
[5.927s] INFO:colcon.colcon_ros.task.ament_python.build:Building ROS package in '/home/huangbo/ros2_learn/tongxun_learn/src/py04_param' with build type 'ament_python'
[5.927s] Level 1:colcon.colcon_core.shell:create_environment_hook('py04_param', 'ament_prefix_path')
[5.928s] INFO:colcon.colcon_core.shell:Creating environment hook '/home/huangbo/ros2_learn/tongxun_learn/install/py04_param/share/py04_param/hook/ament_prefix_path.ps1'
[5.930s] INFO:colcon.colcon_core.shell:Creating environment descriptor '/home/huangbo/ros2_learn/tongxun_learn/install/py04_param/share/py04_param/hook/ament_prefix_path.dsv'
[5.931s] INFO:colcon.colcon_core.shell:Creating environment hook '/home/huangbo/ros2_learn/tongxun_learn/install/py04_param/share/py04_param/hook/ament_prefix_path.sh'
[5.932s] INFO:colcon.colcon_core.shell:Skip shell extension 'powershell' for command environment: Not usable outside of PowerShell
[5.932s] DEBUG:colcon.colcon_core.shell:Skip shell extension 'dsv' for command environment
[6.265s] INFO:colcon.colcon_core.task.python.build:Building Python package in '/home/huangbo/ros2_learn/tongxun_learn/src/py04_param'
[6.265s] INFO:colcon.colcon_core.shell:Skip shell extension 'powershell' for command environment: Not usable outside of PowerShell
[6.265s] DEBUG:colcon.colcon_core.shell:Skip shell extension 'dsv' for command environment
[6.271s] DEBUG:colcon.colcon_core.task.python.build:Available setuptools commands: extract_messages, bdist_egg, build_py, setopt, upload, install_headers, bdist_dumb, init_catalog, bdist, register, check, update_catalog, build_ext, egg_info, sdist, install_lib, build, bdist_rpm, symlink_data, alias, install_egg_info, compile_catalog, install_scripts, clean, upload_docs, build_clib, install, editable_wheel, develop, dist_info, easy_install, rotate, install_data, saveopts, test, build_scripts
[6.273s] DEBUG:colcon.colcon_core.event_handler.log_command:Invoking command in '/home/huangbo/ros2_learn/tongxun_learn/src/py02_service_my': DEBUGINFOD_URLS=https://debuginfod.ubuntu.com PYTHONPATH=/home/huangbo/ros2_learn/tongxun_learn/build/py02_service_my/prefix_override:/usr/lib/python3/dist-packages/colcon_core/task/python/colcon_distutils_commands:/home/huangbo/ros2_learn/tongxun_learn/install/py02_service_my/lib/python3.12/site-packages:${PYTHONPATH} /usr/bin/python3 -W ignore:setup.py install is deprecated -W ignore:easy_install command is deprecated setup.py egg_info --egg-base ../../build/py02_service_my build --build-base /home/huangbo/ros2_learn/tongxun_learn/build/py02_service_my/build install --record /home/huangbo/ros2_learn/tongxun_learn/build/py02_service_my/install.log --install-scripts $base/lib/py02_service_my --single-version-externally-managed install_data
[7.035s] Level 1:colcon.colcon_core.environment:checking '/home/huangbo/ros2_learn/tongxun_learn/install/py02_service_my' for CMake module files
[7.036s] DEBUG:colcon.colcon_core.event_handler.log_command:Invoked command in '/home/huangbo/ros2_learn/tongxun_learn/src/py02_service_my' returned '0': DEBUGINFOD_URLS=https://debuginfod.ubuntu.com PYTHONPATH=/home/huangbo/ros2_learn/tongxun_learn/build/py02_service_my/prefix_override:/usr/lib/python3/dist-packages/colcon_core/task/python/colcon_distutils_commands:/home/huangbo/ros2_learn/tongxun_learn/install/py02_service_my/lib/python3.12/site-packages:${PYTHONPATH} /usr/bin/python3 -W ignore:setup.py install is deprecated -W ignore:easy_install command is deprecated setup.py egg_info --egg-base ../../build/py02_service_my build --build-base /home/huangbo/ros2_learn/tongxun_learn/build/py02_service_my/build install --record /home/huangbo/ros2_learn/tongxun_learn/build/py02_service_my/install.log --install-scripts $base/lib/py02_service_my --single-version-externally-managed install_data
[7.038s] Level 1:colcon.colcon_core.environment:checking '/home/huangbo/ros2_learn/tongxun_learn/install/py02_service_my' for CMake config files
[7.038s] Level 1:colcon.colcon_core.environment:checking '/home/huangbo/ros2_learn/tongxun_learn/install/py02_service_my/lib'
[7.038s] Level 1:colcon.colcon_core.environment:checking '/home/huangbo/ros2_learn/tongxun_learn/install/py02_service_my/bin'
[7.040s] Level 1:colcon.colcon_core.environment:checking '/home/huangbo/ros2_learn/tongxun_learn/install/py02_service_my/lib/pkgconfig/py02_service_my.pc'
[7.040s] Level 1:colcon.colcon_core.environment:checking '/home/huangbo/ros2_learn/tongxun_learn/install/py02_service_my/lib/python3.12/site-packages'
[7.041s] Level 1:colcon.colcon_core.shell:create_environment_hook('py02_service_my', 'pythonpath')
[7.041s] INFO:colcon.colcon_core.shell:Creating environment hook '/home/huangbo/ros2_learn/tongxun_learn/install/py02_service_my/share/py02_service_my/hook/pythonpath.ps1'
[7.048s] INFO:colcon.colcon_core.shell:Creating environment descriptor '/home/huangbo/ros2_learn/tongxun_learn/install/py02_service_my/share/py02_service_my/hook/pythonpath.dsv'
[7.051s] INFO:colcon.colcon_core.shell:Creating environment hook '/home/huangbo/ros2_learn/tongxun_learn/install/py02_service_my/share/py02_service_my/hook/pythonpath.sh'
[7.053s] Level 1:colcon.colcon_core.environment:checking '/home/huangbo/ros2_learn/tongxun_learn/install/py02_service_my/bin'
[7.055s] Level 1:colcon.colcon_core.environment:create_environment_scripts_only(py02_service_my)
[7.055s] INFO:colcon.colcon_core.shell:Creating package script '/home/huangbo/ros2_learn/tongxun_learn/install/py02_service_my/share/py02_service_my/package.ps1'
[7.058s] INFO:colcon.colcon_core.shell:Creating package descriptor '/home/huangbo/ros2_learn/tongxun_learn/install/py02_service_my/share/py02_service_my/package.dsv'
[7.059s] INFO:colcon.colcon_core.shell:Creating package script '/home/huangbo/ros2_learn/tongxun_learn/install/py02_service_my/share/py02_service_my/package.sh'
[7.060s] INFO:colcon.colcon_core.shell:Creating package script '/home/huangbo/ros2_learn/tongxun_learn/install/py02_service_my/share/py02_service_my/package.bash'
[7.061s] INFO:colcon.colcon_core.shell:Creating package script '/home/huangbo/ros2_learn/tongxun_learn/install/py02_service_my/share/py02_service_my/package.zsh'
[7.061s] Level 1:colcon.colcon_core.environment:create_file_with_runtime_dependencies(/home/huangbo/ros2_learn/tongxun_learn/install/py02_service_my/share/colcon-core/packages/py02_service_my)
[7.062s] INFO:colcon.colcon_ros.task.ament_python.build:Building ROS package in '/home/huangbo/ros2_learn/tongxun_learn/src/py05_time' with build type 'ament_python'
[7.062s] Level 1:colcon.colcon_core.shell:create_environment_hook('py05_time', 'ament_prefix_path')
[7.063s] INFO:colcon.colcon_core.shell:Creating environment hook '/home/huangbo/ros2_learn/tongxun_learn/install/py05_time/share/py05_time/hook/ament_prefix_path.ps1'
[7.066s] INFO:colcon.colcon_core.shell:Creating environment descriptor '/home/huangbo/ros2_learn/tongxun_learn/install/py05_time/share/py05_time/hook/ament_prefix_path.dsv'
[7.068s] INFO:colcon.colcon_core.shell:Creating environment hook '/home/huangbo/ros2_learn/tongxun_learn/install/py05_time/share/py05_time/hook/ament_prefix_path.sh'
[7.071s] INFO:colcon.colcon_core.shell:Skip shell extension 'powershell' for command environment: Not usable outside of PowerShell
[7.071s] DEBUG:colcon.colcon_core.shell:Skip shell extension 'dsv' for command environment
[7.355s] INFO:colcon.colcon_core.task.python.build:Building Python package in '/home/huangbo/ros2_learn/tongxun_learn/src/py05_time'
[7.355s] INFO:colcon.colcon_core.shell:Skip shell extension 'powershell' for command environment: Not usable outside of PowerShell
[7.355s] DEBUG:colcon.colcon_core.shell:Skip shell extension 'dsv' for command environment
[7.360s] DEBUG:colcon.colcon_core.task.python.build:Available setuptools commands: extract_messages, bdist_egg, build_py, setopt, upload, install_headers, bdist_dumb, init_catalog, bdist, register, check, update_catalog, build_ext, egg_info, sdist, install_lib, build, bdist_rpm, symlink_data, alias, install_egg_info, compile_catalog, install_scripts, clean, upload_docs, build_clib, install, editable_wheel, develop, dist_info, easy_install, rotate, install_data, saveopts, test, build_scripts
[7.362s] DEBUG:colcon.colcon_core.event_handler.log_command:Invoking command in '/home/huangbo/ros2_learn/tongxun_learn/src/py04_param': DEBUGINFOD_URLS=https://debuginfod.ubuntu.com PYTHONPATH=/home/huangbo/ros2_learn/tongxun_learn/build/py04_param/prefix_override:/usr/lib/python3/dist-packages/colcon_core/task/python/colcon_distutils_commands:/home/huangbo/ros2_learn/tongxun_learn/install/py04_param/lib/python3.12/site-packages:${PYTHONPATH} /usr/bin/python3 -W ignore:setup.py install is deprecated -W ignore:easy_install command is deprecated setup.py egg_info --egg-base ../../build/py04_param build --build-base /home/huangbo/ros2_learn/tongxun_learn/build/py04_param/build install --record /home/huangbo/ros2_learn/tongxun_learn/build/py04_param/install.log --install-scripts $base/lib/py04_param --single-version-externally-managed install_data
[8.027s] Level 1:colcon.colcon_core.environment:checking '/home/huangbo/ros2_learn/tongxun_learn/install/py04_param' for CMake module files
[8.027s] Level 1:colcon.colcon_core.environment:checking '/home/huangbo/ros2_learn/tongxun_learn/install/py04_param' for CMake config files
[8.028s] Level 1:colcon.colcon_core.environment:checking '/home/huangbo/ros2_learn/tongxun_learn/install/py04_param/lib'
[8.029s] Level 1:colcon.colcon_core.environment:checking '/home/huangbo/ros2_learn/tongxun_learn/install/py04_param/bin'
[8.029s] Level 1:colcon.colcon_core.environment:checking '/home/huangbo/ros2_learn/tongxun_learn/install/py04_param/lib/pkgconfig/py04_param.pc'
[8.030s] Level 1:colcon.colcon_core.environment:checking '/home/huangbo/ros2_learn/tongxun_learn/install/py04_param/lib/python3.12/site-packages'
[8.030s] Level 1:colcon.colcon_core.shell:create_environment_hook('py04_param', 'pythonpath')
[8.031s] INFO:colcon.colcon_core.shell:Creating environment hook '/home/huangbo/ros2_learn/tongxun_learn/install/py04_param/share/py04_param/hook/pythonpath.ps1'
[8.031s] DEBUG:colcon.colcon_core.event_handler.log_command:Invoked command in '/home/huangbo/ros2_learn/tongxun_learn/src/py04_param' returned '0': DEBUGINFOD_URLS=https://debuginfod.ubuntu.com PYTHONPATH=/home/huangbo/ros2_learn/tongxun_learn/build/py04_param/prefix_override:/usr/lib/python3/dist-packages/colcon_core/task/python/colcon_distutils_commands:/home/huangbo/ros2_learn/tongxun_learn/install/py04_param/lib/python3.12/site-packages:${PYTHONPATH} /usr/bin/python3 -W ignore:setup.py install is deprecated -W ignore:easy_install command is deprecated setup.py egg_info --egg-base ../../build/py04_param build --build-base /home/huangbo/ros2_learn/tongxun_learn/build/py04_param/build install --record /home/huangbo/ros2_learn/tongxun_learn/build/py04_param/install.log --install-scripts $base/lib/py04_param --single-version-externally-managed install_data
[8.034s] INFO:colcon.colcon_core.shell:Creating environment descriptor '/home/huangbo/ros2_learn/tongxun_learn/install/py04_param/share/py04_param/hook/pythonpath.dsv'
[8.036s] INFO:colcon.colcon_core.shell:Creating environment hook '/home/huangbo/ros2_learn/tongxun_learn/install/py04_param/share/py04_param/hook/pythonpath.sh'
[8.037s] Level 1:colcon.colcon_core.environment:checking '/home/huangbo/ros2_learn/tongxun_learn/install/py04_param/bin'
[8.037s] Level 1:colcon.colcon_core.environment:create_environment_scripts_only(py04_param)
[8.038s] INFO:colcon.colcon_core.shell:Creating package script '/home/huangbo/ros2_learn/tongxun_learn/install/py04_param/share/py04_param/package.ps1'
[8.039s] INFO:colcon.colcon_core.shell:Creating package descriptor '/home/huangbo/ros2_learn/tongxun_learn/install/py04_param/share/py04_param/package.dsv'
[8.041s] INFO:colcon.colcon_core.shell:Creating package script '/home/huangbo/ros2_learn/tongxun_learn/install/py04_param/share/py04_param/package.sh'
[8.042s] INFO:colcon.colcon_core.shell:Creating package script '/home/huangbo/ros2_learn/tongxun_learn/install/py04_param/share/py04_param/package.bash'
[8.044s] INFO:colcon.colcon_core.shell:Creating package script '/home/huangbo/ros2_learn/tongxun_learn/install/py04_param/share/py04_param/package.zsh'
[8.046s] Level 1:colcon.colcon_core.environment:create_file_with_runtime_dependencies(/home/huangbo/ros2_learn/tongxun_learn/install/py04_param/share/colcon-core/packages/py04_param)
[8.046s] INFO:colcon.colcon_ros.task.ament_python.build:Building ROS package in '/home/huangbo/ros2_learn/tongxun_learn/src/py06_lianxi' with build type 'ament_python'
[8.046s] Level 1:colcon.colcon_core.shell:create_environment_hook('py06_lianxi', 'ament_prefix_path')
[8.047s] INFO:colcon.colcon_core.shell:Creating environment hook '/home/huangbo/ros2_learn/tongxun_learn/install/py06_lianxi/share/py06_lianxi/hook/ament_prefix_path.ps1'
[8.047s] INFO:colcon.colcon_core.shell:Creating environment descriptor '/home/huangbo/ros2_learn/tongxun_learn/install/py06_lianxi/share/py06_lianxi/hook/ament_prefix_path.dsv'
[8.050s] INFO:colcon.colcon_core.shell:Creating environment hook '/home/huangbo/ros2_learn/tongxun_learn/install/py06_lianxi/share/py06_lianxi/hook/ament_prefix_path.sh'
[8.051s] INFO:colcon.colcon_core.shell:Skip shell extension 'powershell' for command environment: Not usable outside of PowerShell
[8.051s] DEBUG:colcon.colcon_core.shell:Skip shell extension 'dsv' for command environment
[8.359s] INFO:colcon.colcon_core.task.python.build:Building Python package in '/home/huangbo/ros2_learn/tongxun_learn/src/py06_lianxi'
[8.360s] INFO:colcon.colcon_core.shell:Skip shell extension 'powershell' for command environment: Not usable outside of PowerShell
[8.360s] DEBUG:colcon.colcon_core.shell:Skip shell extension 'dsv' for command environment
[8.365s] DEBUG:colcon.colcon_core.task.python.build:Available setuptools commands: extract_messages, bdist_egg, build_py, setopt, upload, install_headers, bdist_dumb, init_catalog, bdist, register, check, update_catalog, build_ext, egg_info, sdist, install_lib, build, bdist_rpm, symlink_data, alias, install_egg_info, compile_catalog, install_scripts, clean, upload_docs, build_clib, install, editable_wheel, develop, dist_info, easy_install, rotate, install_data, saveopts, test, build_scripts
[8.371s] DEBUG:colcon.colcon_core.event_handler.log_command:Invoking command in '/home/huangbo/ros2_learn/tongxun_learn/src/py05_time': DEBUGINFOD_URLS=https://debuginfod.ubuntu.com PYTHONPATH=/home/huangbo/ros2_learn/tongxun_learn/build/py05_time/prefix_override:/usr/lib/python3/dist-packages/colcon_core/task/python/colcon_distutils_commands:/home/huangbo/ros2_learn/tongxun_learn/install/py05_time/lib/python3.12/site-packages:${PYTHONPATH} /usr/bin/python3 -W ignore:setup.py install is deprecated -W ignore:easy_install command is deprecated setup.py egg_info --egg-base ../../build/py05_time build --build-base /home/huangbo/ros2_learn/tongxun_learn/build/py05_time/build install --record /home/huangbo/ros2_learn/tongxun_learn/build/py05_time/install.log --install-scripts $base/lib/py05_time --single-version-externally-managed install_data
[9.191s] Level 1:colcon.colcon_core.environment:checking '/home/huangbo/ros2_learn/tongxun_learn/install/py05_time' for CMake module files
[9.192s] Level 1:colcon.colcon_core.environment:checking '/home/huangbo/ros2_learn/tongxun_learn/install/py05_time' for CMake config files
[9.193s] Level 1:colcon.colcon_core.environment:checking '/home/huangbo/ros2_learn/tongxun_learn/install/py05_time/lib'
[9.193s] Level 1:colcon.colcon_core.environment:checking '/home/huangbo/ros2_learn/tongxun_learn/install/py05_time/bin'
[9.193s] Level 1:colcon.colcon_core.environment:checking '/home/huangbo/ros2_learn/tongxun_learn/install/py05_time/lib/pkgconfig/py05_time.pc'
[9.193s] Level 1:colcon.colcon_core.environment:checking '/home/huangbo/ros2_learn/tongxun_learn/install/py05_time/lib/python3.12/site-packages'
[9.193s] Level 1:colcon.colcon_core.shell:create_environment_hook('py05_time', 'pythonpath')
[9.191s] DEBUG:colcon.colcon_core.event_handler.log_command:Invoked command in '/home/huangbo/ros2_learn/tongxun_learn/src/py05_time' returned '0': DEBUGINFOD_URLS=https://debuginfod.ubuntu.com PYTHONPATH=/home/huangbo/ros2_learn/tongxun_learn/build/py05_time/prefix_override:/usr/lib/python3/dist-packages/colcon_core/task/python/colcon_distutils_commands:/home/huangbo/ros2_learn/tongxun_learn/install/py05_time/lib/python3.12/site-packages:${PYTHONPATH} /usr/bin/python3 -W ignore:setup.py install is deprecated -W ignore:easy_install command is deprecated setup.py egg_info --egg-base ../../build/py05_time build --build-base /home/huangbo/ros2_learn/tongxun_learn/build/py05_time/build install --record /home/huangbo/ros2_learn/tongxun_learn/build/py05_time/install.log --install-scripts $base/lib/py05_time --single-version-externally-managed install_data
[9.194s] INFO:colcon.colcon_core.shell:Creating environment hook '/home/huangbo/ros2_learn/tongxun_learn/install/py05_time/share/py05_time/hook/pythonpath.ps1'
[9.198s] INFO:colcon.colcon_core.shell:Creating environment descriptor '/home/huangbo/ros2_learn/tongxun_learn/install/py05_time/share/py05_time/hook/pythonpath.dsv'
[9.200s] INFO:colcon.colcon_core.shell:Creating environment hook '/home/huangbo/ros2_learn/tongxun_learn/install/py05_time/share/py05_time/hook/pythonpath.sh'
[9.201s] Level 1:colcon.colcon_core.environment:checking '/home/huangbo/ros2_learn/tongxun_learn/install/py05_time/bin'
[9.202s] Level 1:colcon.colcon_core.environment:create_environment_scripts_only(py05_time)
[9.202s] INFO:colcon.colcon_core.shell:Creating package script '/home/huangbo/ros2_learn/tongxun_learn/install/py05_time/share/py05_time/package.ps1'
[9.207s] INFO:colcon.colcon_core.shell:Creating package descriptor '/home/huangbo/ros2_learn/tongxun_learn/install/py05_time/share/py05_time/package.dsv'
[9.209s] INFO:colcon.colcon_core.shell:Creating package script '/home/huangbo/ros2_learn/tongxun_learn/install/py05_time/share/py05_time/package.sh'
[9.211s] INFO:colcon.colcon_core.shell:Creating package script '/home/huangbo/ros2_learn/tongxun_learn/install/py05_time/share/py05_time/package.bash'
[9.213s] INFO:colcon.colcon_core.shell:Creating package script '/home/huangbo/ros2_learn/tongxun_learn/install/py05_time/share/py05_time/package.zsh'
[9.217s] Level 1:colcon.colcon_core.environment:create_file_with_runtime_dependencies(/home/huangbo/ros2_learn/tongxun_learn/install/py05_time/share/colcon-core/packages/py05_time)
[9.218s] INFO:colcon.colcon_ros.task.ament_python.build:Building ROS package in '/home/huangbo/ros2_learn/tongxun_learn/src/py01_topic' with build type 'ament_python'
[9.218s] Level 1:colcon.colcon_core.shell:create_environment_hook('py01_topic', 'ament_prefix_path')
[9.219s] INFO:colcon.colcon_core.shell:Creating environment hook '/home/huangbo/ros2_learn/tongxun_learn/install/py01_topic/share/py01_topic/hook/ament_prefix_path.ps1'
[9.222s] INFO:colcon.colcon_core.shell:Creating environment descriptor '/home/huangbo/ros2_learn/tongxun_learn/install/py01_topic/share/py01_topic/hook/ament_prefix_path.dsv'
[9.224s] INFO:colcon.colcon_core.shell:Creating environment hook '/home/huangbo/ros2_learn/tongxun_learn/install/py01_topic/share/py01_topic/hook/ament_prefix_path.sh'
[9.227s] INFO:colcon.colcon_core.shell:Skip shell extension 'powershell' for command environment: Not usable outside of PowerShell
[9.227s] DEBUG:colcon.colcon_core.shell:Skip shell extension 'dsv' for command environment
[9.532s] INFO:colcon.colcon_core.task.python.build:Building Python package in '/home/huangbo/ros2_learn/tongxun_learn/src/py01_topic'
[9.532s] INFO:colcon.colcon_core.shell:Skip shell extension 'powershell' for command environment: Not usable outside of PowerShell
[9.532s] DEBUG:colcon.colcon_core.shell:Skip shell extension 'dsv' for command environment
[9.538s] DEBUG:colcon.colcon_core.task.python.build:Available setuptools commands: extract_messages, bdist_egg, build_py, setopt, upload, install_headers, bdist_dumb, init_catalog, bdist, register, check, update_catalog, build_ext, egg_info, sdist, install_lib, build, bdist_rpm, symlink_data, alias, install_egg_info, compile_catalog, install_scripts, clean, upload_docs, build_clib, install, editable_wheel, develop, dist_info, easy_install, rotate, install_data, saveopts, test, build_scripts
[9.540s] DEBUG:colcon.colcon_core.event_handler.log_command:Invoking command in '/home/huangbo/ros2_learn/tongxun_learn/src/py06_lianxi': DEBUGINFOD_URLS=https://debuginfod.ubuntu.com PYTHONPATH=/home/huangbo/ros2_learn/tongxun_learn/build/py06_lianxi/prefix_override:/usr/lib/python3/dist-packages/colcon_core/task/python/colcon_distutils_commands:/home/huangbo/ros2_learn/tongxun_learn/install/py06_lianxi/lib/python3.12/site-packages:${PYTHONPATH} /usr/bin/python3 -W ignore:setup.py install is deprecated -W ignore:easy_install command is deprecated setup.py egg_info --egg-base ../../build/py06_lianxi build --build-base /home/huangbo/ros2_learn/tongxun_learn/build/py06_lianxi/build install --record /home/huangbo/ros2_learn/tongxun_learn/build/py06_lianxi/install.log --install-scripts $base/lib/py06_lianxi --single-version-externally-managed install_data
[10.344s] Level 1:colcon.colcon_core.environment:checking '/home/huangbo/ros2_learn/tongxun_learn/install/py06_lianxi' for CMake module files
[10.346s] Level 1:colcon.colcon_core.environment:checking '/home/huangbo/ros2_learn/tongxun_learn/install/py06_lianxi' for CMake config files
[10.347s] DEBUG:colcon.colcon_core.event_handler.log_command:Invoked command in '/home/huangbo/ros2_learn/tongxun_learn/src/py06_lianxi' returned '0': DEBUGINFOD_URLS=https://debuginfod.ubuntu.com PYTHONPATH=/home/huangbo/ros2_learn/tongxun_learn/build/py06_lianxi/prefix_override:/usr/lib/python3/dist-packages/colcon_core/task/python/colcon_distutils_commands:/home/huangbo/ros2_learn/tongxun_learn/install/py06_lianxi/lib/python3.12/site-packages:${PYTHONPATH} /usr/bin/python3 -W ignore:setup.py install is deprecated -W ignore:easy_install command is deprecated setup.py egg_info --egg-base ../../build/py06_lianxi build --build-base /home/huangbo/ros2_learn/tongxun_learn/build/py06_lianxi/build install --record /home/huangbo/ros2_learn/tongxun_learn/build/py06_lianxi/install.log --install-scripts $base/lib/py06_lianxi --single-version-externally-managed install_data
[10.348s] Level 1:colcon.colcon_core.environment:checking '/home/huangbo/ros2_learn/tongxun_learn/install/py06_lianxi/lib'
[10.348s] Level 1:colcon.colcon_core.environment:checking '/home/huangbo/ros2_learn/tongxun_learn/install/py06_lianxi/bin'
[10.349s] Level 1:colcon.colcon_core.environment:checking '/home/huangbo/ros2_learn/tongxun_learn/install/py06_lianxi/lib/pkgconfig/py06_lianxi.pc'
[10.349s] Level 1:colcon.colcon_core.environment:checking '/home/huangbo/ros2_learn/tongxun_learn/install/py06_lianxi/lib/python3.12/site-packages'
[10.349s] Level 1:colcon.colcon_core.shell:create_environment_hook('py06_lianxi', 'pythonpath')
[10.349s] INFO:colcon.colcon_core.shell:Creating environment hook '/home/huangbo/ros2_learn/tongxun_learn/install/py06_lianxi/share/py06_lianxi/hook/pythonpath.ps1'
[10.356s] INFO:colcon.colcon_core.shell:Creating environment descriptor '/home/huangbo/ros2_learn/tongxun_learn/install/py06_lianxi/share/py06_lianxi/hook/pythonpath.dsv'
[10.357s] INFO:colcon.colcon_core.shell:Creating environment hook '/home/huangbo/ros2_learn/tongxun_learn/install/py06_lianxi/share/py06_lianxi/hook/pythonpath.sh'
[10.360s] Level 1:colcon.colcon_core.environment:checking '/home/huangbo/ros2_learn/tongxun_learn/install/py06_lianxi/bin'
[10.360s] Level 1:colcon.colcon_core.environment:create_environment_scripts_only(py06_lianxi)
[10.360s] INFO:colcon.colcon_core.shell:Creating package script '/home/huangbo/ros2_learn/tongxun_learn/install/py06_lianxi/share/py06_lianxi/package.ps1'
[10.363s] INFO:colcon.colcon_core.shell:Creating package descriptor '/home/huangbo/ros2_learn/tongxun_learn/install/py06_lianxi/share/py06_lianxi/package.dsv'
[10.364s] INFO:colcon.colcon_core.shell:Creating package script '/home/huangbo/ros2_learn/tongxun_learn/install/py06_lianxi/share/py06_lianxi/package.sh'
[10.366s] INFO:colcon.colcon_core.shell:Creating package script '/home/huangbo/ros2_learn/tongxun_learn/install/py06_lianxi/share/py06_lianxi/package.bash'
[10.368s] INFO:colcon.colcon_core.shell:Creating package script '/home/huangbo/ros2_learn/tongxun_learn/install/py06_lianxi/share/py06_lianxi/package.zsh'
[10.371s] Level 1:colcon.colcon_core.environment:create_file_with_runtime_dependencies(/home/huangbo/ros2_learn/tongxun_learn/install/py06_lianxi/share/colcon-core/packages/py06_lianxi)
[10.374s] INFO:colcon.colcon_ros.task.ament_python.build:Building ROS package in '/home/huangbo/ros2_learn/tongxun_learn/src/py03_acton' with build type 'ament_python'
[10.374s] Level 1:colcon.colcon_core.shell:create_environment_hook('py03_acton', 'ament_prefix_path')
[10.375s] INFO:colcon.colcon_core.shell:Creating environment hook '/home/huangbo/ros2_learn/tongxun_learn/install/py03_acton/share/py03_acton/hook/ament_prefix_path.ps1'
[10.378s] INFO:colcon.colcon_core.shell:Creating environment descriptor '/home/huangbo/ros2_learn/tongxun_learn/install/py03_acton/share/py03_acton/hook/ament_prefix_path.dsv'
[10.379s] INFO:colcon.colcon_core.shell:Creating environment hook '/home/huangbo/ros2_learn/tongxun_learn/install/py03_acton/share/py03_acton/hook/ament_prefix_path.sh'
[10.382s] INFO:colcon.colcon_core.shell:Skip shell extension 'powershell' for command environment: Not usable outside of PowerShell
[10.382s] DEBUG:colcon.colcon_core.shell:Skip shell extension 'dsv' for command environment
[10.688s] INFO:colcon.colcon_core.task.python.build:Building Python package in '/home/huangbo/ros2_learn/tongxun_learn/src/py03_acton'
[10.688s] INFO:colcon.colcon_core.shell:Skip shell extension 'powershell' for command environment: Not usable outside of PowerShell
[10.688s] DEBUG:colcon.colcon_core.shell:Skip shell extension 'dsv' for command environment
[10.694s] DEBUG:colcon.colcon_core.task.python.build:Available setuptools commands: extract_messages, bdist_egg, build_py, setopt, upload, install_headers, bdist_dumb, init_catalog, bdist, register, check, update_catalog, build_ext, egg_info, sdist, install_lib, build, bdist_rpm, symlink_data, alias, install_egg_info, compile_catalog, install_scripts, clean, upload_docs, build_clib, install, editable_wheel, develop, dist_info, easy_install, rotate, install_data, saveopts, test, build_scripts
[10.696s] DEBUG:colcon.colcon_core.event_handler.log_command:Invoking command in '/home/huangbo/ros2_learn/tongxun_learn/src/py01_topic': DEBUGINFOD_URLS=https://debuginfod.ubuntu.com PYTHONPATH=/home/huangbo/ros2_learn/tongxun_learn/build/py01_topic/prefix_override:/usr/lib/python3/dist-packages/colcon_core/task/python/colcon_distutils_commands:/home/huangbo/ros2_learn/tongxun_learn/install/py01_topic/lib/python3.12/site-packages:/home/huangbo/ros2_learn/tongxun_learn/install/student_interfaces/lib/python3.12/site-packages:/home/huangbo/ros2_learn/tongxun_learn/install/py03_acton/lib/python3.12/site-packages:/home/huangbo/ros2_learn/tongxun_learn/install/py01_topic/lib/python3.12/site-packages:/home/huangbo/ros2_learn/tongxun_learn/install/py06_lianxi/lib/python3.12/site-packages:/home/huangbo/ros2_learn/tongxun_learn/install/py05_time/lib/python3.12/site-packages:/home/huangbo/ros2_learn/tongxun_learn/install/py04_param/lib/python3.12/site-packages:/home/huangbo/ros2_learn/tongxun_learn/install/py02_service_my/lib/python3.12/site-packages:/home/huangbo/ros2_learn/tongxun_learn/install/py02_service/lib/python3.12/site-packages:/home/huangbo/ros2_learn/tongxun_learn/install/base_tongxun_s/lib/python3.12/site-packages:/opt/ros/jazzy/opt/gz_math_vendor/lib/python:/opt/ros/jazzy/lib/python3.12/site-packages /usr/bin/python3 -W ignore:setup.py install is deprecated -W ignore:easy_install command is deprecated setup.py egg_info --egg-base ../../build/py01_topic build --build-base /home/huangbo/ros2_learn/tongxun_learn/build/py01_topic/build install --record /home/huangbo/ros2_learn/tongxun_learn/build/py01_topic/install.log --install-scripts $base/lib/py01_topic --single-version-externally-managed install_data
[11.483s] DEBUG:colcon.colcon_core.task.python.build:Available setuptools commands: extract_messages, bdist_egg, build_py, setopt, upload, install_headers, bdist_dumb, init_catalog, bdist, register, check, update_catalog, build_ext, egg_info, sdist, install_lib, build, bdist_rpm, symlink_data, alias, install_egg_info, compile_catalog, install_scripts, clean, upload_docs, build_clib, install, editable_wheel, develop, dist_info, easy_install, rotate, install_data, saveopts, test, build_scripts
[11.488s] DEBUG:colcon.colcon_core.event_handler.log_command:Invoking command in '/home/huangbo/ros2_learn/tongxun_learn/src/py03_acton': DEBUGINFOD_URLS=https://debuginfod.ubuntu.com PYTHONPATH=/home/huangbo/ros2_learn/tongxun_learn/build/py03_acton/prefix_override:/usr/lib/python3/dist-packages/colcon_core/task/python/colcon_distutils_commands:/home/huangbo/ros2_learn/tongxun_learn/install/py03_acton/lib/python3.12/site-packages:/home/huangbo/ros2_learn/tongxun_learn/install/student_interfaces/lib/python3.12/site-packages:/home/huangbo/ros2_learn/tongxun_learn/install/py03_acton/lib/python3.12/site-packages:/home/huangbo/ros2_learn/tongxun_learn/install/py01_topic/lib/python3.12/site-packages:/home/huangbo/ros2_learn/tongxun_learn/install/py06_lianxi/lib/python3.12/site-packages:/home/huangbo/ros2_learn/tongxun_learn/install/py05_time/lib/python3.12/site-packages:/home/huangbo/ros2_learn/tongxun_learn/install/py04_param/lib/python3.12/site-packages:/home/huangbo/ros2_learn/tongxun_learn/install/py02_service_my/lib/python3.12/site-packages:/home/huangbo/ros2_learn/tongxun_learn/install/py02_service/lib/python3.12/site-packages:/home/huangbo/ros2_learn/tongxun_learn/install/base_tongxun_s/lib/python3.12/site-packages:/opt/ros/jazzy/opt/gz_math_vendor/lib/python:/opt/ros/jazzy/lib/python3.12/site-packages /usr/bin/python3 -W ignore:setup.py install is deprecated -W ignore:easy_install command is deprecated setup.py egg_info --egg-base ../../build/py03_acton build --build-base /home/huangbo/ros2_learn/tongxun_learn/build/py03_acton/build install --record /home/huangbo/ros2_learn/tongxun_learn/build/py03_acton/install.log --install-scripts $base/lib/py03_acton --single-version-externally-managed install_data
[11.553s] Level 1:colcon.colcon_core.environment:checking '/home/huangbo/ros2_learn/tongxun_learn/install/py01_topic' for CMake module files
[11.554s] DEBUG:colcon.colcon_core.event_handler.log_command:Invoked command in '/home/huangbo/ros2_learn/tongxun_learn/src/py01_topic' returned '0': DEBUGINFOD_URLS=https://debuginfod.ubuntu.com PYTHONPATH=/home/huangbo/ros2_learn/tongxun_learn/build/py01_topic/prefix_override:/usr/lib/python3/dist-packages/colcon_core/task/python/colcon_distutils_commands:/home/huangbo/ros2_learn/tongxun_learn/install/py01_topic/lib/python3.12/site-packages:/home/huangbo/ros2_learn/tongxun_learn/install/student_interfaces/lib/python3.12/site-packages:/home/huangbo/ros2_learn/tongxun_learn/install/py03_acton/lib/python3.12/site-packages:/home/huangbo/ros2_learn/tongxun_learn/install/py01_topic/lib/python3.12/site-packages:/home/huangbo/ros2_learn/tongxun_learn/install/py06_lianxi/lib/python3.12/site-packages:/home/huangbo/ros2_learn/tongxun_learn/install/py05_time/lib/python3.12/site-packages:/home/huangbo/ros2_learn/tongxun_learn/install/py04_param/lib/python3.12/site-packages:/home/huangbo/ros2_learn/tongxun_learn/install/py02_service_my/lib/python3.12/site-packages:/home/huangbo/ros2_learn/tongxun_learn/install/py02_service/lib/python3.12/site-packages:/home/huangbo/ros2_learn/tongxun_learn/install/base_tongxun_s/lib/python3.12/site-packages:/opt/ros/jazzy/opt/gz_math_vendor/lib/python:/opt/ros/jazzy/lib/python3.12/site-packages /usr/bin/python3 -W ignore:setup.py install is deprecated -W ignore:easy_install command is deprecated setup.py egg_info --egg-base ../../build/py01_topic build --build-base /home/huangbo/ros2_learn/tongxun_learn/build/py01_topic/build install --record /home/huangbo/ros2_learn/tongxun_learn/build/py01_topic/install.log --install-scripts $base/lib/py01_topic --single-version-externally-managed install_data
[11.555s] Level 1:colcon.colcon_core.environment:checking '/home/huangbo/ros2_learn/tongxun_learn/install/py01_topic' for CMake config files
[11.556s] Level 1:colcon.colcon_core.environment:checking '/home/huangbo/ros2_learn/tongxun_learn/install/py01_topic/lib'
[11.556s] Level 1:colcon.colcon_core.environment:checking '/home/huangbo/ros2_learn/tongxun_learn/install/py01_topic/bin'
[11.556s] Level 1:colcon.colcon_core.environment:checking '/home/huangbo/ros2_learn/tongxun_learn/install/py01_topic/lib/pkgconfig/py01_topic.pc'
[11.556s] Level 1:colcon.colcon_core.environment:checking '/home/huangbo/ros2_learn/tongxun_learn/install/py01_topic/lib/python3.12/site-packages'
[11.557s] Level 1:colcon.colcon_core.shell:create_environment_hook('py01_topic', 'pythonpath')
[11.557s] INFO:colcon.colcon_core.shell:Creating environment hook '/home/huangbo/ros2_learn/tongxun_learn/install/py01_topic/share/py01_topic/hook/pythonpath.ps1'
[11.559s] INFO:colcon.colcon_core.shell:Creating environment descriptor '/home/huangbo/ros2_learn/tongxun_learn/install/py01_topic/share/py01_topic/hook/pythonpath.dsv'
[11.560s] INFO:colcon.colcon_core.shell:Creating environment hook '/home/huangbo/ros2_learn/tongxun_learn/install/py01_topic/share/py01_topic/hook/pythonpath.sh'
[11.562s] Level 1:colcon.colcon_core.environment:checking '/home/huangbo/ros2_learn/tongxun_learn/install/py01_topic/bin'
[11.562s] Level 1:colcon.colcon_core.environment:create_environment_scripts_only(py01_topic)
[11.562s] INFO:colcon.colcon_core.shell:Creating package script '/home/huangbo/ros2_learn/tongxun_learn/install/py01_topic/share/py01_topic/package.ps1'
[11.564s] INFO:colcon.colcon_core.shell:Creating package descriptor '/home/huangbo/ros2_learn/tongxun_learn/install/py01_topic/share/py01_topic/package.dsv'
[11.565s] INFO:colcon.colcon_core.shell:Creating package script '/home/huangbo/ros2_learn/tongxun_learn/install/py01_topic/share/py01_topic/package.sh'
[11.566s] INFO:colcon.colcon_core.shell:Creating package script '/home/huangbo/ros2_learn/tongxun_learn/install/py01_topic/share/py01_topic/package.bash'
[11.567s] INFO:colcon.colcon_core.shell:Creating package script '/home/huangbo/ros2_learn/tongxun_learn/install/py01_topic/share/py01_topic/package.zsh'
[11.568s] Level 1:colcon.colcon_core.environment:create_file_with_runtime_dependencies(/home/huangbo/ros2_learn/tongxun_learn/install/py01_topic/share/colcon-core/packages/py01_topic)
[12.292s] Level 1:colcon.colcon_core.environment:checking '/home/huangbo/ros2_learn/tongxun_learn/install/py03_acton' for CMake module files
[12.292s] Level 1:colcon.colcon_core.environment:checking '/home/huangbo/ros2_learn/tongxun_learn/install/py03_acton' for CMake config files
[12.293s] Level 1:colcon.colcon_core.environment:checking '/home/huangbo/ros2_learn/tongxun_learn/install/py03_acton/lib'
[12.293s] Level 1:colcon.colcon_core.environment:checking '/home/huangbo/ros2_learn/tongxun_learn/install/py03_acton/bin'
[12.301s] DEBUG:colcon.colcon_core.event_handler.log_command:Invoked command in '/home/huangbo/ros2_learn/tongxun_learn/src/py03_acton' returned '0': DEBUGINFOD_URLS=https://debuginfod.ubuntu.com PYTHONPATH=/home/huangbo/ros2_learn/tongxun_learn/build/py03_acton/prefix_override:/usr/lib/python3/dist-packages/colcon_core/task/python/colcon_distutils_commands:/home/huangbo/ros2_learn/tongxun_learn/install/py03_acton/lib/python3.12/site-packages:/home/huangbo/ros2_learn/tongxun_learn/install/student_interfaces/lib/python3.12/site-packages:/home/huangbo/ros2_learn/tongxun_learn/install/py03_acton/lib/python3.12/site-packages:/home/huangbo/ros2_learn/tongxun_learn/install/py01_topic/lib/python3.12/site-packages:/home/huangbo/ros2_learn/tongxun_learn/install/py06_lianxi/lib/python3.12/site-packages:/home/huangbo/ros2_learn/tongxun_learn/install/py05_time/lib/python3.12/site-packages:/home/huangbo/ros2_learn/tongxun_learn/install/py04_param/lib/python3.12/site-packages:/home/huangbo/ros2_learn/tongxun_learn/install/py02_service_my/lib/python3.12/site-packages:/home/huangbo/ros2_learn/tongxun_learn/install/py02_service/lib/python3.12/site-packages:/home/huangbo/ros2_learn/tongxun_learn/install/base_tongxun_s/lib/python3.12/site-packages:/opt/ros/jazzy/opt/gz_math_vendor/lib/python:/opt/ros/jazzy/lib/python3.12/site-packages /usr/bin/python3 -W ignore:setup.py install is deprecated -W ignore:easy_install command is deprecated setup.py egg_info --egg-base ../../build/py03_acton build --build-base /home/huangbo/ros2_learn/tongxun_learn/build/py03_acton/build install --record /home/huangbo/ros2_learn/tongxun_learn/build/py03_acton/install.log --install-scripts $base/lib/py03_acton --single-version-externally-managed install_data
[12.303s] Level 1:colcon.colcon_core.environment:checking '/home/huangbo/ros2_learn/tongxun_learn/install/py03_acton/lib/pkgconfig/py03_acton.pc'
[12.303s] Level 1:colcon.colcon_core.environment:checking '/home/huangbo/ros2_learn/tongxun_learn/install/py03_acton/lib/python3.12/site-packages'
[12.303s] Level 1:colcon.colcon_core.shell:create_environment_hook('py03_acton', 'pythonpath')
[12.304s] INFO:colcon.colcon_core.shell:Creating environment hook '/home/huangbo/ros2_learn/tongxun_learn/install/py03_acton/share/py03_acton/hook/pythonpath.ps1'
[12.309s] INFO:colcon.colcon_core.shell:Creating environment descriptor '/home/huangbo/ros2_learn/tongxun_learn/install/py03_acton/share/py03_acton/hook/pythonpath.dsv'
[12.312s] INFO:colcon.colcon_core.shell:Creating environment hook '/home/huangbo/ros2_learn/tongxun_learn/install/py03_acton/share/py03_acton/hook/pythonpath.sh'
[12.318s] Level 1:colcon.colcon_core.environment:checking '/home/huangbo/ros2_learn/tongxun_learn/install/py03_acton/bin'
[12.319s] Level 1:colcon.colcon_core.environment:create_environment_scripts_only(py03_acton)
[12.319s] INFO:colcon.colcon_core.shell:Creating package script '/home/huangbo/ros2_learn/tongxun_learn/install/py03_acton/share/py03_acton/package.ps1'
[12.325s] INFO:colcon.colcon_core.shell:Creating package descriptor '/home/huangbo/ros2_learn/tongxun_learn/install/py03_acton/share/py03_acton/package.dsv'
[12.326s] INFO:colcon.colcon_core.shell:Creating package script '/home/huangbo/ros2_learn/tongxun_learn/install/py03_acton/share/py03_acton/package.sh'
[12.333s] INFO:colcon.colcon_core.shell:Creating package script '/home/huangbo/ros2_learn/tongxun_learn/install/py03_acton/share/py03_acton/package.bash'
[12.338s] INFO:colcon.colcon_core.shell:Creating package script '/home/huangbo/ros2_learn/tongxun_learn/install/py03_acton/share/py03_acton/package.zsh'
[12.339s] Level 1:colcon.colcon_core.environment:create_file_with_runtime_dependencies(/home/huangbo/ros2_learn/tongxun_learn/install/py03_acton/share/colcon-core/packages/py03_acton)
[12.342s] DEBUG:colcon.colcon_parallel_executor.executor.parallel:closing loop
[12.343s] DEBUG:colcon.colcon_parallel_executor.executor.parallel:loop closed
[12.343s] DEBUG:colcon.colcon_parallel_executor.executor.parallel:run_until_complete finished with '0'
[12.343s] DEBUG:colcon.colcon_core.event_reactor:joining thread
[12.344s] DEBUG:colcon.colcon_core.event_reactor:joined thread
[12.344s] INFO:colcon.colcon_core.shell:Creating prefix script '/home/huangbo/ros2_learn/tongxun_learn/install/local_setup.ps1'
[12.347s] INFO:colcon.colcon_core.shell:Creating prefix util module '/home/huangbo/ros2_learn/tongxun_learn/install/_local_setup_util_ps1.py'
[12.349s] INFO:colcon.colcon_core.shell:Creating prefix chain script '/home/huangbo/ros2_learn/tongxun_learn/install/setup.ps1'
[12.353s] INFO:colcon.colcon_core.shell:Creating prefix script '/home/huangbo/ros2_learn/tongxun_learn/install/local_setup.sh'
[12.354s] INFO:colcon.colcon_core.shell:Creating prefix util module '/home/huangbo/ros2_learn/tongxun_learn/install/_local_setup_util_sh.py'
[12.355s] INFO:colcon.colcon_core.shell:Creating prefix chain script '/home/huangbo/ros2_learn/tongxun_learn/install/setup.sh'
[12.357s] INFO:colcon.colcon_core.shell:Creating prefix script '/home/huangbo/ros2_learn/tongxun_learn/install/local_setup.bash'
[12.359s] INFO:colcon.colcon_core.shell:Creating prefix chain script '/home/huangbo/ros2_learn/tongxun_learn/install/setup.bash'
[12.361s] INFO:colcon.colcon_core.shell:Creating prefix script '/home/huangbo/ros2_learn/tongxun_learn/install/local_setup.zsh'
[12.364s] INFO:colcon.colcon_core.shell:Creating prefix chain script '/home/huangbo/ros2_learn/tongxun_learn/install/setup.zsh'
