[0.000000] (-) TimerEvent: {}
[0.003829] (base_tongxun_s) JobQueued: {'identifier': 'base_tongxun_s', 'dependencies': OrderedDict()}
[0.003911] (py02_service) JobQueued: {'identifier': 'py02_service', 'dependencies': OrderedDict()}
[0.003943] (py02_service_my) JobQueued: {'identifier': 'py02_service_my', 'dependencies': OrderedDict()}
[0.003967] (py04_param) JobQueued: {'identifier': 'py04_param', 'dependencies': OrderedDict()}
[0.003988] (py05_time) JobQueued: {'identifier': 'py05_time', 'dependencies': OrderedDict()}
[0.004007] (student_interfaces) JobQueued: {'identifier': 'student_interfaces', 'dependencies': OrderedDict()}
[0.004025] (py01_topic) JobQueued: {'identifier': 'py01_topic', 'dependencies': OrderedDict({'student_interfaces': '/home/huangbo/ros2_learn/tongxun_learn/src/install/student_interfaces'})}
[0.004051] (py03_acton) JobQueued: {'identifier': 'py03_acton', 'dependencies': OrderedDict({'student_interfaces': '/home/huangbo/ros2_learn/tongxun_learn/src/install/student_interfaces'})}
[0.004075] (student_interfaces) JobStarted: {'identifier': 'student_interfaces'}
[0.036006] (base_tongxun_s) JobStarted: {'identifier': 'base_tongxun_s'}
[0.054960] (student_interfaces) JobProgress: {'identifier': 'student_interfaces', 'progress': 'cmake'}
[0.056750] (student_interfaces) JobProgress: {'identifier': 'student_interfaces', 'progress': 'build'}
[0.056804] (student_interfaces) Command: {'cmd': ['/usr/bin/cmake', '--build', '/home/huangbo/ros2_learn/tongxun_learn/src/build/student_interfaces', '--', '-j2', '-l2'], 'cwd': '/home/huangbo/ros2_learn/tongxun_learn/src/build/student_interfaces', 'env': OrderedDict({'PYTHON_BASIC_REPL': '1', 'LESSOPEN': '| /usr/bin/lesspipe %s', 'USER': 'huangbo', 'SSH_CLIENT': '192.168.91.1 12340 22', 'XDG_SESSION_TYPE': 'tty', 'GIT_ASKPASS': '/home/huangbo/.vscode-server/cli/servers/Stable-7debcd0e2acdea1c52de81bf9ee1620444407dda/server/extensions/git/dist/askpass.sh', 'SHLVL': '1', 'LD_LIBRARY_PATH': '/home/huangbo/ros2_learn/tongxun_learn/src/install/student_interfaces/lib:/opt/ros/jazzy/opt/rviz_ogre_vendor/lib:/opt/ros/jazzy/lib/x86_64-linux-gnu:/opt/ros/jazzy/opt/gz_math_vendor/lib:/opt/ros/jazzy/opt/gz_utils_vendor/lib:/opt/ros/jazzy/opt/gz_cmake_vendor/lib:/opt/ros/jazzy/lib', 'BROWSER': '/home/huangbo/.vscode-server/cli/servers/Stable-7debcd0e2acdea1c52de81bf9ee1620444407dda/server/bin/helpers/browser.sh', 'HOME': '/home/huangbo', 'OLDPWD': '/home/huangbo/ros2_learn/tongxun_learn', 'TERM_PROGRAM_VERSION': '1.138.0', 'VSCODE_IPC_HOOK_CLI': '/run/user/1000/vscode-ipc-00b45f1c-0bba-44f7-88d2-6b887fa08722.sock', 'ROS_PYTHON_VERSION': '3', 'VSCODE_GIT_ASKPASS_MAIN': '/home/huangbo/.vscode-server/cli/servers/Stable-7debcd0e2acdea1c52de81bf9ee1620444407dda/server/extensions/git/dist/askpass-main.js', 'VSCODE_GIT_ASKPASS_NODE': '/home/huangbo/.vscode-server/cli/servers/Stable-7debcd0e2acdea1c52de81bf9ee1620444407dda/server/node', 'PYDEVD_DISABLE_FILE_VALIDATION': '1', 'BUNDLED_DEBUGPY_PATH': '/home/huangbo/.vscode-server/extensions/ms-python.debugpy-2026.6.0-linux-x64/bundled/libs/debugpy', 'VSCODE_PYTHON_AUTOACTIVATE_GUARD': '1', 'DBUS_SESSION_BUS_ADDRESS': 'unix:path=/run/user/1000/bus', 'COLORTERM': 'truecolor', 'DEBUGINFOD_URLS': 'https://debuginfod.ubuntu.com', 'COLCON_PREFIX_PATH': '/home/huangbo/ros2_learn/tongxun_learn/src/install', 'ROS_DISTRO': 'jazzy', 'LOGNAME': 'huangbo', '_': '/usr/bin/colcon', 'ROS_VERSION': '2', 'XDG_SESSION_CLASS': 'user', 'TERM': 'xterm-256color', 'XDG_SESSION_ID': '4', 'PATH': '/home/huangbo/.vscode-server/data/User/globalStorage/github.copilot-chat/debugCommand:/home/huangbo/.vscode-server/data/User/globalStorage/github.copilot-chat/copilotCli:/home/huangbo/.vscode-server/cli/servers/Stable-7debcd0e2acdea1c52de81bf9ee1620444407dda/server/bin/remote-cli:/opt/ros/jazzy/bin:/usr/local/sbin:/usr/local/bin:/usr/sbin:/usr/bin:/sbin:/bin:/usr/games:/usr/local/games:/snap/bin:/home/huangbo/.vscode-server/extensions/ms-python.debugpy-2026.6.0-linux-x64/bundled/scripts/noConfigScripts', 'XDG_RUNTIME_DIR': '/run/user/1000', 'VSCODE_DEBUGPY_ADAPTER_ENDPOINTS': '/home/huangbo/.vscode-server/extensions/ms-python.debugpy-2026.6.0-linux-x64/.noConfigDebugAdapterEndpoints/endpoint-6c2380fe732802f1.txt', 'LANG': 'zh_CN.UTF-8', 'PYTHONSTARTUP': '/home/huangbo/.vscode-server/data/User/workspaceStorage/c358a63721801e90ff5d3c048722ef27/ms-python.python/pythonrc.py', 'LS_COLORS': 'rs=0:di=01;34:ln=01;36:mh=00:pi=40;33:so=01;35:do=01;35:bd=40;33;01:cd=40;33;01:or=40;31;01:mi=00:su=37;41:sg=30;43:ca=00:tw=30;42:ow=34;42:st=37;44:ex=01;32:*.tar=01;31:*.tgz=01;31:*.arc=01;31:*.arj=01;31:*.taz=01;31:*.lha=01;31:*.lz4=01;31:*.lzh=01;31:*.lzma=01;31:*.tlz=01;31:*.txz=01;31:*.tzo=01;31:*.t7z=01;31:*.zip=01;31:*.z=01;31:*.dz=01;31:*.gz=01;31:*.lrz=01;31:*.lz=01;31:*.lzo=01;31:*.xz=01;31:*.zst=01;31:*.tzst=01;31:*.bz2=01;31:*.bz=01;31:*.tbz=01;31:*.tbz2=01;31:*.tz=01;31:*.deb=01;31:*.rpm=01;31:*.jar=01;31:*.war=01;31:*.ear=01;31:*.sar=01;31:*.rar=01;31:*.alz=01;31:*.ace=01;31:*.zoo=01;31:*.cpio=01;31:*.7z=01;31:*.rz=01;31:*.cab=01;31:*.wim=01;31:*.swm=01;31:*.dwm=01;31:*.esd=01;31:*.avif=01;35:*.jpg=01;35:*.jpeg=01;35:*.mjpg=01;35:*.mjpeg=01;35:*.gif=01;35:*.bmp=01;35:*.pbm=01;35:*.pgm=01;35:*.ppm=01;35:*.tga=01;35:*.xbm=01;35:*.xpm=01;35:*.tif=01;35:*.tiff=01;35:*.png=01;35:*.svg=01;35:*.svgz=01;35:*.mng=01;35:*.pcx=01;35:*.mov=01;35:*.mpg=01;35:*.mpeg=01;35:*.m2v=01;35:*.mkv=01;35:*.webm=01;35:*.webp=01;35:*.ogm=01;35:*.mp4=01;35:*.m4v=01;35:*.mp4v=01;35:*.vob=01;35:*.qt=01;35:*.nuv=01;35:*.wmv=01;35:*.asf=01;35:*.rm=01;35:*.rmvb=01;35:*.flc=01;35:*.avi=01;35:*.fli=01;35:*.flv=01;35:*.gl=01;35:*.dl=01;35:*.xcf=01;35:*.xwd=01;35:*.yuv=01;35:*.cgm=01;35:*.emf=01;35:*.ogv=01;35:*.ogx=01;35:*.aac=00;36:*.au=00;36:*.flac=00;36:*.m4a=00;36:*.mid=00;36:*.midi=00;36:*.mka=00;36:*.mp3=00;36:*.mpc=00;36:*.ogg=00;36:*.ra=00;36:*.wav=00;36:*.oga=00;36:*.opus=00;36:*.spx=00;36:*.xspf=00;36:*~=00;90:*#=00;90:*.bak=00;90:*.crdownload=00;90:*.dpkg-dist=00;90:*.dpkg-new=00;90:*.dpkg-old=00;90:*.dpkg-tmp=00;90:*.old=00;90:*.orig=00;90:*.part=00;90:*.rej=00;90:*.rpmnew=00;90:*.rpmorig=00;90:*.rpmsave=00;90:*.swp=00;90:*.tmp=00;90:*.ucf-dist=00;90:*.ucf-new=00;90:*.ucf-old=00;90:', 'VSCODE_GIT_IPC_HANDLE': '/run/user/1000/vscode-git-b3ba6a87e1.sock', 'TERM_PROGRAM': 'vscode', 'AMENT_PREFIX_PATH': '/home/huangbo/ros2_learn/tongxun_learn/src/install/py03_acton:/home/huangbo/ros2_learn/tongxun_learn/src/install/py01_topic:/home/huangbo/ros2_learn/tongxun_learn/src/install/student_interfaces:/home/huangbo/ros2_learn/tongxun_learn/src/install/py05_time:/home/huangbo/ros2_learn/tongxun_learn/src/install/py04_param:/home/huangbo/ros2_learn/tongxun_learn/src/install/py02_service_my:/home/huangbo/ros2_learn/tongxun_learn/src/install/py02_service:/home/huangbo/ros2_learn/tongxun_learn/src/install/base_tongxun_s:/opt/ros/jazzy', 'SHELL': '/bin/bash', 'LESSCLOSE': '/usr/bin/lesspipe %s %s', 'ROS_AUTOMATIC_DISCOVERY_RANGE': 'SUBNET', 'VSCODE_GIT_ASKPASS_EXTRA_ARGS': '', 'PWD': '/home/huangbo/ros2_learn/tongxun_learn/src/build/student_interfaces', 'COPILOT_DEBUG_NONCE': '0eaae38a08eb9b17f52bd7ed955eaf75', 'SSH_CONNECTION': '192.168.91.1 12340 192.168.91.129 22', 'XDG_DATA_DIRS': '/usr/share/gnome:/usr/local/share:/usr/share:/var/lib/snapd/desktop', 'PYTHONPATH': '/home/huangbo/ros2_learn/tongxun_learn/src/install/py03_acton/lib/python3.12/site-packages:/home/huangbo/ros2_learn/tongxun_learn/src/install/py01_topic/lib/python3.12/site-packages:/home/huangbo/ros2_learn/tongxun_learn/src/install/student_interfaces/lib/python3.12/site-packages:/home/huangbo/ros2_learn/tongxun_learn/src/install/py05_time/lib/python3.12/site-packages:/home/huangbo/ros2_learn/tongxun_learn/src/install/py04_param/lib/python3.12/site-packages:/home/huangbo/ros2_learn/tongxun_learn/src/install/py02_service_my/lib/python3.12/site-packages:/home/huangbo/ros2_learn/tongxun_learn/src/install/py02_service/lib/python3.12/site-packages:/home/huangbo/ros2_learn/tongxun_learn/src/install/base_tongxun_s/lib/python3.12/site-packages:/opt/ros/jazzy/opt/gz_math_vendor/lib/python:/opt/ros/jazzy/lib/python3.12/site-packages', 'COLCON': '1', 'CMAKE_PREFIX_PATH': '/home/huangbo/ros2_learn/tongxun_learn/src/install/student_interfaces:/opt/ros/jazzy/opt/gz_math_vendor:/opt/ros/jazzy/opt/gz_utils_vendor:/opt/ros/jazzy/opt/gz_cmake_vendor:/home/huangbo/ros2_learn/tongxun_learn/src/install/py03_acton:/home/huangbo/ros2_learn/tongxun_learn/src/install/py01_topic:/home/huangbo/ros2_learn/tongxun_learn/src/install/py05_time:/home/huangbo/ros2_learn/tongxun_learn/src/install/py04_param:/home/huangbo/ros2_learn/tongxun_learn/src/install/py02_service_my:/home/huangbo/ros2_learn/tongxun_learn/src/install/py02_service:/home/huangbo/ros2_learn/tongxun_learn/src/install/base_tongxun_s:/opt/ros/jazzy'}), 'shell': False}
[0.109827] (-) TimerEvent: {}
[0.210929] (-) TimerEvent: {}
[0.312345] (-) TimerEvent: {}
[0.412884] (-) TimerEvent: {}
[0.525699] (-) TimerEvent: {}
[0.627658] (-) TimerEvent: {}
[0.733924] (-) TimerEvent: {}
[0.792039] (student_interfaces) StdoutLine: {'line': b'[  1%] Built target student_interfaces__rosidl_generator_type_description\n'}
[0.835816] (-) TimerEvent: {}
[0.931404] (student_interfaces) StdoutLine: {'line': b'[  3%] Built target student_interfaces__rs\n'}
[0.943679] (-) TimerEvent: {}
[1.045828] (-) TimerEvent: {}
[1.148462] (-) TimerEvent: {}
[1.249197] (-) TimerEvent: {}
[1.269659] (student_interfaces) StdoutLine: {'line': b'[  3%] Built target ament_cmake_python_copy_student_interfaces\n'}
[1.272488] (student_interfaces) StdoutLine: {'line': b'[  5%] Built target student_interfaces__cpp\n'}
[1.353732] (-) TimerEvent: {}
[1.409083] (student_interfaces) StdoutLine: {'line': b'[ 25%] Built target student_interfaces__rosidl_generator_c\n'}
[1.454318] (-) TimerEvent: {}
[1.514322] (student_interfaces) StdoutLine: {'line': b'[ 34%] Built target student_interfaces__rosidl_typesupport_cpp\n'}
[1.555043] (-) TimerEvent: {}
[1.590855] (student_interfaces) StdoutLine: {'line': b'[ 43%] Built target student_interfaces__rosidl_typesupport_fastrtps_c\n'}
[1.656480] (-) TimerEvent: {}
[1.658784] (student_interfaces) StdoutLine: {'line': b'[ 52%] Built target student_interfaces__rosidl_typesupport_introspection_c\n'}
[1.689730] (student_interfaces) StdoutLine: {'line': b'running egg_info\n'}
[1.740732] (student_interfaces) StdoutLine: {'line': b'writing student_interfaces.egg-info/PKG-INFO\n'}
[1.740910] (student_interfaces) StdoutLine: {'line': b'writing dependency_links to student_interfaces.egg-info/dependency_links.txt\n'}
[1.740991] (student_interfaces) StdoutLine: {'line': b'writing top-level names to student_interfaces.egg-info/top_level.txt\n'}
[1.758606] (-) TimerEvent: {}
[1.760411] (student_interfaces) StdoutLine: {'line': b'[ 61%] Built target student_interfaces__rosidl_typesupport_c\n'}
[1.837862] (student_interfaces) StdoutLine: {'line': b'[ 70%] Built target student_interfaces__rosidl_typesupport_fastrtps_cpp\n'}
[1.858966] (-) TimerEvent: {}
[1.864737] (student_interfaces) StdoutLine: {'line': b"reading manifest file 'student_interfaces.egg-info/SOURCES.txt'\n"}
[1.869276] (student_interfaces) StdoutLine: {'line': b"writing manifest file 'student_interfaces.egg-info/SOURCES.txt'\n"}
[1.960827] (-) TimerEvent: {}
[1.979069] (student_interfaces) StdoutLine: {'line': b'[ 80%] Built target student_interfaces__rosidl_typesupport_introspection_cpp\n'}
[2.053190] (student_interfaces) StdoutLine: {'line': b'[ 80%] Built target ament_cmake_python_build_student_interfaces_egg\n'}
[2.061175] (-) TimerEvent: {}
[2.101751] (student_interfaces) StdoutLine: {'line': b'[ 80%] Built target student_interfaces\n'}
[2.161995] (-) TimerEvent: {}
[2.209897] (student_interfaces) StdoutLine: {'line': b'[ 81%] Built target student_interfaces__py\n'}
[2.264176] (-) TimerEvent: {}
[2.363625] (student_interfaces) StdoutLine: {'line': b'[ 89%] Built target student_interfaces__rosidl_generator_py\n'}
[2.364499] (-) TimerEvent: {}
[2.429266] (student_interfaces) StdoutLine: {'line': b'[ 92%] Built target student_interfaces_s__rosidl_typesupport_fastrtps_c\n'}
[2.449131] (student_interfaces) StdoutLine: {'line': b'[ 96%] Built target student_interfaces_s__rosidl_typesupport_introspection_c\n'}
[2.464027] (student_interfaces) StdoutLine: {'line': b'[100%] Built target student_interfaces_s__rosidl_typesupport_c\n'}
[2.466269] (-) TimerEvent: {}
[2.486869] (student_interfaces) CommandEnded: {'returncode': 0}
[2.490004] (student_interfaces) JobProgress: {'identifier': 'student_interfaces', 'progress': 'install'}
[2.551124] (student_interfaces) Command: {'cmd': ['/usr/bin/cmake', '--install', '/home/huangbo/ros2_learn/tongxun_learn/src/build/student_interfaces'], 'cwd': '/home/huangbo/ros2_learn/tongxun_learn/src/build/student_interfaces', 'env': OrderedDict({'PYTHON_BASIC_REPL': '1', 'LESSOPEN': '| /usr/bin/lesspipe %s', 'USER': 'huangbo', 'SSH_CLIENT': '192.168.91.1 12340 22', 'XDG_SESSION_TYPE': 'tty', 'GIT_ASKPASS': '/home/huangbo/.vscode-server/cli/servers/Stable-7debcd0e2acdea1c52de81bf9ee1620444407dda/server/extensions/git/dist/askpass.sh', 'SHLVL': '1', 'LD_LIBRARY_PATH': '/home/huangbo/ros2_learn/tongxun_learn/src/install/student_interfaces/lib:/opt/ros/jazzy/opt/rviz_ogre_vendor/lib:/opt/ros/jazzy/lib/x86_64-linux-gnu:/opt/ros/jazzy/opt/gz_math_vendor/lib:/opt/ros/jazzy/opt/gz_utils_vendor/lib:/opt/ros/jazzy/opt/gz_cmake_vendor/lib:/opt/ros/jazzy/lib', 'BROWSER': '/home/huangbo/.vscode-server/cli/servers/Stable-7debcd0e2acdea1c52de81bf9ee1620444407dda/server/bin/helpers/browser.sh', 'HOME': '/home/huangbo', 'OLDPWD': '/home/huangbo/ros2_learn/tongxun_learn', 'TERM_PROGRAM_VERSION': '1.138.0', 'VSCODE_IPC_HOOK_CLI': '/run/user/1000/vscode-ipc-00b45f1c-0bba-44f7-88d2-6b887fa08722.sock', 'ROS_PYTHON_VERSION': '3', 'VSCODE_GIT_ASKPASS_MAIN': '/home/huangbo/.vscode-server/cli/servers/Stable-7debcd0e2acdea1c52de81bf9ee1620444407dda/server/extensions/git/dist/askpass-main.js', 'VSCODE_GIT_ASKPASS_NODE': '/home/huangbo/.vscode-server/cli/servers/Stable-7debcd0e2acdea1c52de81bf9ee1620444407dda/server/node', 'PYDEVD_DISABLE_FILE_VALIDATION': '1', 'BUNDLED_DEBUGPY_PATH': '/home/huangbo/.vscode-server/extensions/ms-python.debugpy-2026.6.0-linux-x64/bundled/libs/debugpy', 'VSCODE_PYTHON_AUTOACTIVATE_GUARD': '1', 'DBUS_SESSION_BUS_ADDRESS': 'unix:path=/run/user/1000/bus', 'COLORTERM': 'truecolor', 'DEBUGINFOD_URLS': 'https://debuginfod.ubuntu.com', 'COLCON_PREFIX_PATH': '/home/huangbo/ros2_learn/tongxun_learn/src/install', 'ROS_DISTRO': 'jazzy', 'LOGNAME': 'huangbo', '_': '/usr/bin/colcon', 'ROS_VERSION': '2', 'XDG_SESSION_CLASS': 'user', 'TERM': 'xterm-256color', 'XDG_SESSION_ID': '4', 'PATH': '/home/huangbo/.vscode-server/data/User/globalStorage/github.copilot-chat/debugCommand:/home/huangbo/.vscode-server/data/User/globalStorage/github.copilot-chat/copilotCli:/home/huangbo/.vscode-server/cli/servers/Stable-7debcd0e2acdea1c52de81bf9ee1620444407dda/server/bin/remote-cli:/opt/ros/jazzy/bin:/usr/local/sbin:/usr/local/bin:/usr/sbin:/usr/bin:/sbin:/bin:/usr/games:/usr/local/games:/snap/bin:/home/huangbo/.vscode-server/extensions/ms-python.debugpy-2026.6.0-linux-x64/bundled/scripts/noConfigScripts', 'XDG_RUNTIME_DIR': '/run/user/1000', 'VSCODE_DEBUGPY_ADAPTER_ENDPOINTS': '/home/huangbo/.vscode-server/extensions/ms-python.debugpy-2026.6.0-linux-x64/.noConfigDebugAdapterEndpoints/endpoint-6c2380fe732802f1.txt', 'LANG': 'zh_CN.UTF-8', 'PYTHONSTARTUP': '/home/huangbo/.vscode-server/data/User/workspaceStorage/c358a63721801e90ff5d3c048722ef27/ms-python.python/pythonrc.py', 'LS_COLORS': 'rs=0:di=01;34:ln=01;36:mh=00:pi=40;33:so=01;35:do=01;35:bd=40;33;01:cd=40;33;01:or=40;31;01:mi=00:su=37;41:sg=30;43:ca=00:tw=30;42:ow=34;42:st=37;44:ex=01;32:*.tar=01;31:*.tgz=01;31:*.arc=01;31:*.arj=01;31:*.taz=01;31:*.lha=01;31:*.lz4=01;31:*.lzh=01;31:*.lzma=01;31:*.tlz=01;31:*.txz=01;31:*.tzo=01;31:*.t7z=01;31:*.zip=01;31:*.z=01;31:*.dz=01;31:*.gz=01;31:*.lrz=01;31:*.lz=01;31:*.lzo=01;31:*.xz=01;31:*.zst=01;31:*.tzst=01;31:*.bz2=01;31:*.bz=01;31:*.tbz=01;31:*.tbz2=01;31:*.tz=01;31:*.deb=01;31:*.rpm=01;31:*.jar=01;31:*.war=01;31:*.ear=01;31:*.sar=01;31:*.rar=01;31:*.alz=01;31:*.ace=01;31:*.zoo=01;31:*.cpio=01;31:*.7z=01;31:*.rz=01;31:*.cab=01;31:*.wim=01;31:*.swm=01;31:*.dwm=01;31:*.esd=01;31:*.avif=01;35:*.jpg=01;35:*.jpeg=01;35:*.mjpg=01;35:*.mjpeg=01;35:*.gif=01;35:*.bmp=01;35:*.pbm=01;35:*.pgm=01;35:*.ppm=01;35:*.tga=01;35:*.xbm=01;35:*.xpm=01;35:*.tif=01;35:*.tiff=01;35:*.png=01;35:*.svg=01;35:*.svgz=01;35:*.mng=01;35:*.pcx=01;35:*.mov=01;35:*.mpg=01;35:*.mpeg=01;35:*.m2v=01;35:*.mkv=01;35:*.webm=01;35:*.webp=01;35:*.ogm=01;35:*.mp4=01;35:*.m4v=01;35:*.mp4v=01;35:*.vob=01;35:*.qt=01;35:*.nuv=01;35:*.wmv=01;35:*.asf=01;35:*.rm=01;35:*.rmvb=01;35:*.flc=01;35:*.avi=01;35:*.fli=01;35:*.flv=01;35:*.gl=01;35:*.dl=01;35:*.xcf=01;35:*.xwd=01;35:*.yuv=01;35:*.cgm=01;35:*.emf=01;35:*.ogv=01;35:*.ogx=01;35:*.aac=00;36:*.au=00;36:*.flac=00;36:*.m4a=00;36:*.mid=00;36:*.midi=00;36:*.mka=00;36:*.mp3=00;36:*.mpc=00;36:*.ogg=00;36:*.ra=00;36:*.wav=00;36:*.oga=00;36:*.opus=00;36:*.spx=00;36:*.xspf=00;36:*~=00;90:*#=00;90:*.bak=00;90:*.crdownload=00;90:*.dpkg-dist=00;90:*.dpkg-new=00;90:*.dpkg-old=00;90:*.dpkg-tmp=00;90:*.old=00;90:*.orig=00;90:*.part=00;90:*.rej=00;90:*.rpmnew=00;90:*.rpmorig=00;90:*.rpmsave=00;90:*.swp=00;90:*.tmp=00;90:*.ucf-dist=00;90:*.ucf-new=00;90:*.ucf-old=00;90:', 'VSCODE_GIT_IPC_HANDLE': '/run/user/1000/vscode-git-b3ba6a87e1.sock', 'TERM_PROGRAM': 'vscode', 'AMENT_PREFIX_PATH': '/home/huangbo/ros2_learn/tongxun_learn/src/install/py03_acton:/home/huangbo/ros2_learn/tongxun_learn/src/install/py01_topic:/home/huangbo/ros2_learn/tongxun_learn/src/install/student_interfaces:/home/huangbo/ros2_learn/tongxun_learn/src/install/py05_time:/home/huangbo/ros2_learn/tongxun_learn/src/install/py04_param:/home/huangbo/ros2_learn/tongxun_learn/src/install/py02_service_my:/home/huangbo/ros2_learn/tongxun_learn/src/install/py02_service:/home/huangbo/ros2_learn/tongxun_learn/src/install/base_tongxun_s:/opt/ros/jazzy', 'SHELL': '/bin/bash', 'LESSCLOSE': '/usr/bin/lesspipe %s %s', 'ROS_AUTOMATIC_DISCOVERY_RANGE': 'SUBNET', 'VSCODE_GIT_ASKPASS_EXTRA_ARGS': '', 'PWD': '/home/huangbo/ros2_learn/tongxun_learn/src/build/student_interfaces', 'COPILOT_DEBUG_NONCE': '0eaae38a08eb9b17f52bd7ed955eaf75', 'SSH_CONNECTION': '192.168.91.1 12340 192.168.91.129 22', 'XDG_DATA_DIRS': '/usr/share/gnome:/usr/local/share:/usr/share:/var/lib/snapd/desktop', 'PYTHONPATH': '/home/huangbo/ros2_learn/tongxun_learn/src/install/py03_acton/lib/python3.12/site-packages:/home/huangbo/ros2_learn/tongxun_learn/src/install/py01_topic/lib/python3.12/site-packages:/home/huangbo/ros2_learn/tongxun_learn/src/install/student_interfaces/lib/python3.12/site-packages:/home/huangbo/ros2_learn/tongxun_learn/src/install/py05_time/lib/python3.12/site-packages:/home/huangbo/ros2_learn/tongxun_learn/src/install/py04_param/lib/python3.12/site-packages:/home/huangbo/ros2_learn/tongxun_learn/src/install/py02_service_my/lib/python3.12/site-packages:/home/huangbo/ros2_learn/tongxun_learn/src/install/py02_service/lib/python3.12/site-packages:/home/huangbo/ros2_learn/tongxun_learn/src/install/base_tongxun_s/lib/python3.12/site-packages:/opt/ros/jazzy/opt/gz_math_vendor/lib/python:/opt/ros/jazzy/lib/python3.12/site-packages', 'COLCON': '1', 'CMAKE_PREFIX_PATH': '/home/huangbo/ros2_learn/tongxun_learn/src/install/student_interfaces:/opt/ros/jazzy/opt/gz_math_vendor:/opt/ros/jazzy/opt/gz_utils_vendor:/opt/ros/jazzy/opt/gz_cmake_vendor:/home/huangbo/ros2_learn/tongxun_learn/src/install/py03_acton:/home/huangbo/ros2_learn/tongxun_learn/src/install/py01_topic:/home/huangbo/ros2_learn/tongxun_learn/src/install/py05_time:/home/huangbo/ros2_learn/tongxun_learn/src/install/py04_param:/home/huangbo/ros2_learn/tongxun_learn/src/install/py02_service_my:/home/huangbo/ros2_learn/tongxun_learn/src/install/py02_service:/home/huangbo/ros2_learn/tongxun_learn/src/install/base_tongxun_s:/opt/ros/jazzy'}), 'shell': False}
[2.568957] (-) TimerEvent: {}
[2.590917] (student_interfaces) StdoutLine: {'line': b'-- Install configuration: ""\n'}
[2.591096] (student_interfaces) StdoutLine: {'line': b'-- Up-to-date: /home/huangbo/ros2_learn/tongxun_learn/src/install/student_interfaces/share/ament_index/resource_index/rosidl_interfaces/student_interfaces\n'}
[2.591539] (student_interfaces) StdoutLine: {'line': b'-- Up-to-date: /home/huangbo/ros2_learn/tongxun_learn/src/install/student_interfaces/share/student_interfaces/msg/Student.json\n'}
[2.591646] (student_interfaces) StdoutLine: {'line': b'-- Up-to-date: /home/huangbo/ros2_learn/tongxun_learn/src/install/student_interfaces/share/student_interfaces/srv/Addints.json\n'}
[2.593316] (student_interfaces) StdoutLine: {'line': b'-- Up-to-date: /home/huangbo/ros2_learn/tongxun_learn/src/install/student_interfaces/share/student_interfaces/action/Progress.json\n'}
[2.594113] (student_interfaces) StdoutLine: {'line': b'-- Up-to-date: /home/huangbo/ros2_learn/tongxun_learn/src/install/student_interfaces/include/student_interfaces/student_interfaces\n'}
[2.596246] (student_interfaces) StdoutLine: {'line': b'-- Up-to-date: /home/huangbo/ros2_learn/tongxun_learn/src/install/student_interfaces/include/student_interfaces/student_interfaces/action\n'}
[2.596530] (student_interfaces) StdoutLine: {'line': b'-- Up-to-date: /home/huangbo/ros2_learn/tongxun_learn/src/install/student_interfaces/include/student_interfaces/student_interfaces/action/detail\n'}
[2.596651] (student_interfaces) StdoutLine: {'line': b'-- Installing: /home/huangbo/ros2_learn/tongxun_learn/src/install/student_interfaces/include/student_interfaces/student_interfaces/action/detail/progress__type_support.c\n'}
[2.598465] (student_interfaces) StdoutLine: {'line': b'-- Up-to-date: /home/huangbo/ros2_learn/tongxun_learn/src/install/student_interfaces/include/student_interfaces/student_interfaces/action/detail/progress__functions.h\n'}
[2.599055] (student_interfaces) StdoutLine: {'line': b'-- Up-to-date: /home/huangbo/ros2_learn/tongxun_learn/src/install/student_interfaces/include/student_interfaces/student_interfaces/action/detail/progress__type_support.h\n'}
[2.599189] (student_interfaces) StdoutLine: {'line': b'-- Up-to-date: /home/huangbo/ros2_learn/tongxun_learn/src/install/student_interfaces/include/student_interfaces/student_interfaces/action/detail/progress__functions.c\n'}
[2.600625] (student_interfaces) StdoutLine: {'line': b'-- Up-to-date: /home/huangbo/ros2_learn/tongxun_learn/src/install/student_interfaces/include/student_interfaces/student_interfaces/action/detail/progress__description.c\n'}
[2.601127] (student_interfaces) StdoutLine: {'line': b'-- Up-to-date: /home/huangbo/ros2_learn/tongxun_learn/src/install/student_interfaces/include/student_interfaces/student_interfaces/action/detail/progress__struct.h\n'}
[2.601232] (student_interfaces) StdoutLine: {'line': b'-- Up-to-date: /home/huangbo/ros2_learn/tongxun_learn/src/install/student_interfaces/include/student_interfaces/student_interfaces/action/progress.h\n'}
[2.601940] (student_interfaces) StdoutLine: {'line': b'-- Up-to-date: /home/huangbo/ros2_learn/tongxun_learn/src/install/student_interfaces/include/student_interfaces/student_interfaces/srv\n'}
[2.602338] (student_interfaces) StdoutLine: {'line': b'-- Up-to-date: /home/huangbo/ros2_learn/tongxun_learn/src/install/student_interfaces/include/student_interfaces/student_interfaces/srv/addints.h\n'}
[2.602826] (student_interfaces) StdoutLine: {'line': b'-- Up-to-date: /home/huangbo/ros2_learn/tongxun_learn/src/install/student_interfaces/include/student_interfaces/student_interfaces/srv/detail\n'}
[2.604180] (student_interfaces) StdoutLine: {'line': b'-- Installing: /home/huangbo/ros2_learn/tongxun_learn/src/install/student_interfaces/include/student_interfaces/student_interfaces/srv/detail/addints__type_support.c\n'}
[2.606019] (student_interfaces) StdoutLine: {'line': b'-- Up-to-date: /home/huangbo/ros2_learn/tongxun_learn/src/install/student_interfaces/include/student_interfaces/student_interfaces/srv/detail/addints__struct.h\n'}
[2.606164] (student_interfaces) StdoutLine: {'line': b'-- Up-to-date: /home/huangbo/ros2_learn/tongxun_learn/src/install/student_interfaces/include/student_interfaces/student_interfaces/srv/detail/addints__functions.h\n'}
[2.607795] (student_interfaces) StdoutLine: {'line': b'-- Up-to-date: /home/huangbo/ros2_learn/tongxun_learn/src/install/student_interfaces/include/student_interfaces/student_interfaces/srv/detail/addints__functions.c\n'}
[2.607930] (student_interfaces) StdoutLine: {'line': b'-- Up-to-date: /home/huangbo/ros2_learn/tongxun_learn/src/install/student_interfaces/include/student_interfaces/student_interfaces/srv/detail/addints__type_support.h\n'}
[2.607999] (student_interfaces) StdoutLine: {'line': b'-- Up-to-date: /home/huangbo/ros2_learn/tongxun_learn/src/install/student_interfaces/include/student_interfaces/student_interfaces/srv/detail/addints__description.c\n'}
[2.608105] (student_interfaces) StdoutLine: {'line': b'-- Up-to-date: /home/huangbo/ros2_learn/tongxun_learn/src/install/student_interfaces/include/student_interfaces/student_interfaces/msg\n'}
[2.610307] (student_interfaces) StdoutLine: {'line': b'-- Up-to-date: /home/huangbo/ros2_learn/tongxun_learn/src/install/student_interfaces/include/student_interfaces/student_interfaces/msg/detail\n'}
[2.610580] (student_interfaces) StdoutLine: {'line': b'-- Installing: /home/huangbo/ros2_learn/tongxun_learn/src/install/student_interfaces/include/student_interfaces/student_interfaces/msg/detail/student__type_support.c\n'}
[2.610704] (student_interfaces) StdoutLine: {'line': b'-- Up-to-date: /home/huangbo/ros2_learn/tongxun_learn/src/install/student_interfaces/include/student_interfaces/student_interfaces/msg/detail/student__struct.h\n'}
[2.612293] (student_interfaces) StdoutLine: {'line': b'-- Up-to-date: /home/huangbo/ros2_learn/tongxun_learn/src/install/student_interfaces/include/student_interfaces/student_interfaces/msg/detail/student__description.c\n'}
[2.612445] (student_interfaces) StdoutLine: {'line': b'-- Up-to-date: /home/huangbo/ros2_learn/tongxun_learn/src/install/student_interfaces/include/student_interfaces/student_interfaces/msg/detail/student__functions.h\n'}
[2.612682] (student_interfaces) StdoutLine: {'line': b'-- Up-to-date: /home/huangbo/ros2_learn/tongxun_learn/src/install/student_interfaces/include/student_interfaces/student_interfaces/msg/detail/student__functions.c\n'}
[2.612780] (student_interfaces) StdoutLine: {'line': b'-- Up-to-date: /home/huangbo/ros2_learn/tongxun_learn/src/install/student_interfaces/include/student_interfaces/student_interfaces/msg/detail/student__type_support.h\n'}
[2.612845] (student_interfaces) StdoutLine: {'line': b'-- Up-to-date: /home/huangbo/ros2_learn/tongxun_learn/src/install/student_interfaces/include/student_interfaces/student_interfaces/msg/rosidl_generator_c__visibility_control.h\n'}
[2.612903] (student_interfaces) StdoutLine: {'line': b'-- Up-to-date: /home/huangbo/ros2_learn/tongxun_learn/src/install/student_interfaces/include/student_interfaces/student_interfaces/msg/student.h\n'}
[2.612960] (student_interfaces) StdoutLine: {'line': b'-- Up-to-date: /home/huangbo/ros2_learn/tongxun_learn/src/install/student_interfaces/share/student_interfaces/environment/library_path.sh\n'}
[2.615405] (student_interfaces) StdoutLine: {'line': b'-- Up-to-date: /home/huangbo/ros2_learn/tongxun_learn/src/install/student_interfaces/share/student_interfaces/environment/library_path.dsv\n'}
[2.616916] (student_interfaces) StdoutLine: {'line': b'-- Up-to-date: /home/huangbo/ros2_learn/tongxun_learn/src/install/student_interfaces/lib/libstudent_interfaces__rosidl_generator_c.so\n'}
[2.618727] (student_interfaces) StdoutLine: {'line': b'-- Up-to-date: /home/huangbo/ros2_learn/tongxun_learn/src/install/student_interfaces/include/student_interfaces/student_interfaces\n'}
[2.619269] (student_interfaces) StdoutLine: {'line': b'-- Up-to-date: /home/huangbo/ros2_learn/tongxun_learn/src/install/student_interfaces/include/student_interfaces/student_interfaces/action\n'}
[2.620676] (student_interfaces) StdoutLine: {'line': b'-- Up-to-date: /home/huangbo/ros2_learn/tongxun_learn/src/install/student_interfaces/include/student_interfaces/student_interfaces/action/detail\n'}
[2.621032] (student_interfaces) StdoutLine: {'line': b'-- Up-to-date: /home/huangbo/ros2_learn/tongxun_learn/src/install/student_interfaces/include/student_interfaces/student_interfaces/action/detail/progress__rosidl_typesupport_fastrtps_c.h\n'}
[2.622466] (student_interfaces) StdoutLine: {'line': b'-- Up-to-date: /home/huangbo/ros2_learn/tongxun_learn/src/install/student_interfaces/include/student_interfaces/student_interfaces/srv\n'}
[2.623067] (student_interfaces) StdoutLine: {'line': b'-- Up-to-date: /home/huangbo/ros2_learn/tongxun_learn/src/install/student_interfaces/include/student_interfaces/student_interfaces/srv/detail\n'}
[2.623761] (student_interfaces) StdoutLine: {'line': b'-- Up-to-date: /home/huangbo/ros2_learn/tongxun_learn/src/install/student_interfaces/include/student_interfaces/student_interfaces/srv/detail/addints__rosidl_typesupport_fastrtps_c.h\n'}
[2.623907] (student_interfaces) StdoutLine: {'line': b'-- Up-to-date: /home/huangbo/ros2_learn/tongxun_learn/src/install/student_interfaces/include/student_interfaces/student_interfaces/msg\n'}
[2.625009] (student_interfaces) StdoutLine: {'line': b'-- Up-to-date: /home/huangbo/ros2_learn/tongxun_learn/src/install/student_interfaces/include/student_interfaces/student_interfaces/msg/detail\n'}
[2.626119] (student_interfaces) StdoutLine: {'line': b'-- Up-to-date: /home/huangbo/ros2_learn/tongxun_learn/src/install/student_interfaces/include/student_interfaces/student_interfaces/msg/detail/student__rosidl_typesupport_fastrtps_c.h\n'}
[2.626319] (student_interfaces) StdoutLine: {'line': b'-- Up-to-date: /home/huangbo/ros2_learn/tongxun_learn/src/install/student_interfaces/include/student_interfaces/student_interfaces/msg/rosidl_typesupport_fastrtps_c__visibility_control.h\n'}
[2.628500] (student_interfaces) StdoutLine: {'line': b'-- Up-to-date: /home/huangbo/ros2_learn/tongxun_learn/src/install/student_interfaces/lib/libstudent_interfaces__rosidl_typesupport_fastrtps_c.so\n'}
[2.632731] (student_interfaces) StdoutLine: {'line': b'-- Up-to-date: /home/huangbo/ros2_learn/tongxun_learn/src/install/student_interfaces/include/student_interfaces/student_interfaces\n'}
[2.632955] (student_interfaces) StdoutLine: {'line': b'-- Up-to-date: /home/huangbo/ros2_learn/tongxun_learn/src/install/student_interfaces/include/student_interfaces/student_interfaces/action\n'}
[2.633078] (student_interfaces) StdoutLine: {'line': b'-- Up-to-date: /home/huangbo/ros2_learn/tongxun_learn/src/install/student_interfaces/include/student_interfaces/student_interfaces/action/detail\n'}
[2.634801] (student_interfaces) StdoutLine: {'line': b'-- Installing: /home/huangbo/ros2_learn/tongxun_learn/src/install/student_interfaces/include/student_interfaces/student_interfaces/action/detail/progress__type_support.c\n'}
[2.637026] (student_interfaces) StdoutLine: {'line': b'-- Up-to-date: /home/huangbo/ros2_learn/tongxun_learn/src/install/student_interfaces/include/student_interfaces/student_interfaces/action/detail/progress__rosidl_typesupport_introspection_c.h\n'}
[2.637215] (student_interfaces) StdoutLine: {'line': b'-- Up-to-date: /home/huangbo/ros2_learn/tongxun_learn/src/install/student_interfaces/include/student_interfaces/student_interfaces/srv\n'}
[2.637293] (student_interfaces) StdoutLine: {'line': b'-- Up-to-date: /home/huangbo/ros2_learn/tongxun_learn/src/install/student_interfaces/include/student_interfaces/student_interfaces/srv/detail\n'}
[2.637498] (student_interfaces) StdoutLine: {'line': b'-- Installing: /home/huangbo/ros2_learn/tongxun_learn/src/install/student_interfaces/include/student_interfaces/student_interfaces/srv/detail/addints__type_support.c\n'}
[2.638884] (student_interfaces) StdoutLine: {'line': b'-- Up-to-date: /home/huangbo/ros2_learn/tongxun_learn/src/install/student_interfaces/include/student_interfaces/student_interfaces/srv/detail/addints__rosidl_typesupport_introspection_c.h\n'}
[2.640182] (student_interfaces) StdoutLine: {'line': b'-- Up-to-date: /home/huangbo/ros2_learn/tongxun_learn/src/install/student_interfaces/include/student_interfaces/student_interfaces/msg\n'}
[2.640815] (student_interfaces) StdoutLine: {'line': b'-- Up-to-date: /home/huangbo/ros2_learn/tongxun_learn/src/install/student_interfaces/include/student_interfaces/student_interfaces/msg/detail\n'}
[2.640979] (student_interfaces) StdoutLine: {'line': b'-- Installing: /home/huangbo/ros2_learn/tongxun_learn/src/install/student_interfaces/include/student_interfaces/student_interfaces/msg/detail/student__type_support.c\n'}
[2.642307] (student_interfaces) StdoutLine: {'line': b'-- Up-to-date: /home/huangbo/ros2_learn/tongxun_learn/src/install/student_interfaces/include/student_interfaces/student_interfaces/msg/detail/student__rosidl_typesupport_introspection_c.h\n'}
[2.642496] (student_interfaces) StdoutLine: {'line': b'-- Up-to-date: /home/huangbo/ros2_learn/tongxun_learn/src/install/student_interfaces/include/student_interfaces/student_interfaces/msg/rosidl_typesupport_introspection_c__visibility_control.h\n'}
[2.643891] (student_interfaces) StdoutLine: {'line': b'-- Up-to-date: /home/huangbo/ros2_learn/tongxun_learn/src/install/student_interfaces/lib/libstudent_interfaces__rosidl_typesupport_introspection_c.so\n'}
[2.645569] (student_interfaces) StdoutLine: {'line': b'-- Up-to-date: /home/huangbo/ros2_learn/tongxun_learn/src/install/student_interfaces/lib/libstudent_interfaces__rosidl_typesupport_c.so\n'}
[2.645900] (student_interfaces) StdoutLine: {'line': b'-- Up-to-date: /home/huangbo/ros2_learn/tongxun_learn/src/install/student_interfaces/include/student_interfaces/student_interfaces\n'}
[2.649520] (student_interfaces) StdoutLine: {'line': b'-- Up-to-date: /home/huangbo/ros2_learn/tongxun_learn/src/install/student_interfaces/include/student_interfaces/student_interfaces/action\n'}
[2.649736] (student_interfaces) StdoutLine: {'line': b'-- Up-to-date: /home/huangbo/ros2_learn/tongxun_learn/src/install/student_interfaces/include/student_interfaces/student_interfaces/action/detail\n'}
[2.651832] (student_interfaces) StdoutLine: {'line': b'-- Up-to-date: /home/huangbo/ros2_learn/tongxun_learn/src/install/student_interfaces/include/student_interfaces/student_interfaces/action/detail/progress__struct.hpp\n'}
[2.652460] (student_interfaces) StdoutLine: {'line': b'-- Up-to-date: /home/huangbo/ros2_learn/tongxun_learn/src/install/student_interfaces/include/student_interfaces/student_interfaces/action/detail/progress__traits.hpp\n'}
[2.652711] (student_interfaces) StdoutLine: {'line': b'-- Up-to-date: /home/huangbo/ros2_learn/tongxun_learn/src/install/student_interfaces/include/student_interfaces/student_interfaces/action/detail/progress__type_support.hpp\n'}
[2.652787] (student_interfaces) StdoutLine: {'line': b'-- Up-to-date: /home/huangbo/ros2_learn/tongxun_learn/src/install/student_interfaces/include/student_interfaces/student_interfaces/action/detail/progress__builder.hpp\n'}
[2.652994] (student_interfaces) StdoutLine: {'line': b'-- Up-to-date: /home/huangbo/ros2_learn/tongxun_learn/src/install/student_interfaces/include/student_interfaces/student_interfaces/action/progress.hpp\n'}
[2.656069] (student_interfaces) StdoutLine: {'line': b'-- Up-to-date: /home/huangbo/ros2_learn/tongxun_learn/src/install/student_interfaces/include/student_interfaces/student_interfaces/srv\n'}
[2.656484] (student_interfaces) StdoutLine: {'line': b'-- Up-to-date: /home/huangbo/ros2_learn/tongxun_learn/src/install/student_interfaces/include/student_interfaces/student_interfaces/srv/detail\n'}
[2.656666] (student_interfaces) StdoutLine: {'line': b'-- Up-to-date: /home/huangbo/ros2_learn/tongxun_learn/src/install/student_interfaces/include/student_interfaces/student_interfaces/srv/detail/addints__builder.hpp\n'}
[2.657722] (student_interfaces) StdoutLine: {'line': b'-- Up-to-date: /home/huangbo/ros2_learn/tongxun_learn/src/install/student_interfaces/include/student_interfaces/student_interfaces/srv/detail/addints__type_support.hpp\n'}
[2.657889] (student_interfaces) StdoutLine: {'line': b'-- Up-to-date: /home/huangbo/ros2_learn/tongxun_learn/src/install/student_interfaces/include/student_interfaces/student_interfaces/srv/detail/addints__struct.hpp\n'}
[2.657965] (student_interfaces) StdoutLine: {'line': b'-- Up-to-date: /home/huangbo/ros2_learn/tongxun_learn/src/install/student_interfaces/include/student_interfaces/student_interfaces/srv/detail/addints__traits.hpp\n'}
[2.658133] (student_interfaces) StdoutLine: {'line': b'-- Up-to-date: /home/huangbo/ros2_learn/tongxun_learn/src/install/student_interfaces/include/student_interfaces/student_interfaces/srv/addints.hpp\n'}
[2.658615] (student_interfaces) StdoutLine: {'line': b'-- Up-to-date: /home/huangbo/ros2_learn/tongxun_learn/src/install/student_interfaces/include/student_interfaces/student_interfaces/msg\n'}
[2.658935] (student_interfaces) StdoutLine: {'line': b'-- Up-to-date: /home/huangbo/ros2_learn/tongxun_learn/src/install/student_interfaces/include/student_interfaces/student_interfaces/msg/detail\n'}
[2.659039] (student_interfaces) StdoutLine: {'line': b'-- Up-to-date: /home/huangbo/ros2_learn/tongxun_learn/src/install/student_interfaces/include/student_interfaces/student_interfaces/msg/detail/student__builder.hpp\n'}
[2.659143] (student_interfaces) StdoutLine: {'line': b'-- Up-to-date: /home/huangbo/ros2_learn/tongxun_learn/src/install/student_interfaces/include/student_interfaces/student_interfaces/msg/detail/student__traits.hpp\n'}
[2.659307] (student_interfaces) StdoutLine: {'line': b'-- Up-to-date: /home/huangbo/ros2_learn/tongxun_learn/src/install/student_interfaces/include/student_interfaces/student_interfaces/msg/detail/student__struct.hpp\n'}
[2.659380] (student_interfaces) StdoutLine: {'line': b'-- Up-to-date: /home/huangbo/ros2_learn/tongxun_learn/src/install/student_interfaces/include/student_interfaces/student_interfaces/msg/detail/student__type_support.hpp\n'}
[2.660895] (student_interfaces) StdoutLine: {'line': b'-- Up-to-date: /home/huangbo/ros2_learn/tongxun_learn/src/install/student_interfaces/include/student_interfaces/student_interfaces/msg/student.hpp\n'}
[2.661500] (student_interfaces) StdoutLine: {'line': b'-- Up-to-date: /home/huangbo/ros2_learn/tongxun_learn/src/install/student_interfaces/include/student_interfaces/student_interfaces/msg/rosidl_generator_cpp__visibility_control.hpp\n'}
[2.661796] (student_interfaces) StdoutLine: {'line': b'-- Up-to-date: /home/huangbo/ros2_learn/tongxun_learn/src/install/student_interfaces/include/student_interfaces/student_interfaces\n'}
[2.661889] (student_interfaces) StdoutLine: {'line': b'-- Up-to-date: /home/huangbo/ros2_learn/tongxun_learn/src/install/student_interfaces/include/student_interfaces/student_interfaces/action\n'}
[2.661952] (student_interfaces) StdoutLine: {'line': b'-- Up-to-date: /home/huangbo/ros2_learn/tongxun_learn/src/install/student_interfaces/include/student_interfaces/student_interfaces/action/detail\n'}
[2.662010] (student_interfaces) StdoutLine: {'line': b'-- Up-to-date: /home/huangbo/ros2_learn/tongxun_learn/src/install/student_interfaces/include/student_interfaces/student_interfaces/action/detail/progress__rosidl_typesupport_fastrtps_cpp.hpp\n'}
[2.662091] (student_interfaces) StdoutLine: {'line': b'-- Up-to-date: /home/huangbo/ros2_learn/tongxun_learn/src/install/student_interfaces/include/student_interfaces/student_interfaces/action/detail/dds_fastrtps\n'}
[2.663686] (student_interfaces) StdoutLine: {'line': b'-- Up-to-date: /home/huangbo/ros2_learn/tongxun_learn/src/install/student_interfaces/include/student_interfaces/student_interfaces/srv\n'}
[2.669747] (-) TimerEvent: {}
[2.702671] (student_interfaces) StdoutLine: {'line': b'-- Up-to-date: /home/huangbo/ros2_learn/tongxun_learn/src/install/student_interfaces/include/student_interfaces/student_interfaces/srv/detail\n'}
[2.706583] (student_interfaces) StdoutLine: {'line': b'-- Up-to-date: /home/huangbo/ros2_learn/tongxun_learn/src/install/student_interfaces/include/student_interfaces/student_interfaces/srv/detail/addints__rosidl_typesupport_fastrtps_cpp.hpp\n'}
[2.707003] (student_interfaces) StdoutLine: {'line': b'-- Up-to-date: /home/huangbo/ros2_learn/tongxun_learn/src/install/student_interfaces/include/student_interfaces/student_interfaces/srv/detail/dds_fastrtps\n'}
[2.711057] (student_interfaces) StdoutLine: {'line': b'-- Up-to-date: /home/huangbo/ros2_learn/tongxun_learn/src/install/student_interfaces/include/student_interfaces/student_interfaces/msg\n'}
[2.711360] (student_interfaces) StdoutLine: {'line': b'-- Up-to-date: /home/huangbo/ros2_learn/tongxun_learn/src/install/student_interfaces/include/student_interfaces/student_interfaces/msg/detail\n'}
[2.711920] (student_interfaces) StdoutLine: {'line': b'-- Up-to-date: /home/huangbo/ros2_learn/tongxun_learn/src/install/student_interfaces/include/student_interfaces/student_interfaces/msg/detail/student__rosidl_typesupport_fastrtps_cpp.hpp\n'}
[2.716964] (student_interfaces) StdoutLine: {'line': b'-- Up-to-date: /home/huangbo/ros2_learn/tongxun_learn/src/install/student_interfaces/include/student_interfaces/student_interfaces/msg/detail/dds_fastrtps\n'}
[2.725673] (student_interfaces) StdoutLine: {'line': b'-- Up-to-date: /home/huangbo/ros2_learn/tongxun_learn/src/install/student_interfaces/include/student_interfaces/student_interfaces/msg/rosidl_typesupport_fastrtps_cpp__visibility_control.h\n'}
[2.729945] (student_interfaces) StdoutLine: {'line': b'-- Up-to-date: /home/huangbo/ros2_learn/tongxun_learn/src/install/student_interfaces/lib/libstudent_interfaces__rosidl_typesupport_fastrtps_cpp.so\n'}
[2.730244] (student_interfaces) StdoutLine: {'line': b'-- Up-to-date: /home/huangbo/ros2_learn/tongxun_learn/src/install/student_interfaces/include/student_interfaces/student_interfaces\n'}
[2.733764] (student_interfaces) StdoutLine: {'line': b'-- Up-to-date: /home/huangbo/ros2_learn/tongxun_learn/src/install/student_interfaces/include/student_interfaces/student_interfaces/action\n'}
[2.734074] (student_interfaces) StdoutLine: {'line': b'-- Up-to-date: /home/huangbo/ros2_learn/tongxun_learn/src/install/student_interfaces/include/student_interfaces/student_interfaces/action/detail\n'}
[2.734743] (student_interfaces) StdoutLine: {'line': b'-- Up-to-date: /home/huangbo/ros2_learn/tongxun_learn/src/install/student_interfaces/include/student_interfaces/student_interfaces/action/detail/progress__type_support.cpp\n'}
[2.735158] (student_interfaces) StdoutLine: {'line': b'-- Up-to-date: /home/huangbo/ros2_learn/tongxun_learn/src/install/student_interfaces/include/student_interfaces/student_interfaces/action/detail/progress__rosidl_typesupport_introspection_cpp.hpp\n'}
[2.735794] (student_interfaces) StdoutLine: {'line': b'-- Up-to-date: /home/huangbo/ros2_learn/tongxun_learn/src/install/student_interfaces/include/student_interfaces/student_interfaces/srv\n'}
[2.737762] (student_interfaces) StdoutLine: {'line': b'-- Up-to-date: /home/huangbo/ros2_learn/tongxun_learn/src/install/student_interfaces/include/student_interfaces/student_interfaces/srv/detail\n'}
[2.738195] (student_interfaces) StdoutLine: {'line': b'-- Up-to-date: /home/huangbo/ros2_learn/tongxun_learn/src/install/student_interfaces/include/student_interfaces/student_interfaces/srv/detail/addints__type_support.cpp\n'}
[2.738350] (student_interfaces) StdoutLine: {'line': b'-- Up-to-date: /home/huangbo/ros2_learn/tongxun_learn/src/install/student_interfaces/include/student_interfaces/student_interfaces/srv/detail/addints__rosidl_typesupport_introspection_cpp.hpp\n'}
[2.739020] (student_interfaces) StdoutLine: {'line': b'-- Up-to-date: /home/huangbo/ros2_learn/tongxun_learn/src/install/student_interfaces/include/student_interfaces/student_interfaces/msg\n'}
[2.739096] (student_interfaces) StdoutLine: {'line': b'-- Up-to-date: /home/huangbo/ros2_learn/tongxun_learn/src/install/student_interfaces/include/student_interfaces/student_interfaces/msg/detail\n'}
[2.739191] (student_interfaces) StdoutLine: {'line': b'-- Up-to-date: /home/huangbo/ros2_learn/tongxun_learn/src/install/student_interfaces/include/student_interfaces/student_interfaces/msg/detail/student__type_support.cpp\n'}
[2.739261] (student_interfaces) StdoutLine: {'line': b'-- Up-to-date: /home/huangbo/ros2_learn/tongxun_learn/src/install/student_interfaces/include/student_interfaces/student_interfaces/msg/detail/student__rosidl_typesupport_introspection_cpp.hpp\n'}
[2.740478] (student_interfaces) StdoutLine: {'line': b'-- Up-to-date: /home/huangbo/ros2_learn/tongxun_learn/src/install/student_interfaces/lib/libstudent_interfaces__rosidl_typesupport_introspection_cpp.so\n'}
[2.745416] (student_interfaces) StdoutLine: {'line': b'-- Up-to-date: /home/huangbo/ros2_learn/tongxun_learn/src/install/student_interfaces/lib/libstudent_interfaces__rosidl_typesupport_cpp.so\n'}
[2.746602] (student_interfaces) StdoutLine: {'line': b'-- Up-to-date: /home/huangbo/ros2_learn/tongxun_learn/src/install/student_interfaces/share/student_interfaces/environment/pythonpath.sh\n'}
[2.746829] (student_interfaces) StdoutLine: {'line': b'-- Up-to-date: /home/huangbo/ros2_learn/tongxun_learn/src/install/student_interfaces/share/student_interfaces/environment/pythonpath.dsv\n'}
[2.748950] (student_interfaces) StdoutLine: {'line': b'-- Up-to-date: /home/huangbo/ros2_learn/tongxun_learn/src/install/student_interfaces/lib/python3.12/site-packages/student_interfaces-0.0.0-py3.12.egg-info\n'}
[2.749206] (student_interfaces) StdoutLine: {'line': b'-- Installing: /home/huangbo/ros2_learn/tongxun_learn/src/install/student_interfaces/lib/python3.12/site-packages/student_interfaces-0.0.0-py3.12.egg-info/SOURCES.txt\n'}
[2.749359] (student_interfaces) StdoutLine: {'line': b'-- Installing: /home/huangbo/ros2_learn/tongxun_learn/src/install/student_interfaces/lib/python3.12/site-packages/student_interfaces-0.0.0-py3.12.egg-info/dependency_links.txt\n'}
[2.749482] (student_interfaces) StdoutLine: {'line': b'-- Installing: /home/huangbo/ros2_learn/tongxun_learn/src/install/student_interfaces/lib/python3.12/site-packages/student_interfaces-0.0.0-py3.12.egg-info/PKG-INFO\n'}
[2.750115] (student_interfaces) StdoutLine: {'line': b'-- Installing: /home/huangbo/ros2_learn/tongxun_learn/src/install/student_interfaces/lib/python3.12/site-packages/student_interfaces-0.0.0-py3.12.egg-info/top_level.txt\n'}
[2.750862] (student_interfaces) StdoutLine: {'line': b'-- Up-to-date: /home/huangbo/ros2_learn/tongxun_learn/src/install/student_interfaces/lib/python3.12/site-packages/student_interfaces\n'}
[2.751844] (student_interfaces) StdoutLine: {'line': b'-- Up-to-date: /home/huangbo/ros2_learn/tongxun_learn/src/install/student_interfaces/lib/python3.12/site-packages/student_interfaces/student_interfaces_s__rosidl_typesupport_c.so\n'}
[2.752762] (student_interfaces) StdoutLine: {'line': b'-- Up-to-date: /home/huangbo/ros2_learn/tongxun_learn/src/install/student_interfaces/lib/python3.12/site-packages/student_interfaces/student_interfaces_s__rosidl_typesupport_fastrtps_c.so\n'}
[2.752920] (student_interfaces) StdoutLine: {'line': b'-- Up-to-date: /home/huangbo/ros2_learn/tongxun_learn/src/install/student_interfaces/lib/python3.12/site-packages/student_interfaces/_student_interfaces_s.ep.rosidl_typesupport_fastrtps_c.c\n'}
[2.752995] (student_interfaces) StdoutLine: {'line': b'-- Up-to-date: /home/huangbo/ros2_learn/tongxun_learn/src/install/student_interfaces/lib/python3.12/site-packages/student_interfaces/_student_interfaces_s.ep.rosidl_typesupport_introspection_c.c\n'}
[2.753100] (student_interfaces) StdoutLine: {'line': b'-- Up-to-date: /home/huangbo/ros2_learn/tongxun_learn/src/install/student_interfaces/lib/python3.12/site-packages/student_interfaces/action\n'}
[2.753228] (student_interfaces) StdoutLine: {'line': b'-- Up-to-date: /home/huangbo/ros2_learn/tongxun_learn/src/install/student_interfaces/lib/python3.12/site-packages/student_interfaces/action/_progress_s.c\n'}
[2.753466] (student_interfaces) StdoutLine: {'line': b'-- Up-to-date: /home/huangbo/ros2_learn/tongxun_learn/src/install/student_interfaces/lib/python3.12/site-packages/student_interfaces/action/_progress.py\n'}
[2.755736] (student_interfaces) StdoutLine: {'line': b'-- Up-to-date: /home/huangbo/ros2_learn/tongxun_learn/src/install/student_interfaces/lib/python3.12/site-packages/student_interfaces/action/__init__.py\n'}
[2.755879] (student_interfaces) StdoutLine: {'line': b'-- Up-to-date: /home/huangbo/ros2_learn/tongxun_learn/src/install/student_interfaces/lib/python3.12/site-packages/student_interfaces/_student_interfaces_s.ep.rosidl_typesupport_c.c\n'}
[2.756018] (student_interfaces) StdoutLine: {'line': b'-- Up-to-date: /home/huangbo/ros2_learn/tongxun_learn/src/install/student_interfaces/lib/python3.12/site-packages/student_interfaces/srv\n'}
[2.757781] (student_interfaces) StdoutLine: {'line': b'-- Up-to-date: /home/huangbo/ros2_learn/tongxun_learn/src/install/student_interfaces/lib/python3.12/site-packages/student_interfaces/srv/_addints.py\n'}
[2.757870] (student_interfaces) StdoutLine: {'line': b'-- Up-to-date: /home/huangbo/ros2_learn/tongxun_learn/src/install/student_interfaces/lib/python3.12/site-packages/student_interfaces/srv/_addints_s.c\n'}
[2.757934] (student_interfaces) StdoutLine: {'line': b'-- Up-to-date: /home/huangbo/ros2_learn/tongxun_learn/src/install/student_interfaces/lib/python3.12/site-packages/student_interfaces/srv/__init__.py\n'}
[2.757992] (student_interfaces) StdoutLine: {'line': b'-- Up-to-date: /home/huangbo/ros2_learn/tongxun_learn/src/install/student_interfaces/lib/python3.12/site-packages/student_interfaces/msg\n'}
[2.758102] (student_interfaces) StdoutLine: {'line': b'-- Up-to-date: /home/huangbo/ros2_learn/tongxun_learn/src/install/student_interfaces/lib/python3.12/site-packages/student_interfaces/msg/_student.py\n'}
[2.758170] (student_interfaces) StdoutLine: {'line': b'-- Up-to-date: /home/huangbo/ros2_learn/tongxun_learn/src/install/student_interfaces/lib/python3.12/site-packages/student_interfaces/msg/_student_s.c\n'}
[2.758273] (student_interfaces) StdoutLine: {'line': b'-- Up-to-date: /home/huangbo/ros2_learn/tongxun_learn/src/install/student_interfaces/lib/python3.12/site-packages/student_interfaces/msg/__init__.py\n'}
[2.758355] (student_interfaces) StdoutLine: {'line': b'-- Up-to-date: /home/huangbo/ros2_learn/tongxun_learn/src/install/student_interfaces/lib/python3.12/site-packages/student_interfaces/__init__.py\n'}
[2.758420] (student_interfaces) StdoutLine: {'line': b'-- Up-to-date: /home/huangbo/ros2_learn/tongxun_learn/src/install/student_interfaces/lib/python3.12/site-packages/student_interfaces/student_interfaces_s__rosidl_typesupport_introspection_c.so\n'}
[2.770051] (-) TimerEvent: {}
[2.836828] (student_interfaces) StdoutLine: {'line': b"Listing '/home/huangbo/ros2_learn/tongxun_learn/src/install/student_interfaces/lib/python3.12/site-packages/student_interfaces'...\n"}
[2.837040] (student_interfaces) StdoutLine: {'line': b"Listing '/home/huangbo/ros2_learn/tongxun_learn/src/install/student_interfaces/lib/python3.12/site-packages/student_interfaces/action'...\n"}
[2.837116] (student_interfaces) StdoutLine: {'line': b"Listing '/home/huangbo/ros2_learn/tongxun_learn/src/install/student_interfaces/lib/python3.12/site-packages/student_interfaces/msg'...\n"}
[2.837176] (student_interfaces) StdoutLine: {'line': b"Listing '/home/huangbo/ros2_learn/tongxun_learn/src/install/student_interfaces/lib/python3.12/site-packages/student_interfaces/srv'...\n"}
[2.847569] (student_interfaces) StdoutLine: {'line': b'-- Up-to-date: /home/huangbo/ros2_learn/tongxun_learn/src/install/student_interfaces/lib/python3.12/site-packages/student_interfaces/student_interfaces_s__rosidl_typesupport_fastrtps_c.so\n'}
[2.849593] (student_interfaces) StdoutLine: {'line': b'-- Up-to-date: /home/huangbo/ros2_learn/tongxun_learn/src/install/student_interfaces/lib/python3.12/site-packages/student_interfaces/student_interfaces_s__rosidl_typesupport_introspection_c.so\n'}
[2.850635] (student_interfaces) StdoutLine: {'line': b'-- Up-to-date: /home/huangbo/ros2_learn/tongxun_learn/src/install/student_interfaces/lib/python3.12/site-packages/student_interfaces/student_interfaces_s__rosidl_typesupport_c.so\n'}
[2.853747] (student_interfaces) StdoutLine: {'line': b'-- Up-to-date: /home/huangbo/ros2_learn/tongxun_learn/src/install/student_interfaces/lib/libstudent_interfaces__rosidl_generator_py.so\n'}
[2.853928] (student_interfaces) StdoutLine: {'line': b'-- Up-to-date: /home/huangbo/ros2_learn/tongxun_learn/src/install/student_interfaces/share/student_interfaces/rust\n'}
[2.854008] (student_interfaces) StdoutLine: {'line': b'-- Up-to-date: /home/huangbo/ros2_learn/tongxun_learn/src/install/student_interfaces/share/student_interfaces/rust/src\n'}
[2.854512] (student_interfaces) StdoutLine: {'line': b'-- Up-to-date: /home/huangbo/ros2_learn/tongxun_learn/src/install/student_interfaces/share/student_interfaces/rust/src/srv.rs\n'}
[2.854827] (student_interfaces) StdoutLine: {'line': b'-- Up-to-date: /home/huangbo/ros2_learn/tongxun_learn/src/install/student_interfaces/share/student_interfaces/rust/src/action\n'}
[2.855207] (student_interfaces) StdoutLine: {'line': b'-- Up-to-date: /home/huangbo/ros2_learn/tongxun_learn/src/install/student_interfaces/share/student_interfaces/rust/src/action/rmw.rs\n'}
[2.855418] (student_interfaces) StdoutLine: {'line': b'-- Up-to-date: /home/huangbo/ros2_learn/tongxun_learn/src/install/student_interfaces/share/student_interfaces/rust/src/msg.rs\n'}
[2.855602] (student_interfaces) StdoutLine: {'line': b'-- Up-to-date: /home/huangbo/ros2_learn/tongxun_learn/src/install/student_interfaces/share/student_interfaces/rust/src/action.rs\n'}
[2.856051] (student_interfaces) StdoutLine: {'line': b'-- Up-to-date: /home/huangbo/ros2_learn/tongxun_learn/src/install/student_interfaces/share/student_interfaces/rust/src/srv\n'}
[2.857984] (student_interfaces) StdoutLine: {'line': b'-- Up-to-date: /home/huangbo/ros2_learn/tongxun_learn/src/install/student_interfaces/share/student_interfaces/rust/src/srv/rmw.rs\n'}
[2.858271] (student_interfaces) StdoutLine: {'line': b'-- Up-to-date: /home/huangbo/ros2_learn/tongxun_learn/src/install/student_interfaces/share/student_interfaces/rust/src/msg\n'}
[2.859676] (student_interfaces) StdoutLine: {'line': b'-- Up-to-date: /home/huangbo/ros2_learn/tongxun_learn/src/install/student_interfaces/share/student_interfaces/rust/src/msg/rmw.rs\n'}
[2.860177] (student_interfaces) StdoutLine: {'line': b'-- Up-to-date: /home/huangbo/ros2_learn/tongxun_learn/src/install/student_interfaces/share/student_interfaces/rust/src/lib.rs\n'}
[2.860290] (student_interfaces) StdoutLine: {'line': b'-- Up-to-date: /home/huangbo/ros2_learn/tongxun_learn/src/install/student_interfaces/share/student_interfaces/rust/Cargo.toml\n'}
[2.860363] (student_interfaces) StdoutLine: {'line': b'-- Up-to-date: /home/huangbo/ros2_learn/tongxun_learn/src/install/student_interfaces/share/student_interfaces/rust/build.rs\n'}
[2.860542] (student_interfaces) StdoutLine: {'line': b'-- Up-to-date: /home/huangbo/ros2_learn/tongxun_learn/src/install/student_interfaces/share/student_interfaces/msg/Student.idl\n'}
[2.860608] (student_interfaces) StdoutLine: {'line': b'-- Up-to-date: /home/huangbo/ros2_learn/tongxun_learn/src/install/student_interfaces/share/student_interfaces/srv/Addints.idl\n'}
[2.860673] (student_interfaces) StdoutLine: {'line': b'-- Up-to-date: /home/huangbo/ros2_learn/tongxun_learn/src/install/student_interfaces/share/student_interfaces/action/Progress.idl\n'}
[2.862055] (student_interfaces) StdoutLine: {'line': b'-- Up-to-date: /home/huangbo/ros2_learn/tongxun_learn/src/install/student_interfaces/share/student_interfaces/msg/Student.msg\n'}
[2.862159] (student_interfaces) StdoutLine: {'line': b'-- Up-to-date: /home/huangbo/ros2_learn/tongxun_learn/src/install/student_interfaces/share/student_interfaces/srv/Addints.srv\n'}
[2.862466] (student_interfaces) StdoutLine: {'line': b'-- Up-to-date: /home/huangbo/ros2_learn/tongxun_learn/src/install/student_interfaces/share/student_interfaces/action/Progress.action\n'}
[2.862775] (student_interfaces) StdoutLine: {'line': b'-- Up-to-date: /home/huangbo/ros2_learn/tongxun_learn/src/install/student_interfaces/share/ament_index/resource_index/package_run_dependencies/student_interfaces\n'}
[2.862952] (student_interfaces) StdoutLine: {'line': b'-- Up-to-date: /home/huangbo/ros2_learn/tongxun_learn/src/install/student_interfaces/share/ament_index/resource_index/parent_prefix_path/student_interfaces\n'}
[2.863099] (student_interfaces) StdoutLine: {'line': b'-- Up-to-date: /home/huangbo/ros2_learn/tongxun_learn/src/install/student_interfaces/share/student_interfaces/environment/ament_prefix_path.sh\n'}
[2.865583] (student_interfaces) StdoutLine: {'line': b'-- Up-to-date: /home/huangbo/ros2_learn/tongxun_learn/src/install/student_interfaces/share/student_interfaces/environment/ament_prefix_path.dsv\n'}
[2.866992] (student_interfaces) StdoutLine: {'line': b'-- Up-to-date: /home/huangbo/ros2_learn/tongxun_learn/src/install/student_interfaces/share/student_interfaces/environment/path.sh\n'}
[2.867083] (student_interfaces) StdoutLine: {'line': b'-- Up-to-date: /home/huangbo/ros2_learn/tongxun_learn/src/install/student_interfaces/share/student_interfaces/environment/path.dsv\n'}
[2.867146] (student_interfaces) StdoutLine: {'line': b'-- Up-to-date: /home/huangbo/ros2_learn/tongxun_learn/src/install/student_interfaces/share/student_interfaces/local_setup.bash\n'}
[2.867204] (student_interfaces) StdoutLine: {'line': b'-- Up-to-date: /home/huangbo/ros2_learn/tongxun_learn/src/install/student_interfaces/share/student_interfaces/local_setup.sh\n'}
[2.867277] (student_interfaces) StdoutLine: {'line': b'-- Up-to-date: /home/huangbo/ros2_learn/tongxun_learn/src/install/student_interfaces/share/student_interfaces/local_setup.zsh\n'}
[2.867333] (student_interfaces) StdoutLine: {'line': b'-- Up-to-date: /home/huangbo/ros2_learn/tongxun_learn/src/install/student_interfaces/share/student_interfaces/local_setup.dsv\n'}
[2.868465] (student_interfaces) StdoutLine: {'line': b'-- Installing: /home/huangbo/ros2_learn/tongxun_learn/src/install/student_interfaces/share/student_interfaces/package.dsv\n'}
[2.868657] (student_interfaces) StdoutLine: {'line': b'-- Up-to-date: /home/huangbo/ros2_learn/tongxun_learn/src/install/student_interfaces/share/ament_index/resource_index/packages/student_interfaces\n'}
[2.870128] (student_interfaces) StdoutLine: {'line': b'-- Up-to-date: /home/huangbo/ros2_learn/tongxun_learn/src/install/student_interfaces/share/student_interfaces/cmake/export_student_interfaces__rosidl_generator_cExport.cmake\n'}
[2.870261] (-) TimerEvent: {}
[2.872219] (student_interfaces) StdoutLine: {'line': b'-- Up-to-date: /home/huangbo/ros2_learn/tongxun_learn/src/install/student_interfaces/share/student_interfaces/cmake/export_student_interfaces__rosidl_generator_cExport-noconfig.cmake\n'}
[2.872899] (student_interfaces) StdoutLine: {'line': b'-- Up-to-date: /home/huangbo/ros2_learn/tongxun_learn/src/install/student_interfaces/share/student_interfaces/cmake/export_student_interfaces__rosidl_typesupport_fastrtps_cExport.cmake\n'}
[2.873030] (student_interfaces) StdoutLine: {'line': b'-- Up-to-date: /home/huangbo/ros2_learn/tongxun_learn/src/install/student_interfaces/share/student_interfaces/cmake/export_student_interfaces__rosidl_typesupport_fastrtps_cExport-noconfig.cmake\n'}
[2.873311] (student_interfaces) StdoutLine: {'line': b'-- Up-to-date: /home/huangbo/ros2_learn/tongxun_learn/src/install/student_interfaces/share/student_interfaces/cmake/student_interfaces__rosidl_typesupport_introspection_cExport.cmake\n'}
[2.873971] (student_interfaces) StdoutLine: {'line': b'-- Up-to-date: /home/huangbo/ros2_learn/tongxun_learn/src/install/student_interfaces/share/student_interfaces/cmake/student_interfaces__rosidl_typesupport_introspection_cExport-noconfig.cmake\n'}
[2.876285] (student_interfaces) StdoutLine: {'line': b'-- Up-to-date: /home/huangbo/ros2_learn/tongxun_learn/src/install/student_interfaces/share/student_interfaces/cmake/student_interfaces__rosidl_typesupport_cExport.cmake\n'}
[2.876614] (student_interfaces) StdoutLine: {'line': b'-- Up-to-date: /home/huangbo/ros2_learn/tongxun_learn/src/install/student_interfaces/share/student_interfaces/cmake/student_interfaces__rosidl_typesupport_cExport-noconfig.cmake\n'}
[2.877270] (student_interfaces) StdoutLine: {'line': b'-- Up-to-date: /home/huangbo/ros2_learn/tongxun_learn/src/install/student_interfaces/share/student_interfaces/cmake/export_student_interfaces__rosidl_generator_cppExport.cmake\n'}
[2.879043] (student_interfaces) StdoutLine: {'line': b'-- Up-to-date: /home/huangbo/ros2_learn/tongxun_learn/src/install/student_interfaces/share/student_interfaces/cmake/export_student_interfaces__rosidl_typesupport_fastrtps_cppExport.cmake\n'}
[2.879202] (student_interfaces) StdoutLine: {'line': b'-- Up-to-date: /home/huangbo/ros2_learn/tongxun_learn/src/install/student_interfaces/share/student_interfaces/cmake/export_student_interfaces__rosidl_typesupport_fastrtps_cppExport-noconfig.cmake\n'}
[2.880693] (student_interfaces) StdoutLine: {'line': b'-- Up-to-date: /home/huangbo/ros2_learn/tongxun_learn/src/install/student_interfaces/share/student_interfaces/cmake/student_interfaces__rosidl_typesupport_introspection_cppExport.cmake\n'}
[2.881003] (student_interfaces) StdoutLine: {'line': b'-- Up-to-date: /home/huangbo/ros2_learn/tongxun_learn/src/install/student_interfaces/share/student_interfaces/cmake/student_interfaces__rosidl_typesupport_introspection_cppExport-noconfig.cmake\n'}
[2.884557] (student_interfaces) StdoutLine: {'line': b'-- Up-to-date: /home/huangbo/ros2_learn/tongxun_learn/src/install/student_interfaces/share/student_interfaces/cmake/student_interfaces__rosidl_typesupport_cppExport.cmake\n'}
[2.885008] (student_interfaces) StdoutLine: {'line': b'-- Up-to-date: /home/huangbo/ros2_learn/tongxun_learn/src/install/student_interfaces/share/student_interfaces/cmake/student_interfaces__rosidl_typesupport_cppExport-noconfig.cmake\n'}
[2.885106] (student_interfaces) StdoutLine: {'line': b'-- Up-to-date: /home/huangbo/ros2_learn/tongxun_learn/src/install/student_interfaces/share/student_interfaces/cmake/export_student_interfaces__rosidl_generator_pyExport.cmake\n'}
[2.886150] (student_interfaces) StdoutLine: {'line': b'-- Up-to-date: /home/huangbo/ros2_learn/tongxun_learn/src/install/student_interfaces/share/student_interfaces/cmake/export_student_interfaces__rosidl_generator_pyExport-noconfig.cmake\n'}
[2.887688] (student_interfaces) StdoutLine: {'line': b'-- Up-to-date: /home/huangbo/ros2_learn/tongxun_learn/src/install/student_interfaces/share/student_interfaces/cmake/rosidl_cmake-extras.cmake\n'}
[2.887795] (student_interfaces) StdoutLine: {'line': b'-- Up-to-date: /home/huangbo/ros2_learn/tongxun_learn/src/install/student_interfaces/share/student_interfaces/cmake/ament_cmake_export_dependencies-extras.cmake\n'}
[2.888625] (student_interfaces) StdoutLine: {'line': b'-- Up-to-date: /home/huangbo/ros2_learn/tongxun_learn/src/install/student_interfaces/share/student_interfaces/cmake/ament_cmake_export_include_directories-extras.cmake\n'}
[2.888733] (student_interfaces) StdoutLine: {'line': b'-- Up-to-date: /home/huangbo/ros2_learn/tongxun_learn/src/install/student_interfaces/share/student_interfaces/cmake/ament_cmake_export_libraries-extras.cmake\n'}
[2.888826] (student_interfaces) StdoutLine: {'line': b'-- Up-to-date: /home/huangbo/ros2_learn/tongxun_learn/src/install/student_interfaces/share/student_interfaces/cmake/ament_cmake_export_targets-extras.cmake\n'}
[2.888895] (student_interfaces) StdoutLine: {'line': b'-- Up-to-date: /home/huangbo/ros2_learn/tongxun_learn/src/install/student_interfaces/share/student_interfaces/cmake/rosidl_cmake_export_typesupport_targets-extras.cmake\n'}
[2.889013] (student_interfaces) StdoutLine: {'line': b'-- Up-to-date: /home/huangbo/ros2_learn/tongxun_learn/src/install/student_interfaces/share/student_interfaces/cmake/rosidl_cmake_export_typesupport_libraries-extras.cmake\n'}
[2.889077] (student_interfaces) StdoutLine: {'line': b'-- Up-to-date: /home/huangbo/ros2_learn/tongxun_learn/src/install/student_interfaces/share/student_interfaces/cmake/rosidl_cmake_aggregate_target-extras.cmake\n'}
[2.889169] (student_interfaces) StdoutLine: {'line': b'-- Up-to-date: /home/huangbo/ros2_learn/tongxun_learn/src/install/student_interfaces/share/student_interfaces/cmake/student_interfacesConfig.cmake\n'}
[2.889233] (student_interfaces) StdoutLine: {'line': b'-- Up-to-date: /home/huangbo/ros2_learn/tongxun_learn/src/install/student_interfaces/share/student_interfaces/cmake/student_interfacesConfig-version.cmake\n'}
[2.889329] (student_interfaces) StdoutLine: {'line': b'-- Up-to-date: /home/huangbo/ros2_learn/tongxun_learn/src/install/student_interfaces/share/student_interfaces/package.xml\n'}
[2.897088] (student_interfaces) CommandEnded: {'returncode': 0}
[2.970615] (-) TimerEvent: {}
[2.979997] (student_interfaces) JobEnded: {'identifier': 'student_interfaces', 'rc': 0}
[2.982019] (py02_service) JobStarted: {'identifier': 'py02_service'}
[3.072658] (-) TimerEvent: {}
[3.175818] (-) TimerEvent: {}
[3.277952] (-) TimerEvent: {}
[3.382160] (-) TimerEvent: {}
[3.476946] (base_tongxun_s) Command: {'cmd': ['/usr/bin/python3', '-W', 'ignore:setup.py install is deprecated', '-W', 'ignore:easy_install command is deprecated', 'setup.py', 'egg_info', '--egg-base', '../build/base_tongxun_s', 'build', '--build-base', '/home/huangbo/ros2_learn/tongxun_learn/src/build/base_tongxun_s/build', 'install', '--record', '/home/huangbo/ros2_learn/tongxun_learn/src/build/base_tongxun_s/install.log', '--install-scripts', '$base/lib/base_tongxun_s', '--single-version-externally-managed', 'install_data'], 'cwd': '/home/huangbo/ros2_learn/tongxun_learn/src/base_tongxun_s', 'env': OrderedDict({'PYTHON_BASIC_REPL': '1', 'LESSOPEN': '| /usr/bin/lesspipe %s', 'USER': 'huangbo', 'SSH_CLIENT': '192.168.91.1 12340 22', 'XDG_SESSION_TYPE': 'tty', 'GIT_ASKPASS': '/home/huangbo/.vscode-server/cli/servers/Stable-7debcd0e2acdea1c52de81bf9ee1620444407dda/server/extensions/git/dist/askpass.sh', 'SHLVL': '1', 'LD_LIBRARY_PATH': '/home/huangbo/ros2_learn/tongxun_learn/src/install/student_interfaces/lib:/opt/ros/jazzy/opt/rviz_ogre_vendor/lib:/opt/ros/jazzy/lib/x86_64-linux-gnu:/opt/ros/jazzy/opt/gz_math_vendor/lib:/opt/ros/jazzy/opt/gz_utils_vendor/lib:/opt/ros/jazzy/opt/gz_cmake_vendor/lib:/opt/ros/jazzy/lib', 'BROWSER': '/home/huangbo/.vscode-server/cli/servers/Stable-7debcd0e2acdea1c52de81bf9ee1620444407dda/server/bin/helpers/browser.sh', 'HOME': '/home/huangbo', 'OLDPWD': '/home/huangbo/ros2_learn/tongxun_learn', 'TERM_PROGRAM_VERSION': '1.138.0', 'VSCODE_IPC_HOOK_CLI': '/run/user/1000/vscode-ipc-00b45f1c-0bba-44f7-88d2-6b887fa08722.sock', 'ROS_PYTHON_VERSION': '3', 'VSCODE_GIT_ASKPASS_MAIN': '/home/huangbo/.vscode-server/cli/servers/Stable-7debcd0e2acdea1c52de81bf9ee1620444407dda/server/extensions/git/dist/askpass-main.js', 'VSCODE_GIT_ASKPASS_NODE': '/home/huangbo/.vscode-server/cli/servers/Stable-7debcd0e2acdea1c52de81bf9ee1620444407dda/server/node', 'PYDEVD_DISABLE_FILE_VALIDATION': '1', 'BUNDLED_DEBUGPY_PATH': '/home/huangbo/.vscode-server/extensions/ms-python.debugpy-2026.6.0-linux-x64/bundled/libs/debugpy', 'VSCODE_PYTHON_AUTOACTIVATE_GUARD': '1', 'DBUS_SESSION_BUS_ADDRESS': 'unix:path=/run/user/1000/bus', 'COLORTERM': 'truecolor', 'DEBUGINFOD_URLS': 'https://debuginfod.ubuntu.com', 'COLCON_PREFIX_PATH': '/home/huangbo/ros2_learn/tongxun_learn/src/install', 'ROS_DISTRO': 'jazzy', 'LOGNAME': 'huangbo', '_': '/usr/bin/colcon', 'ROS_VERSION': '2', 'XDG_SESSION_CLASS': 'user', 'TERM': 'xterm-256color', 'XDG_SESSION_ID': '4', 'PATH': '/home/huangbo/.vscode-server/data/User/globalStorage/github.copilot-chat/debugCommand:/home/huangbo/.vscode-server/data/User/globalStorage/github.copilot-chat/copilotCli:/home/huangbo/.vscode-server/cli/servers/Stable-7debcd0e2acdea1c52de81bf9ee1620444407dda/server/bin/remote-cli:/opt/ros/jazzy/bin:/usr/local/sbin:/usr/local/bin:/usr/sbin:/usr/bin:/sbin:/bin:/usr/games:/usr/local/games:/snap/bin:/home/huangbo/.vscode-server/extensions/ms-python.debugpy-2026.6.0-linux-x64/bundled/scripts/noConfigScripts', 'XDG_RUNTIME_DIR': '/run/user/1000', 'VSCODE_DEBUGPY_ADAPTER_ENDPOINTS': '/home/huangbo/.vscode-server/extensions/ms-python.debugpy-2026.6.0-linux-x64/.noConfigDebugAdapterEndpoints/endpoint-6c2380fe732802f1.txt', 'LANG': 'zh_CN.UTF-8', 'PYTHONSTARTUP': '/home/huangbo/.vscode-server/data/User/workspaceStorage/c358a63721801e90ff5d3c048722ef27/ms-python.python/pythonrc.py', 'LS_COLORS': 'rs=0:di=01;34:ln=01;36:mh=00:pi=40;33:so=01;35:do=01;35:bd=40;33;01:cd=40;33;01:or=40;31;01:mi=00:su=37;41:sg=30;43:ca=00:tw=30;42:ow=34;42:st=37;44:ex=01;32:*.tar=01;31:*.tgz=01;31:*.arc=01;31:*.arj=01;31:*.taz=01;31:*.lha=01;31:*.lz4=01;31:*.lzh=01;31:*.lzma=01;31:*.tlz=01;31:*.txz=01;31:*.tzo=01;31:*.t7z=01;31:*.zip=01;31:*.z=01;31:*.dz=01;31:*.gz=01;31:*.lrz=01;31:*.lz=01;31:*.lzo=01;31:*.xz=01;31:*.zst=01;31:*.tzst=01;31:*.bz2=01;31:*.bz=01;31:*.tbz=01;31:*.tbz2=01;31:*.tz=01;31:*.deb=01;31:*.rpm=01;31:*.jar=01;31:*.war=01;31:*.ear=01;31:*.sar=01;31:*.rar=01;31:*.alz=01;31:*.ace=01;31:*.zoo=01;31:*.cpio=01;31:*.7z=01;31:*.rz=01;31:*.cab=01;31:*.wim=01;31:*.swm=01;31:*.dwm=01;31:*.esd=01;31:*.avif=01;35:*.jpg=01;35:*.jpeg=01;35:*.mjpg=01;35:*.mjpeg=01;35:*.gif=01;35:*.bmp=01;35:*.pbm=01;35:*.pgm=01;35:*.ppm=01;35:*.tga=01;35:*.xbm=01;35:*.xpm=01;35:*.tif=01;35:*.tiff=01;35:*.png=01;35:*.svg=01;35:*.svgz=01;35:*.mng=01;35:*.pcx=01;35:*.mov=01;35:*.mpg=01;35:*.mpeg=01;35:*.m2v=01;35:*.mkv=01;35:*.webm=01;35:*.webp=01;35:*.ogm=01;35:*.mp4=01;35:*.m4v=01;35:*.mp4v=01;35:*.vob=01;35:*.qt=01;35:*.nuv=01;35:*.wmv=01;35:*.asf=01;35:*.rm=01;35:*.rmvb=01;35:*.flc=01;35:*.avi=01;35:*.fli=01;35:*.flv=01;35:*.gl=01;35:*.dl=01;35:*.xcf=01;35:*.xwd=01;35:*.yuv=01;35:*.cgm=01;35:*.emf=01;35:*.ogv=01;35:*.ogx=01;35:*.aac=00;36:*.au=00;36:*.flac=00;36:*.m4a=00;36:*.mid=00;36:*.midi=00;36:*.mka=00;36:*.mp3=00;36:*.mpc=00;36:*.ogg=00;36:*.ra=00;36:*.wav=00;36:*.oga=00;36:*.opus=00;36:*.spx=00;36:*.xspf=00;36:*~=00;90:*#=00;90:*.bak=00;90:*.crdownload=00;90:*.dpkg-dist=00;90:*.dpkg-new=00;90:*.dpkg-old=00;90:*.dpkg-tmp=00;90:*.old=00;90:*.orig=00;90:*.part=00;90:*.rej=00;90:*.rpmnew=00;90:*.rpmorig=00;90:*.rpmsave=00;90:*.swp=00;90:*.tmp=00;90:*.ucf-dist=00;90:*.ucf-new=00;90:*.ucf-old=00;90:', 'VSCODE_GIT_IPC_HANDLE': '/run/user/1000/vscode-git-b3ba6a87e1.sock', 'TERM_PROGRAM': 'vscode', 'AMENT_PREFIX_PATH': '/home/huangbo/ros2_learn/tongxun_learn/src/install/py03_acton:/home/huangbo/ros2_learn/tongxun_learn/src/install/py01_topic:/home/huangbo/ros2_learn/tongxun_learn/src/install/student_interfaces:/home/huangbo/ros2_learn/tongxun_learn/src/install/py05_time:/home/huangbo/ros2_learn/tongxun_learn/src/install/py04_param:/home/huangbo/ros2_learn/tongxun_learn/src/install/py02_service_my:/home/huangbo/ros2_learn/tongxun_learn/src/install/py02_service:/home/huangbo/ros2_learn/tongxun_learn/src/install/base_tongxun_s:/opt/ros/jazzy', 'SHELL': '/bin/bash', 'LESSCLOSE': '/usr/bin/lesspipe %s %s', 'ROS_AUTOMATIC_DISCOVERY_RANGE': 'SUBNET', 'VSCODE_GIT_ASKPASS_EXTRA_ARGS': '', 'PWD': '/home/huangbo/ros2_learn/tongxun_learn/src/build/base_tongxun_s', 'COPILOT_DEBUG_NONCE': '0eaae38a08eb9b17f52bd7ed955eaf75', 'SSH_CONNECTION': '192.168.91.1 12340 192.168.91.129 22', 'XDG_DATA_DIRS': '/usr/share/gnome:/usr/local/share:/usr/share:/var/lib/snapd/desktop', 'PYTHONPATH': '/home/huangbo/ros2_learn/tongxun_learn/src/build/base_tongxun_s/prefix_override:/usr/lib/python3/dist-packages/colcon_core/task/python/colcon_distutils_commands:/home/huangbo/ros2_learn/tongxun_learn/src/install/base_tongxun_s/lib/python3.12/site-packages:/home/huangbo/ros2_learn/tongxun_learn/src/install/py03_acton/lib/python3.12/site-packages:/home/huangbo/ros2_learn/tongxun_learn/src/install/py01_topic/lib/python3.12/site-packages:/home/huangbo/ros2_learn/tongxun_learn/src/install/student_interfaces/lib/python3.12/site-packages:/home/huangbo/ros2_learn/tongxun_learn/src/install/py05_time/lib/python3.12/site-packages:/home/huangbo/ros2_learn/tongxun_learn/src/install/py04_param/lib/python3.12/site-packages:/home/huangbo/ros2_learn/tongxun_learn/src/install/py02_service_my/lib/python3.12/site-packages:/home/huangbo/ros2_learn/tongxun_learn/src/install/py02_service/lib/python3.12/site-packages:/home/huangbo/ros2_learn/tongxun_learn/src/install/base_tongxun_s/lib/python3.12/site-packages:/opt/ros/jazzy/opt/gz_math_vendor/lib/python:/opt/ros/jazzy/lib/python3.12/site-packages', 'COLCON': '1', 'CMAKE_PREFIX_PATH': '/home/huangbo/ros2_learn/tongxun_learn/src/install/student_interfaces:/opt/ros/jazzy/opt/gz_math_vendor:/opt/ros/jazzy/opt/gz_utils_vendor:/opt/ros/jazzy/opt/gz_cmake_vendor'}), 'shell': False}
[3.483351] (-) TimerEvent: {}
[3.584157] (-) TimerEvent: {}
[3.684791] (-) TimerEvent: {}
[3.786057] (-) TimerEvent: {}
[3.887288] (-) TimerEvent: {}
[3.921758] (base_tongxun_s) StdoutLine: {'line': b'running egg_info\n'}
[3.961921] (base_tongxun_s) StdoutLine: {'line': b'writing ../build/base_tongxun_s/base_tongxun_s.egg-info/PKG-INFO\n'}
[3.963934] (base_tongxun_s) StdoutLine: {'line': b'writing dependency_links to ../build/base_tongxun_s/base_tongxun_s.egg-info/dependency_links.txt\n'}
[3.966328] (base_tongxun_s) StdoutLine: {'line': b'writing requirements to ../build/base_tongxun_s/base_tongxun_s.egg-info/requires.txt\n'}
[3.966921] (base_tongxun_s) StdoutLine: {'line': b'writing top-level names to ../build/base_tongxun_s/base_tongxun_s.egg-info/top_level.txt\n'}
[3.988441] (-) TimerEvent: {}
[4.036907] (base_tongxun_s) StdoutLine: {'line': b"reading manifest file '../build/base_tongxun_s/base_tongxun_s.egg-info/SOURCES.txt'\n"}
[4.038911] (base_tongxun_s) StdoutLine: {'line': b"writing manifest file '../build/base_tongxun_s/base_tongxun_s.egg-info/SOURCES.txt'\n"}
[4.040199] (base_tongxun_s) StdoutLine: {'line': b'running build\n'}
[4.040453] (base_tongxun_s) StdoutLine: {'line': b'running build_py\n'}
[4.041458] (base_tongxun_s) StdoutLine: {'line': b'running install\n'}
[4.051426] (base_tongxun_s) StdoutLine: {'line': b'running install_lib\n'}
[4.085287] (base_tongxun_s) StdoutLine: {'line': b'running install_data\n'}
[4.086847] (base_tongxun_s) StdoutLine: {'line': b'running install_egg_info\n'}
[4.088618] (-) TimerEvent: {}
[4.119463] (base_tongxun_s) StdoutLine: {'line': b"removing '/home/huangbo/ros2_learn/tongxun_learn/src/install/base_tongxun_s/lib/python3.12/site-packages/base_tongxun_s-0.0.0-py3.12.egg-info' (and everything under it)\n"}
[4.121905] (base_tongxun_s) StdoutLine: {'line': b'Copying ../build/base_tongxun_s/base_tongxun_s.egg-info to /home/huangbo/ros2_learn/tongxun_learn/src/install/base_tongxun_s/lib/python3.12/site-packages/base_tongxun_s-0.0.0-py3.12.egg-info\n'}
[4.123328] (base_tongxun_s) StdoutLine: {'line': b'running install_scripts\n'}
[4.188985] (-) TimerEvent: {}
[4.296871] (-) TimerEvent: {}
[4.369281] (base_tongxun_s) StdoutLine: {'line': b"writing list of installed files to '/home/huangbo/ros2_learn/tongxun_learn/src/build/base_tongxun_s/install.log'\n"}
[4.397629] (-) TimerEvent: {}
[4.500893] (-) TimerEvent: {}
[4.542401] (base_tongxun_s) CommandEnded: {'returncode': 0}
[4.573660] (base_tongxun_s) JobEnded: {'identifier': 'base_tongxun_s', 'rc': 0}
[4.577100] (py02_service_my) JobStarted: {'identifier': 'py02_service_my'}
[4.602155] (-) TimerEvent: {}
[4.702740] (-) TimerEvent: {}
[4.805368] (-) TimerEvent: {}
[4.906256] (-) TimerEvent: {}
[5.006942] (-) TimerEvent: {}
[5.109976] (-) TimerEvent: {}
[5.210693] (-) TimerEvent: {}
[5.293374] (py02_service) Command: {'cmd': ['/usr/bin/python3', '-W', 'ignore:setup.py install is deprecated', '-W', 'ignore:easy_install command is deprecated', 'setup.py', 'egg_info', '--egg-base', '../build/py02_service', 'build', '--build-base', '/home/huangbo/ros2_learn/tongxun_learn/src/build/py02_service/build', 'install', '--record', '/home/huangbo/ros2_learn/tongxun_learn/src/build/py02_service/install.log', '--install-scripts', '$base/lib/py02_service', '--single-version-externally-managed', 'install_data'], 'cwd': '/home/huangbo/ros2_learn/tongxun_learn/src/py02_service', 'env': OrderedDict({'PYTHON_BASIC_REPL': '1', 'LESSOPEN': '| /usr/bin/lesspipe %s', 'USER': 'huangbo', 'SSH_CLIENT': '192.168.91.1 12340 22', 'XDG_SESSION_TYPE': 'tty', 'GIT_ASKPASS': '/home/huangbo/.vscode-server/cli/servers/Stable-7debcd0e2acdea1c52de81bf9ee1620444407dda/server/extensions/git/dist/askpass.sh', 'SHLVL': '1', 'LD_LIBRARY_PATH': '/home/huangbo/ros2_learn/tongxun_learn/src/install/student_interfaces/lib:/opt/ros/jazzy/opt/rviz_ogre_vendor/lib:/opt/ros/jazzy/lib/x86_64-linux-gnu:/opt/ros/jazzy/opt/gz_math_vendor/lib:/opt/ros/jazzy/opt/gz_utils_vendor/lib:/opt/ros/jazzy/opt/gz_cmake_vendor/lib:/opt/ros/jazzy/lib', 'BROWSER': '/home/huangbo/.vscode-server/cli/servers/Stable-7debcd0e2acdea1c52de81bf9ee1620444407dda/server/bin/helpers/browser.sh', 'HOME': '/home/huangbo', 'OLDPWD': '/home/huangbo/ros2_learn/tongxun_learn', 'TERM_PROGRAM_VERSION': '1.138.0', 'VSCODE_IPC_HOOK_CLI': '/run/user/1000/vscode-ipc-00b45f1c-0bba-44f7-88d2-6b887fa08722.sock', 'ROS_PYTHON_VERSION': '3', 'VSCODE_GIT_ASKPASS_MAIN': '/home/huangbo/.vscode-server/cli/servers/Stable-7debcd0e2acdea1c52de81bf9ee1620444407dda/server/extensions/git/dist/askpass-main.js', 'VSCODE_GIT_ASKPASS_NODE': '/home/huangbo/.vscode-server/cli/servers/Stable-7debcd0e2acdea1c52de81bf9ee1620444407dda/server/node', 'PYDEVD_DISABLE_FILE_VALIDATION': '1', 'BUNDLED_DEBUGPY_PATH': '/home/huangbo/.vscode-server/extensions/ms-python.debugpy-2026.6.0-linux-x64/bundled/libs/debugpy', 'VSCODE_PYTHON_AUTOACTIVATE_GUARD': '1', 'DBUS_SESSION_BUS_ADDRESS': 'unix:path=/run/user/1000/bus', 'COLORTERM': 'truecolor', 'DEBUGINFOD_URLS': 'https://debuginfod.ubuntu.com', 'COLCON_PREFIX_PATH': '/home/huangbo/ros2_learn/tongxun_learn/src/install', 'ROS_DISTRO': 'jazzy', 'LOGNAME': 'huangbo', '_': '/usr/bin/colcon', 'ROS_VERSION': '2', 'XDG_SESSION_CLASS': 'user', 'TERM': 'xterm-256color', 'XDG_SESSION_ID': '4', 'PATH': '/home/huangbo/.vscode-server/data/User/globalStorage/github.copilot-chat/debugCommand:/home/huangbo/.vscode-server/data/User/globalStorage/github.copilot-chat/copilotCli:/home/huangbo/.vscode-server/cli/servers/Stable-7debcd0e2acdea1c52de81bf9ee1620444407dda/server/bin/remote-cli:/opt/ros/jazzy/bin:/usr/local/sbin:/usr/local/bin:/usr/sbin:/usr/bin:/sbin:/bin:/usr/games:/usr/local/games:/snap/bin:/home/huangbo/.vscode-server/extensions/ms-python.debugpy-2026.6.0-linux-x64/bundled/scripts/noConfigScripts', 'XDG_RUNTIME_DIR': '/run/user/1000', 'VSCODE_DEBUGPY_ADAPTER_ENDPOINTS': '/home/huangbo/.vscode-server/extensions/ms-python.debugpy-2026.6.0-linux-x64/.noConfigDebugAdapterEndpoints/endpoint-6c2380fe732802f1.txt', 'LANG': 'zh_CN.UTF-8', 'PYTHONSTARTUP': '/home/huangbo/.vscode-server/data/User/workspaceStorage/c358a63721801e90ff5d3c048722ef27/ms-python.python/pythonrc.py', 'LS_COLORS': 'rs=0:di=01;34:ln=01;36:mh=00:pi=40;33:so=01;35:do=01;35:bd=40;33;01:cd=40;33;01:or=40;31;01:mi=00:su=37;41:sg=30;43:ca=00:tw=30;42:ow=34;42:st=37;44:ex=01;32:*.tar=01;31:*.tgz=01;31:*.arc=01;31:*.arj=01;31:*.taz=01;31:*.lha=01;31:*.lz4=01;31:*.lzh=01;31:*.lzma=01;31:*.tlz=01;31:*.txz=01;31:*.tzo=01;31:*.t7z=01;31:*.zip=01;31:*.z=01;31:*.dz=01;31:*.gz=01;31:*.lrz=01;31:*.lz=01;31:*.lzo=01;31:*.xz=01;31:*.zst=01;31:*.tzst=01;31:*.bz2=01;31:*.bz=01;31:*.tbz=01;31:*.tbz2=01;31:*.tz=01;31:*.deb=01;31:*.rpm=01;31:*.jar=01;31:*.war=01;31:*.ear=01;31:*.sar=01;31:*.rar=01;31:*.alz=01;31:*.ace=01;31:*.zoo=01;31:*.cpio=01;31:*.7z=01;31:*.rz=01;31:*.cab=01;31:*.wim=01;31:*.swm=01;31:*.dwm=01;31:*.esd=01;31:*.avif=01;35:*.jpg=01;35:*.jpeg=01;35:*.mjpg=01;35:*.mjpeg=01;35:*.gif=01;35:*.bmp=01;35:*.pbm=01;35:*.pgm=01;35:*.ppm=01;35:*.tga=01;35:*.xbm=01;35:*.xpm=01;35:*.tif=01;35:*.tiff=01;35:*.png=01;35:*.svg=01;35:*.svgz=01;35:*.mng=01;35:*.pcx=01;35:*.mov=01;35:*.mpg=01;35:*.mpeg=01;35:*.m2v=01;35:*.mkv=01;35:*.webm=01;35:*.webp=01;35:*.ogm=01;35:*.mp4=01;35:*.m4v=01;35:*.mp4v=01;35:*.vob=01;35:*.qt=01;35:*.nuv=01;35:*.wmv=01;35:*.asf=01;35:*.rm=01;35:*.rmvb=01;35:*.flc=01;35:*.avi=01;35:*.fli=01;35:*.flv=01;35:*.gl=01;35:*.dl=01;35:*.xcf=01;35:*.xwd=01;35:*.yuv=01;35:*.cgm=01;35:*.emf=01;35:*.ogv=01;35:*.ogx=01;35:*.aac=00;36:*.au=00;36:*.flac=00;36:*.m4a=00;36:*.mid=00;36:*.midi=00;36:*.mka=00;36:*.mp3=00;36:*.mpc=00;36:*.ogg=00;36:*.ra=00;36:*.wav=00;36:*.oga=00;36:*.opus=00;36:*.spx=00;36:*.xspf=00;36:*~=00;90:*#=00;90:*.bak=00;90:*.crdownload=00;90:*.dpkg-dist=00;90:*.dpkg-new=00;90:*.dpkg-old=00;90:*.dpkg-tmp=00;90:*.old=00;90:*.orig=00;90:*.part=00;90:*.rej=00;90:*.rpmnew=00;90:*.rpmorig=00;90:*.rpmsave=00;90:*.swp=00;90:*.tmp=00;90:*.ucf-dist=00;90:*.ucf-new=00;90:*.ucf-old=00;90:', 'VSCODE_GIT_IPC_HANDLE': '/run/user/1000/vscode-git-b3ba6a87e1.sock', 'TERM_PROGRAM': 'vscode', 'AMENT_PREFIX_PATH': '/home/huangbo/ros2_learn/tongxun_learn/src/install/py03_acton:/home/huangbo/ros2_learn/tongxun_learn/src/install/py01_topic:/home/huangbo/ros2_learn/tongxun_learn/src/install/student_interfaces:/home/huangbo/ros2_learn/tongxun_learn/src/install/py05_time:/home/huangbo/ros2_learn/tongxun_learn/src/install/py04_param:/home/huangbo/ros2_learn/tongxun_learn/src/install/py02_service_my:/home/huangbo/ros2_learn/tongxun_learn/src/install/py02_service:/home/huangbo/ros2_learn/tongxun_learn/src/install/base_tongxun_s:/opt/ros/jazzy', 'SHELL': '/bin/bash', 'LESSCLOSE': '/usr/bin/lesspipe %s %s', 'ROS_AUTOMATIC_DISCOVERY_RANGE': 'SUBNET', 'VSCODE_GIT_ASKPASS_EXTRA_ARGS': '', 'PWD': '/home/huangbo/ros2_learn/tongxun_learn/src/build/py02_service', 'COPILOT_DEBUG_NONCE': '0eaae38a08eb9b17f52bd7ed955eaf75', 'SSH_CONNECTION': '192.168.91.1 12340 192.168.91.129 22', 'XDG_DATA_DIRS': '/usr/share/gnome:/usr/local/share:/usr/share:/var/lib/snapd/desktop', 'PYTHONPATH': '/home/huangbo/ros2_learn/tongxun_learn/src/build/py02_service/prefix_override:/usr/lib/python3/dist-packages/colcon_core/task/python/colcon_distutils_commands:/home/huangbo/ros2_learn/tongxun_learn/src/install/py02_service/lib/python3.12/site-packages:/home/huangbo/ros2_learn/tongxun_learn/src/install/py03_acton/lib/python3.12/site-packages:/home/huangbo/ros2_learn/tongxun_learn/src/install/py01_topic/lib/python3.12/site-packages:/home/huangbo/ros2_learn/tongxun_learn/src/install/student_interfaces/lib/python3.12/site-packages:/home/huangbo/ros2_learn/tongxun_learn/src/install/py05_time/lib/python3.12/site-packages:/home/huangbo/ros2_learn/tongxun_learn/src/install/py04_param/lib/python3.12/site-packages:/home/huangbo/ros2_learn/tongxun_learn/src/install/py02_service_my/lib/python3.12/site-packages:/home/huangbo/ros2_learn/tongxun_learn/src/install/py02_service/lib/python3.12/site-packages:/home/huangbo/ros2_learn/tongxun_learn/src/install/base_tongxun_s/lib/python3.12/site-packages:/opt/ros/jazzy/opt/gz_math_vendor/lib/python:/opt/ros/jazzy/lib/python3.12/site-packages', 'COLCON': '1', 'CMAKE_PREFIX_PATH': '/home/huangbo/ros2_learn/tongxun_learn/src/install/student_interfaces:/opt/ros/jazzy/opt/gz_math_vendor:/opt/ros/jazzy/opt/gz_utils_vendor:/opt/ros/jazzy/opt/gz_cmake_vendor'}), 'shell': False}
[5.313885] (-) TimerEvent: {}
[5.414794] (-) TimerEvent: {}
[5.516623] (-) TimerEvent: {}
[5.617971] (-) TimerEvent: {}
[5.722540] (-) TimerEvent: {}
[5.824278] (-) TimerEvent: {}
[5.927235] (-) TimerEvent: {}
[6.027854] (-) TimerEvent: {}
[6.132223] (-) TimerEvent: {}
[6.233281] (-) TimerEvent: {}
[6.340693] (-) TimerEvent: {}
[6.441602] (-) TimerEvent: {}
[6.544731] (-) TimerEvent: {}
[6.585417] (py02_service) StdoutLine: {'line': b'running egg_info\n'}
[6.645149] (-) TimerEvent: {}
[6.646379] (py02_service) StdoutLine: {'line': b'writing ../build/py02_service/py02_service.egg-info/PKG-INFO\n'}
[6.646836] (py02_service) StdoutLine: {'line': b'writing dependency_links to ../build/py02_service/py02_service.egg-info/dependency_links.txt\n'}
[6.650933] (py02_service) StdoutLine: {'line': b'writing entry points to ../build/py02_service/py02_service.egg-info/entry_points.txt\n'}
[6.652504] (py02_service) StdoutLine: {'line': b'writing requirements to ../build/py02_service/py02_service.egg-info/requires.txt\n'}
[6.652706] (py02_service) StdoutLine: {'line': b'writing top-level names to ../build/py02_service/py02_service.egg-info/top_level.txt\n'}
[6.748908] (-) TimerEvent: {}
[6.796465] (py02_service) StdoutLine: {'line': b"reading manifest file '../build/py02_service/py02_service.egg-info/SOURCES.txt'\n"}
[6.801890] (py02_service) StdoutLine: {'line': b"writing manifest file '../build/py02_service/py02_service.egg-info/SOURCES.txt'\n"}
[6.802206] (py02_service) StdoutLine: {'line': b'running build\n'}
[6.803101] (py02_service) StdoutLine: {'line': b'running build_py\n'}
[6.803291] (py02_service) StdoutLine: {'line': b'running install\n'}
[6.817322] (py02_service) StdoutLine: {'line': b'running install_lib\n'}
[6.849570] (-) TimerEvent: {}
[6.870215] (py02_service) StdoutLine: {'line': b'running install_data\n'}
[6.872806] (py02_service) StdoutLine: {'line': b'running install_egg_info\n'}
[6.930635] (py02_service) StdoutLine: {'line': b"removing '/home/huangbo/ros2_learn/tongxun_learn/src/install/py02_service/lib/python3.12/site-packages/py02_service-0.0.0-py3.12.egg-info' (and everything under it)\n"}
[6.932848] (py02_service) StdoutLine: {'line': b'Copying ../build/py02_service/py02_service.egg-info to /home/huangbo/ros2_learn/tongxun_learn/src/install/py02_service/lib/python3.12/site-packages/py02_service-0.0.0-py3.12.egg-info\n'}
[6.935827] (py02_service) StdoutLine: {'line': b'running install_scripts\n'}
[6.949968] (-) TimerEvent: {}
[7.051786] (-) TimerEvent: {}
[7.152176] (-) TimerEvent: {}
[7.253386] (-) TimerEvent: {}
[7.256962] (py02_service_my) Command: {'cmd': ['/usr/bin/python3', '-W', 'ignore:setup.py install is deprecated', '-W', 'ignore:easy_install command is deprecated', 'setup.py', 'egg_info', '--egg-base', '../build/py02_service_my', 'build', '--build-base', '/home/huangbo/ros2_learn/tongxun_learn/src/build/py02_service_my/build', 'install', '--record', '/home/huangbo/ros2_learn/tongxun_learn/src/build/py02_service_my/install.log', '--install-scripts', '$base/lib/py02_service_my', '--single-version-externally-managed', 'install_data'], 'cwd': '/home/huangbo/ros2_learn/tongxun_learn/src/py02_service_my', 'env': OrderedDict({'PYTHON_BASIC_REPL': '1', 'LESSOPEN': '| /usr/bin/lesspipe %s', 'USER': 'huangbo', 'SSH_CLIENT': '192.168.91.1 12340 22', 'XDG_SESSION_TYPE': 'tty', 'GIT_ASKPASS': '/home/huangbo/.vscode-server/cli/servers/Stable-7debcd0e2acdea1c52de81bf9ee1620444407dda/server/extensions/git/dist/askpass.sh', 'SHLVL': '1', 'LD_LIBRARY_PATH': '/home/huangbo/ros2_learn/tongxun_learn/src/install/student_interfaces/lib:/opt/ros/jazzy/opt/rviz_ogre_vendor/lib:/opt/ros/jazzy/lib/x86_64-linux-gnu:/opt/ros/jazzy/opt/gz_math_vendor/lib:/opt/ros/jazzy/opt/gz_utils_vendor/lib:/opt/ros/jazzy/opt/gz_cmake_vendor/lib:/opt/ros/jazzy/lib', 'BROWSER': '/home/huangbo/.vscode-server/cli/servers/Stable-7debcd0e2acdea1c52de81bf9ee1620444407dda/server/bin/helpers/browser.sh', 'HOME': '/home/huangbo', 'OLDPWD': '/home/huangbo/ros2_learn/tongxun_learn', 'TERM_PROGRAM_VERSION': '1.138.0', 'VSCODE_IPC_HOOK_CLI': '/run/user/1000/vscode-ipc-00b45f1c-0bba-44f7-88d2-6b887fa08722.sock', 'ROS_PYTHON_VERSION': '3', 'VSCODE_GIT_ASKPASS_MAIN': '/home/huangbo/.vscode-server/cli/servers/Stable-7debcd0e2acdea1c52de81bf9ee1620444407dda/server/extensions/git/dist/askpass-main.js', 'VSCODE_GIT_ASKPASS_NODE': '/home/huangbo/.vscode-server/cli/servers/Stable-7debcd0e2acdea1c52de81bf9ee1620444407dda/server/node', 'PYDEVD_DISABLE_FILE_VALIDATION': '1', 'BUNDLED_DEBUGPY_PATH': '/home/huangbo/.vscode-server/extensions/ms-python.debugpy-2026.6.0-linux-x64/bundled/libs/debugpy', 'VSCODE_PYTHON_AUTOACTIVATE_GUARD': '1', 'DBUS_SESSION_BUS_ADDRESS': 'unix:path=/run/user/1000/bus', 'COLORTERM': 'truecolor', 'DEBUGINFOD_URLS': 'https://debuginfod.ubuntu.com', 'COLCON_PREFIX_PATH': '/home/huangbo/ros2_learn/tongxun_learn/src/install', 'ROS_DISTRO': 'jazzy', 'LOGNAME': 'huangbo', '_': '/usr/bin/colcon', 'ROS_VERSION': '2', 'XDG_SESSION_CLASS': 'user', 'TERM': 'xterm-256color', 'XDG_SESSION_ID': '4', 'PATH': '/home/huangbo/.vscode-server/data/User/globalStorage/github.copilot-chat/debugCommand:/home/huangbo/.vscode-server/data/User/globalStorage/github.copilot-chat/copilotCli:/home/huangbo/.vscode-server/cli/servers/Stable-7debcd0e2acdea1c52de81bf9ee1620444407dda/server/bin/remote-cli:/opt/ros/jazzy/bin:/usr/local/sbin:/usr/local/bin:/usr/sbin:/usr/bin:/sbin:/bin:/usr/games:/usr/local/games:/snap/bin:/home/huangbo/.vscode-server/extensions/ms-python.debugpy-2026.6.0-linux-x64/bundled/scripts/noConfigScripts', 'XDG_RUNTIME_DIR': '/run/user/1000', 'VSCODE_DEBUGPY_ADAPTER_ENDPOINTS': '/home/huangbo/.vscode-server/extensions/ms-python.debugpy-2026.6.0-linux-x64/.noConfigDebugAdapterEndpoints/endpoint-6c2380fe732802f1.txt', 'LANG': 'zh_CN.UTF-8', 'PYTHONSTARTUP': '/home/huangbo/.vscode-server/data/User/workspaceStorage/c358a63721801e90ff5d3c048722ef27/ms-python.python/pythonrc.py', 'LS_COLORS': 'rs=0:di=01;34:ln=01;36:mh=00:pi=40;33:so=01;35:do=01;35:bd=40;33;01:cd=40;33;01:or=40;31;01:mi=00:su=37;41:sg=30;43:ca=00:tw=30;42:ow=34;42:st=37;44:ex=01;32:*.tar=01;31:*.tgz=01;31:*.arc=01;31:*.arj=01;31:*.taz=01;31:*.lha=01;31:*.lz4=01;31:*.lzh=01;31:*.lzma=01;31:*.tlz=01;31:*.txz=01;31:*.tzo=01;31:*.t7z=01;31:*.zip=01;31:*.z=01;31:*.dz=01;31:*.gz=01;31:*.lrz=01;31:*.lz=01;31:*.lzo=01;31:*.xz=01;31:*.zst=01;31:*.tzst=01;31:*.bz2=01;31:*.bz=01;31:*.tbz=01;31:*.tbz2=01;31:*.tz=01;31:*.deb=01;31:*.rpm=01;31:*.jar=01;31:*.war=01;31:*.ear=01;31:*.sar=01;31:*.rar=01;31:*.alz=01;31:*.ace=01;31:*.zoo=01;31:*.cpio=01;31:*.7z=01;31:*.rz=01;31:*.cab=01;31:*.wim=01;31:*.swm=01;31:*.dwm=01;31:*.esd=01;31:*.avif=01;35:*.jpg=01;35:*.jpeg=01;35:*.mjpg=01;35:*.mjpeg=01;35:*.gif=01;35:*.bmp=01;35:*.pbm=01;35:*.pgm=01;35:*.ppm=01;35:*.tga=01;35:*.xbm=01;35:*.xpm=01;35:*.tif=01;35:*.tiff=01;35:*.png=01;35:*.svg=01;35:*.svgz=01;35:*.mng=01;35:*.pcx=01;35:*.mov=01;35:*.mpg=01;35:*.mpeg=01;35:*.m2v=01;35:*.mkv=01;35:*.webm=01;35:*.webp=01;35:*.ogm=01;35:*.mp4=01;35:*.m4v=01;35:*.mp4v=01;35:*.vob=01;35:*.qt=01;35:*.nuv=01;35:*.wmv=01;35:*.asf=01;35:*.rm=01;35:*.rmvb=01;35:*.flc=01;35:*.avi=01;35:*.fli=01;35:*.flv=01;35:*.gl=01;35:*.dl=01;35:*.xcf=01;35:*.xwd=01;35:*.yuv=01;35:*.cgm=01;35:*.emf=01;35:*.ogv=01;35:*.ogx=01;35:*.aac=00;36:*.au=00;36:*.flac=00;36:*.m4a=00;36:*.mid=00;36:*.midi=00;36:*.mka=00;36:*.mp3=00;36:*.mpc=00;36:*.ogg=00;36:*.ra=00;36:*.wav=00;36:*.oga=00;36:*.opus=00;36:*.spx=00;36:*.xspf=00;36:*~=00;90:*#=00;90:*.bak=00;90:*.crdownload=00;90:*.dpkg-dist=00;90:*.dpkg-new=00;90:*.dpkg-old=00;90:*.dpkg-tmp=00;90:*.old=00;90:*.orig=00;90:*.part=00;90:*.rej=00;90:*.rpmnew=00;90:*.rpmorig=00;90:*.rpmsave=00;90:*.swp=00;90:*.tmp=00;90:*.ucf-dist=00;90:*.ucf-new=00;90:*.ucf-old=00;90:', 'VSCODE_GIT_IPC_HANDLE': '/run/user/1000/vscode-git-b3ba6a87e1.sock', 'TERM_PROGRAM': 'vscode', 'AMENT_PREFIX_PATH': '/home/huangbo/ros2_learn/tongxun_learn/src/install/py03_acton:/home/huangbo/ros2_learn/tongxun_learn/src/install/py01_topic:/home/huangbo/ros2_learn/tongxun_learn/src/install/student_interfaces:/home/huangbo/ros2_learn/tongxun_learn/src/install/py05_time:/home/huangbo/ros2_learn/tongxun_learn/src/install/py04_param:/home/huangbo/ros2_learn/tongxun_learn/src/install/py02_service_my:/home/huangbo/ros2_learn/tongxun_learn/src/install/py02_service:/home/huangbo/ros2_learn/tongxun_learn/src/install/base_tongxun_s:/opt/ros/jazzy', 'SHELL': '/bin/bash', 'LESSCLOSE': '/usr/bin/lesspipe %s %s', 'ROS_AUTOMATIC_DISCOVERY_RANGE': 'SUBNET', 'VSCODE_GIT_ASKPASS_EXTRA_ARGS': '', 'PWD': '/home/huangbo/ros2_learn/tongxun_learn/src/build/py02_service_my', 'COPILOT_DEBUG_NONCE': '0eaae38a08eb9b17f52bd7ed955eaf75', 'SSH_CONNECTION': '192.168.91.1 12340 192.168.91.129 22', 'XDG_DATA_DIRS': '/usr/share/gnome:/usr/local/share:/usr/share:/var/lib/snapd/desktop', 'PYTHONPATH': '/home/huangbo/ros2_learn/tongxun_learn/src/build/py02_service_my/prefix_override:/usr/lib/python3/dist-packages/colcon_core/task/python/colcon_distutils_commands:/home/huangbo/ros2_learn/tongxun_learn/src/install/py02_service_my/lib/python3.12/site-packages:/home/huangbo/ros2_learn/tongxun_learn/src/install/py03_acton/lib/python3.12/site-packages:/home/huangbo/ros2_learn/tongxun_learn/src/install/py01_topic/lib/python3.12/site-packages:/home/huangbo/ros2_learn/tongxun_learn/src/install/student_interfaces/lib/python3.12/site-packages:/home/huangbo/ros2_learn/tongxun_learn/src/install/py05_time/lib/python3.12/site-packages:/home/huangbo/ros2_learn/tongxun_learn/src/install/py04_param/lib/python3.12/site-packages:/home/huangbo/ros2_learn/tongxun_learn/src/install/py02_service_my/lib/python3.12/site-packages:/home/huangbo/ros2_learn/tongxun_learn/src/install/py02_service/lib/python3.12/site-packages:/home/huangbo/ros2_learn/tongxun_learn/src/install/base_tongxun_s/lib/python3.12/site-packages:/opt/ros/jazzy/opt/gz_math_vendor/lib/python:/opt/ros/jazzy/lib/python3.12/site-packages', 'COLCON': '1', 'CMAKE_PREFIX_PATH': '/home/huangbo/ros2_learn/tongxun_learn/src/install/student_interfaces:/opt/ros/jazzy/opt/gz_math_vendor:/opt/ros/jazzy/opt/gz_utils_vendor:/opt/ros/jazzy/opt/gz_cmake_vendor'}), 'shell': False}
[7.354969] (-) TimerEvent: {}
[7.408609] (py02_service) StdoutLine: {'line': b'Installing demo01_server_py script to /home/huangbo/ros2_learn/tongxun_learn/src/install/py02_service/lib/py02_service\n'}
[7.408824] (py02_service) StdoutLine: {'line': b'Installing demo02_client_py script to /home/huangbo/ros2_learn/tongxun_learn/src/install/py02_service/lib/py02_service\n'}
[7.408913] (py02_service) StdoutLine: {'line': b"writing list of installed files to '/home/huangbo/ros2_learn/tongxun_learn/src/build/py02_service/install.log'\n"}
[7.455532] (-) TimerEvent: {}
[7.520633] (py02_service) CommandEnded: {'returncode': 0}
[7.550084] (py02_service) JobEnded: {'identifier': 'py02_service', 'rc': 0}
[7.556929] (-) TimerEvent: {}
[7.557069] (py04_param) JobStarted: {'identifier': 'py04_param'}
[7.657850] (-) TimerEvent: {}
[7.761116] (-) TimerEvent: {}
[7.862340] (-) TimerEvent: {}
[7.908427] (py02_service_my) StdoutLine: {'line': b'running egg_info\n'}
[7.933648] (py02_service_my) StdoutLine: {'line': b'writing ../build/py02_service_my/py02_service_my.egg-info/PKG-INFO\n'}
[7.934538] (py02_service_my) StdoutLine: {'line': b'writing dependency_links to ../build/py02_service_my/py02_service_my.egg-info/dependency_links.txt\n'}
[7.935145] (py02_service_my) StdoutLine: {'line': b'writing entry points to ../build/py02_service_my/py02_service_my.egg-info/entry_points.txt\n'}
[7.935720] (py02_service_my) StdoutLine: {'line': b'writing requirements to ../build/py02_service_my/py02_service_my.egg-info/requires.txt\n'}
[7.936227] (py02_service_my) StdoutLine: {'line': b'writing top-level names to ../build/py02_service_my/py02_service_my.egg-info/top_level.txt\n'}
[7.963674] (-) TimerEvent: {}
[7.986406] (py02_service_my) StdoutLine: {'line': b"reading manifest file '../build/py02_service_my/py02_service_my.egg-info/SOURCES.txt'\n"}
[7.988691] (py02_service_my) StdoutLine: {'line': b"writing manifest file '../build/py02_service_my/py02_service_my.egg-info/SOURCES.txt'\n"}
[7.989042] (py02_service_my) StdoutLine: {'line': b'running build\n'}
[7.989304] (py02_service_my) StdoutLine: {'line': b'running build_py\n'}
[7.990016] (py02_service_my) StdoutLine: {'line': b'running install\n'}
[7.997274] (py02_service_my) StdoutLine: {'line': b'running install_lib\n'}
[8.020811] (py02_service_my) StdoutLine: {'line': b'running install_data\n'}
[8.023816] (py02_service_my) StdoutLine: {'line': b'running install_egg_info\n'}
[8.064203] (-) TimerEvent: {}
[8.067662] (py02_service_my) StdoutLine: {'line': b"removing '/home/huangbo/ros2_learn/tongxun_learn/src/install/py02_service_my/lib/python3.12/site-packages/py02_service_my-0.0.0-py3.12.egg-info' (and everything under it)\n"}
[8.068217] (py02_service_my) StdoutLine: {'line': b'Copying ../build/py02_service_my/py02_service_my.egg-info to /home/huangbo/ros2_learn/tongxun_learn/src/install/py02_service_my/lib/python3.12/site-packages/py02_service_my-0.0.0-py3.12.egg-info\n'}
[8.071778] (py02_service_my) StdoutLine: {'line': b'running install_scripts\n'}
[8.166940] (-) TimerEvent: {}
[8.267484] (-) TimerEvent: {}
[8.297536] (py02_service_my) StdoutLine: {'line': b'Installing demo_client_py script to /home/huangbo/ros2_learn/tongxun_learn/src/install/py02_service_my/lib/py02_service_my\n'}
[8.299130] (py02_service_my) StdoutLine: {'line': b'Installing demo_server_py script to /home/huangbo/ros2_learn/tongxun_learn/src/install/py02_service_my/lib/py02_service_my\n'}
[8.304819] (py02_service_my) StdoutLine: {'line': b"writing list of installed files to '/home/huangbo/ros2_learn/tongxun_learn/src/build/py02_service_my/install.log'\n"}
[8.356893] (py02_service_my) CommandEnded: {'returncode': 0}
[8.365796] (py02_service_my) JobEnded: {'identifier': 'py02_service_my', 'rc': 0}
[8.367102] (py05_time) JobStarted: {'identifier': 'py05_time'}
[8.367824] (-) TimerEvent: {}
[8.468339] (-) TimerEvent: {}
[8.569900] (-) TimerEvent: {}
[8.673573] (-) TimerEvent: {}
[8.775740] (-) TimerEvent: {}
[8.880903] (-) TimerEvent: {}
[8.981562] (-) TimerEvent: {}
[9.082141] (-) TimerEvent: {}
[9.183904] (-) TimerEvent: {}
[9.214918] (py04_param) Command: {'cmd': ['/usr/bin/python3', '-W', 'ignore:setup.py install is deprecated', '-W', 'ignore:easy_install command is deprecated', 'setup.py', 'egg_info', '--egg-base', '../build/py04_param', 'build', '--build-base', '/home/huangbo/ros2_learn/tongxun_learn/src/build/py04_param/build', 'install', '--record', '/home/huangbo/ros2_learn/tongxun_learn/src/build/py04_param/install.log', '--install-scripts', '$base/lib/py04_param', '--single-version-externally-managed', 'install_data'], 'cwd': '/home/huangbo/ros2_learn/tongxun_learn/src/py04_param', 'env': OrderedDict({'PYTHON_BASIC_REPL': '1', 'LESSOPEN': '| /usr/bin/lesspipe %s', 'USER': 'huangbo', 'SSH_CLIENT': '192.168.91.1 12340 22', 'XDG_SESSION_TYPE': 'tty', 'GIT_ASKPASS': '/home/huangbo/.vscode-server/cli/servers/Stable-7debcd0e2acdea1c52de81bf9ee1620444407dda/server/extensions/git/dist/askpass.sh', 'SHLVL': '1', 'LD_LIBRARY_PATH': '/home/huangbo/ros2_learn/tongxun_learn/src/install/student_interfaces/lib:/opt/ros/jazzy/opt/rviz_ogre_vendor/lib:/opt/ros/jazzy/lib/x86_64-linux-gnu:/opt/ros/jazzy/opt/gz_math_vendor/lib:/opt/ros/jazzy/opt/gz_utils_vendor/lib:/opt/ros/jazzy/opt/gz_cmake_vendor/lib:/opt/ros/jazzy/lib', 'BROWSER': '/home/huangbo/.vscode-server/cli/servers/Stable-7debcd0e2acdea1c52de81bf9ee1620444407dda/server/bin/helpers/browser.sh', 'HOME': '/home/huangbo', 'OLDPWD': '/home/huangbo/ros2_learn/tongxun_learn', 'TERM_PROGRAM_VERSION': '1.138.0', 'VSCODE_IPC_HOOK_CLI': '/run/user/1000/vscode-ipc-00b45f1c-0bba-44f7-88d2-6b887fa08722.sock', 'ROS_PYTHON_VERSION': '3', 'VSCODE_GIT_ASKPASS_MAIN': '/home/huangbo/.vscode-server/cli/servers/Stable-7debcd0e2acdea1c52de81bf9ee1620444407dda/server/extensions/git/dist/askpass-main.js', 'VSCODE_GIT_ASKPASS_NODE': '/home/huangbo/.vscode-server/cli/servers/Stable-7debcd0e2acdea1c52de81bf9ee1620444407dda/server/node', 'PYDEVD_DISABLE_FILE_VALIDATION': '1', 'BUNDLED_DEBUGPY_PATH': '/home/huangbo/.vscode-server/extensions/ms-python.debugpy-2026.6.0-linux-x64/bundled/libs/debugpy', 'VSCODE_PYTHON_AUTOACTIVATE_GUARD': '1', 'DBUS_SESSION_BUS_ADDRESS': 'unix:path=/run/user/1000/bus', 'COLORTERM': 'truecolor', 'DEBUGINFOD_URLS': 'https://debuginfod.ubuntu.com', 'COLCON_PREFIX_PATH': '/home/huangbo/ros2_learn/tongxun_learn/src/install', 'ROS_DISTRO': 'jazzy', 'LOGNAME': 'huangbo', '_': '/usr/bin/colcon', 'ROS_VERSION': '2', 'XDG_SESSION_CLASS': 'user', 'TERM': 'xterm-256color', 'XDG_SESSION_ID': '4', 'PATH': '/home/huangbo/.vscode-server/data/User/globalStorage/github.copilot-chat/debugCommand:/home/huangbo/.vscode-server/data/User/globalStorage/github.copilot-chat/copilotCli:/home/huangbo/.vscode-server/cli/servers/Stable-7debcd0e2acdea1c52de81bf9ee1620444407dda/server/bin/remote-cli:/opt/ros/jazzy/bin:/usr/local/sbin:/usr/local/bin:/usr/sbin:/usr/bin:/sbin:/bin:/usr/games:/usr/local/games:/snap/bin:/home/huangbo/.vscode-server/extensions/ms-python.debugpy-2026.6.0-linux-x64/bundled/scripts/noConfigScripts', 'XDG_RUNTIME_DIR': '/run/user/1000', 'VSCODE_DEBUGPY_ADAPTER_ENDPOINTS': '/home/huangbo/.vscode-server/extensions/ms-python.debugpy-2026.6.0-linux-x64/.noConfigDebugAdapterEndpoints/endpoint-6c2380fe732802f1.txt', 'LANG': 'zh_CN.UTF-8', 'PYTHONSTARTUP': '/home/huangbo/.vscode-server/data/User/workspaceStorage/c358a63721801e90ff5d3c048722ef27/ms-python.python/pythonrc.py', 'LS_COLORS': 'rs=0:di=01;34:ln=01;36:mh=00:pi=40;33:so=01;35:do=01;35:bd=40;33;01:cd=40;33;01:or=40;31;01:mi=00:su=37;41:sg=30;43:ca=00:tw=30;42:ow=34;42:st=37;44:ex=01;32:*.tar=01;31:*.tgz=01;31:*.arc=01;31:*.arj=01;31:*.taz=01;31:*.lha=01;31:*.lz4=01;31:*.lzh=01;31:*.lzma=01;31:*.tlz=01;31:*.txz=01;31:*.tzo=01;31:*.t7z=01;31:*.zip=01;31:*.z=01;31:*.dz=01;31:*.gz=01;31:*.lrz=01;31:*.lz=01;31:*.lzo=01;31:*.xz=01;31:*.zst=01;31:*.tzst=01;31:*.bz2=01;31:*.bz=01;31:*.tbz=01;31:*.tbz2=01;31:*.tz=01;31:*.deb=01;31:*.rpm=01;31:*.jar=01;31:*.war=01;31:*.ear=01;31:*.sar=01;31:*.rar=01;31:*.alz=01;31:*.ace=01;31:*.zoo=01;31:*.cpio=01;31:*.7z=01;31:*.rz=01;31:*.cab=01;31:*.wim=01;31:*.swm=01;31:*.dwm=01;31:*.esd=01;31:*.avif=01;35:*.jpg=01;35:*.jpeg=01;35:*.mjpg=01;35:*.mjpeg=01;35:*.gif=01;35:*.bmp=01;35:*.pbm=01;35:*.pgm=01;35:*.ppm=01;35:*.tga=01;35:*.xbm=01;35:*.xpm=01;35:*.tif=01;35:*.tiff=01;35:*.png=01;35:*.svg=01;35:*.svgz=01;35:*.mng=01;35:*.pcx=01;35:*.mov=01;35:*.mpg=01;35:*.mpeg=01;35:*.m2v=01;35:*.mkv=01;35:*.webm=01;35:*.webp=01;35:*.ogm=01;35:*.mp4=01;35:*.m4v=01;35:*.mp4v=01;35:*.vob=01;35:*.qt=01;35:*.nuv=01;35:*.wmv=01;35:*.asf=01;35:*.rm=01;35:*.rmvb=01;35:*.flc=01;35:*.avi=01;35:*.fli=01;35:*.flv=01;35:*.gl=01;35:*.dl=01;35:*.xcf=01;35:*.xwd=01;35:*.yuv=01;35:*.cgm=01;35:*.emf=01;35:*.ogv=01;35:*.ogx=01;35:*.aac=00;36:*.au=00;36:*.flac=00;36:*.m4a=00;36:*.mid=00;36:*.midi=00;36:*.mka=00;36:*.mp3=00;36:*.mpc=00;36:*.ogg=00;36:*.ra=00;36:*.wav=00;36:*.oga=00;36:*.opus=00;36:*.spx=00;36:*.xspf=00;36:*~=00;90:*#=00;90:*.bak=00;90:*.crdownload=00;90:*.dpkg-dist=00;90:*.dpkg-new=00;90:*.dpkg-old=00;90:*.dpkg-tmp=00;90:*.old=00;90:*.orig=00;90:*.part=00;90:*.rej=00;90:*.rpmnew=00;90:*.rpmorig=00;90:*.rpmsave=00;90:*.swp=00;90:*.tmp=00;90:*.ucf-dist=00;90:*.ucf-new=00;90:*.ucf-old=00;90:', 'VSCODE_GIT_IPC_HANDLE': '/run/user/1000/vscode-git-b3ba6a87e1.sock', 'TERM_PROGRAM': 'vscode', 'AMENT_PREFIX_PATH': '/home/huangbo/ros2_learn/tongxun_learn/src/install/py03_acton:/home/huangbo/ros2_learn/tongxun_learn/src/install/py01_topic:/home/huangbo/ros2_learn/tongxun_learn/src/install/student_interfaces:/home/huangbo/ros2_learn/tongxun_learn/src/install/py05_time:/home/huangbo/ros2_learn/tongxun_learn/src/install/py04_param:/home/huangbo/ros2_learn/tongxun_learn/src/install/py02_service_my:/home/huangbo/ros2_learn/tongxun_learn/src/install/py02_service:/home/huangbo/ros2_learn/tongxun_learn/src/install/base_tongxun_s:/opt/ros/jazzy', 'SHELL': '/bin/bash', 'LESSCLOSE': '/usr/bin/lesspipe %s %s', 'ROS_AUTOMATIC_DISCOVERY_RANGE': 'SUBNET', 'VSCODE_GIT_ASKPASS_EXTRA_ARGS': '', 'PWD': '/home/huangbo/ros2_learn/tongxun_learn/src/build/py04_param', 'COPILOT_DEBUG_NONCE': '0eaae38a08eb9b17f52bd7ed955eaf75', 'SSH_CONNECTION': '192.168.91.1 12340 192.168.91.129 22', 'XDG_DATA_DIRS': '/usr/share/gnome:/usr/local/share:/usr/share:/var/lib/snapd/desktop', 'PYTHONPATH': '/home/huangbo/ros2_learn/tongxun_learn/src/build/py04_param/prefix_override:/usr/lib/python3/dist-packages/colcon_core/task/python/colcon_distutils_commands:/home/huangbo/ros2_learn/tongxun_learn/src/install/py04_param/lib/python3.12/site-packages:/home/huangbo/ros2_learn/tongxun_learn/src/install/py03_acton/lib/python3.12/site-packages:/home/huangbo/ros2_learn/tongxun_learn/src/install/py01_topic/lib/python3.12/site-packages:/home/huangbo/ros2_learn/tongxun_learn/src/install/student_interfaces/lib/python3.12/site-packages:/home/huangbo/ros2_learn/tongxun_learn/src/install/py05_time/lib/python3.12/site-packages:/home/huangbo/ros2_learn/tongxun_learn/src/install/py04_param/lib/python3.12/site-packages:/home/huangbo/ros2_learn/tongxun_learn/src/install/py02_service_my/lib/python3.12/site-packages:/home/huangbo/ros2_learn/tongxun_learn/src/install/py02_service/lib/python3.12/site-packages:/home/huangbo/ros2_learn/tongxun_learn/src/install/base_tongxun_s/lib/python3.12/site-packages:/opt/ros/jazzy/opt/gz_math_vendor/lib/python:/opt/ros/jazzy/lib/python3.12/site-packages', 'COLCON': '1', 'CMAKE_PREFIX_PATH': '/home/huangbo/ros2_learn/tongxun_learn/src/install/student_interfaces:/opt/ros/jazzy/opt/gz_math_vendor:/opt/ros/jazzy/opt/gz_utils_vendor:/opt/ros/jazzy/opt/gz_cmake_vendor'}), 'shell': False}
[9.284787] (-) TimerEvent: {}
[9.385356] (-) TimerEvent: {}
[9.488153] (-) TimerEvent: {}
[9.535925] (py04_param) StdoutLine: {'line': b'running egg_info\n'}
[9.561434] (py04_param) StdoutLine: {'line': b'writing ../build/py04_param/py04_param.egg-info/PKG-INFO\n'}
[9.562245] (py04_param) StdoutLine: {'line': b'writing dependency_links to ../build/py04_param/py04_param.egg-info/dependency_links.txt\n'}
[9.562885] (py04_param) StdoutLine: {'line': b'writing entry points to ../build/py04_param/py04_param.egg-info/entry_points.txt\n'}
[9.563407] (py04_param) StdoutLine: {'line': b'writing requirements to ../build/py04_param/py04_param.egg-info/requires.txt\n'}
[9.563916] (py04_param) StdoutLine: {'line': b'writing top-level names to ../build/py04_param/py04_param.egg-info/top_level.txt\n'}
[9.588750] (-) TimerEvent: {}
[9.608781] (py04_param) StdoutLine: {'line': b"reading manifest file '../build/py04_param/py04_param.egg-info/SOURCES.txt'\n"}
[9.610978] (py04_param) StdoutLine: {'line': b"writing manifest file '../build/py04_param/py04_param.egg-info/SOURCES.txt'\n"}
[9.612987] (py04_param) StdoutLine: {'line': b'running build\n'}
[9.613160] (py04_param) StdoutLine: {'line': b'running build_py\n'}
[9.613302] (py04_param) StdoutLine: {'line': b'running install\n'}
[9.619299] (py04_param) StdoutLine: {'line': b'running install_lib\n'}
[9.644115] (py04_param) StdoutLine: {'line': b'running install_data\n'}
[9.644699] (py04_param) StdoutLine: {'line': b'running install_egg_info\n'}
[9.666171] (py05_time) Command: {'cmd': ['/usr/bin/python3', '-W', 'ignore:setup.py install is deprecated', '-W', 'ignore:easy_install command is deprecated', 'setup.py', 'egg_info', '--egg-base', '../build/py05_time', 'build', '--build-base', '/home/huangbo/ros2_learn/tongxun_learn/src/build/py05_time/build', 'install', '--record', '/home/huangbo/ros2_learn/tongxun_learn/src/build/py05_time/install.log', '--install-scripts', '$base/lib/py05_time', '--single-version-externally-managed', 'install_data'], 'cwd': '/home/huangbo/ros2_learn/tongxun_learn/src/py05_time', 'env': OrderedDict({'PYTHON_BASIC_REPL': '1', 'LESSOPEN': '| /usr/bin/lesspipe %s', 'USER': 'huangbo', 'SSH_CLIENT': '192.168.91.1 12340 22', 'XDG_SESSION_TYPE': 'tty', 'GIT_ASKPASS': '/home/huangbo/.vscode-server/cli/servers/Stable-7debcd0e2acdea1c52de81bf9ee1620444407dda/server/extensions/git/dist/askpass.sh', 'SHLVL': '1', 'LD_LIBRARY_PATH': '/home/huangbo/ros2_learn/tongxun_learn/src/install/student_interfaces/lib:/opt/ros/jazzy/opt/rviz_ogre_vendor/lib:/opt/ros/jazzy/lib/x86_64-linux-gnu:/opt/ros/jazzy/opt/gz_math_vendor/lib:/opt/ros/jazzy/opt/gz_utils_vendor/lib:/opt/ros/jazzy/opt/gz_cmake_vendor/lib:/opt/ros/jazzy/lib', 'BROWSER': '/home/huangbo/.vscode-server/cli/servers/Stable-7debcd0e2acdea1c52de81bf9ee1620444407dda/server/bin/helpers/browser.sh', 'HOME': '/home/huangbo', 'OLDPWD': '/home/huangbo/ros2_learn/tongxun_learn', 'TERM_PROGRAM_VERSION': '1.138.0', 'VSCODE_IPC_HOOK_CLI': '/run/user/1000/vscode-ipc-00b45f1c-0bba-44f7-88d2-6b887fa08722.sock', 'ROS_PYTHON_VERSION': '3', 'VSCODE_GIT_ASKPASS_MAIN': '/home/huangbo/.vscode-server/cli/servers/Stable-7debcd0e2acdea1c52de81bf9ee1620444407dda/server/extensions/git/dist/askpass-main.js', 'VSCODE_GIT_ASKPASS_NODE': '/home/huangbo/.vscode-server/cli/servers/Stable-7debcd0e2acdea1c52de81bf9ee1620444407dda/server/node', 'PYDEVD_DISABLE_FILE_VALIDATION': '1', 'BUNDLED_DEBUGPY_PATH': '/home/huangbo/.vscode-server/extensions/ms-python.debugpy-2026.6.0-linux-x64/bundled/libs/debugpy', 'VSCODE_PYTHON_AUTOACTIVATE_GUARD': '1', 'DBUS_SESSION_BUS_ADDRESS': 'unix:path=/run/user/1000/bus', 'COLORTERM': 'truecolor', 'DEBUGINFOD_URLS': 'https://debuginfod.ubuntu.com', 'COLCON_PREFIX_PATH': '/home/huangbo/ros2_learn/tongxun_learn/src/install', 'ROS_DISTRO': 'jazzy', 'LOGNAME': 'huangbo', '_': '/usr/bin/colcon', 'ROS_VERSION': '2', 'XDG_SESSION_CLASS': 'user', 'TERM': 'xterm-256color', 'XDG_SESSION_ID': '4', 'PATH': '/home/huangbo/.vscode-server/data/User/globalStorage/github.copilot-chat/debugCommand:/home/huangbo/.vscode-server/data/User/globalStorage/github.copilot-chat/copilotCli:/home/huangbo/.vscode-server/cli/servers/Stable-7debcd0e2acdea1c52de81bf9ee1620444407dda/server/bin/remote-cli:/opt/ros/jazzy/bin:/usr/local/sbin:/usr/local/bin:/usr/sbin:/usr/bin:/sbin:/bin:/usr/games:/usr/local/games:/snap/bin:/home/huangbo/.vscode-server/extensions/ms-python.debugpy-2026.6.0-linux-x64/bundled/scripts/noConfigScripts', 'XDG_RUNTIME_DIR': '/run/user/1000', 'VSCODE_DEBUGPY_ADAPTER_ENDPOINTS': '/home/huangbo/.vscode-server/extensions/ms-python.debugpy-2026.6.0-linux-x64/.noConfigDebugAdapterEndpoints/endpoint-6c2380fe732802f1.txt', 'LANG': 'zh_CN.UTF-8', 'PYTHONSTARTUP': '/home/huangbo/.vscode-server/data/User/workspaceStorage/c358a63721801e90ff5d3c048722ef27/ms-python.python/pythonrc.py', 'LS_COLORS': 'rs=0:di=01;34:ln=01;36:mh=00:pi=40;33:so=01;35:do=01;35:bd=40;33;01:cd=40;33;01:or=40;31;01:mi=00:su=37;41:sg=30;43:ca=00:tw=30;42:ow=34;42:st=37;44:ex=01;32:*.tar=01;31:*.tgz=01;31:*.arc=01;31:*.arj=01;31:*.taz=01;31:*.lha=01;31:*.lz4=01;31:*.lzh=01;31:*.lzma=01;31:*.tlz=01;31:*.txz=01;31:*.tzo=01;31:*.t7z=01;31:*.zip=01;31:*.z=01;31:*.dz=01;31:*.gz=01;31:*.lrz=01;31:*.lz=01;31:*.lzo=01;31:*.xz=01;31:*.zst=01;31:*.tzst=01;31:*.bz2=01;31:*.bz=01;31:*.tbz=01;31:*.tbz2=01;31:*.tz=01;31:*.deb=01;31:*.rpm=01;31:*.jar=01;31:*.war=01;31:*.ear=01;31:*.sar=01;31:*.rar=01;31:*.alz=01;31:*.ace=01;31:*.zoo=01;31:*.cpio=01;31:*.7z=01;31:*.rz=01;31:*.cab=01;31:*.wim=01;31:*.swm=01;31:*.dwm=01;31:*.esd=01;31:*.avif=01;35:*.jpg=01;35:*.jpeg=01;35:*.mjpg=01;35:*.mjpeg=01;35:*.gif=01;35:*.bmp=01;35:*.pbm=01;35:*.pgm=01;35:*.ppm=01;35:*.tga=01;35:*.xbm=01;35:*.xpm=01;35:*.tif=01;35:*.tiff=01;35:*.png=01;35:*.svg=01;35:*.svgz=01;35:*.mng=01;35:*.pcx=01;35:*.mov=01;35:*.mpg=01;35:*.mpeg=01;35:*.m2v=01;35:*.mkv=01;35:*.webm=01;35:*.webp=01;35:*.ogm=01;35:*.mp4=01;35:*.m4v=01;35:*.mp4v=01;35:*.vob=01;35:*.qt=01;35:*.nuv=01;35:*.wmv=01;35:*.asf=01;35:*.rm=01;35:*.rmvb=01;35:*.flc=01;35:*.avi=01;35:*.fli=01;35:*.flv=01;35:*.gl=01;35:*.dl=01;35:*.xcf=01;35:*.xwd=01;35:*.yuv=01;35:*.cgm=01;35:*.emf=01;35:*.ogv=01;35:*.ogx=01;35:*.aac=00;36:*.au=00;36:*.flac=00;36:*.m4a=00;36:*.mid=00;36:*.midi=00;36:*.mka=00;36:*.mp3=00;36:*.mpc=00;36:*.ogg=00;36:*.ra=00;36:*.wav=00;36:*.oga=00;36:*.opus=00;36:*.spx=00;36:*.xspf=00;36:*~=00;90:*#=00;90:*.bak=00;90:*.crdownload=00;90:*.dpkg-dist=00;90:*.dpkg-new=00;90:*.dpkg-old=00;90:*.dpkg-tmp=00;90:*.old=00;90:*.orig=00;90:*.part=00;90:*.rej=00;90:*.rpmnew=00;90:*.rpmorig=00;90:*.rpmsave=00;90:*.swp=00;90:*.tmp=00;90:*.ucf-dist=00;90:*.ucf-new=00;90:*.ucf-old=00;90:', 'VSCODE_GIT_IPC_HANDLE': '/run/user/1000/vscode-git-b3ba6a87e1.sock', 'TERM_PROGRAM': 'vscode', 'AMENT_PREFIX_PATH': '/home/huangbo/ros2_learn/tongxun_learn/src/install/py03_acton:/home/huangbo/ros2_learn/tongxun_learn/src/install/py01_topic:/home/huangbo/ros2_learn/tongxun_learn/src/install/student_interfaces:/home/huangbo/ros2_learn/tongxun_learn/src/install/py05_time:/home/huangbo/ros2_learn/tongxun_learn/src/install/py04_param:/home/huangbo/ros2_learn/tongxun_learn/src/install/py02_service_my:/home/huangbo/ros2_learn/tongxun_learn/src/install/py02_service:/home/huangbo/ros2_learn/tongxun_learn/src/install/base_tongxun_s:/opt/ros/jazzy', 'SHELL': '/bin/bash', 'LESSCLOSE': '/usr/bin/lesspipe %s %s', 'ROS_AUTOMATIC_DISCOVERY_RANGE': 'SUBNET', 'VSCODE_GIT_ASKPASS_EXTRA_ARGS': '', 'PWD': '/home/huangbo/ros2_learn/tongxun_learn/src/build/py05_time', 'COPILOT_DEBUG_NONCE': '0eaae38a08eb9b17f52bd7ed955eaf75', 'SSH_CONNECTION': '192.168.91.1 12340 192.168.91.129 22', 'XDG_DATA_DIRS': '/usr/share/gnome:/usr/local/share:/usr/share:/var/lib/snapd/desktop', 'PYTHONPATH': '/home/huangbo/ros2_learn/tongxun_learn/src/build/py05_time/prefix_override:/usr/lib/python3/dist-packages/colcon_core/task/python/colcon_distutils_commands:/home/huangbo/ros2_learn/tongxun_learn/src/install/py05_time/lib/python3.12/site-packages:/home/huangbo/ros2_learn/tongxun_learn/src/install/py03_acton/lib/python3.12/site-packages:/home/huangbo/ros2_learn/tongxun_learn/src/install/py01_topic/lib/python3.12/site-packages:/home/huangbo/ros2_learn/tongxun_learn/src/install/student_interfaces/lib/python3.12/site-packages:/home/huangbo/ros2_learn/tongxun_learn/src/install/py05_time/lib/python3.12/site-packages:/home/huangbo/ros2_learn/tongxun_learn/src/install/py04_param/lib/python3.12/site-packages:/home/huangbo/ros2_learn/tongxun_learn/src/install/py02_service_my/lib/python3.12/site-packages:/home/huangbo/ros2_learn/tongxun_learn/src/install/py02_service/lib/python3.12/site-packages:/home/huangbo/ros2_learn/tongxun_learn/src/install/base_tongxun_s/lib/python3.12/site-packages:/opt/ros/jazzy/opt/gz_math_vendor/lib/python:/opt/ros/jazzy/lib/python3.12/site-packages', 'COLCON': '1', 'CMAKE_PREFIX_PATH': '/home/huangbo/ros2_learn/tongxun_learn/src/install/student_interfaces:/opt/ros/jazzy/opt/gz_math_vendor:/opt/ros/jazzy/opt/gz_utils_vendor:/opt/ros/jazzy/opt/gz_cmake_vendor'}), 'shell': False}
[9.672900] (py04_param) StdoutLine: {'line': b"removing '/home/huangbo/ros2_learn/tongxun_learn/src/install/py04_param/lib/python3.12/site-packages/py04_param-0.0.0-py3.12.egg-info' (and everything under it)\n"}
[9.673245] (py04_param) StdoutLine: {'line': b'Copying ../build/py04_param/py04_param.egg-info to /home/huangbo/ros2_learn/tongxun_learn/src/install/py04_param/lib/python3.12/site-packages/py04_param-0.0.0-py3.12.egg-info\n'}
[9.675946] (py04_param) StdoutLine: {'line': b'running install_scripts\n'}
[9.688990] (-) TimerEvent: {}
[9.789907] (-) TimerEvent: {}
[9.886731] (py04_param) StdoutLine: {'line': b'Installing demo00_param script to /home/huangbo/ros2_learn/tongxun_learn/src/install/py04_param/lib/py04_param\n'}
[9.887441] (py04_param) StdoutLine: {'line': b'Installing demo01_param_server_py script to /home/huangbo/ros2_learn/tongxun_learn/src/install/py04_param/lib/py04_param\n'}
[9.887688] (py04_param) StdoutLine: {'line': b'Installing demo02_param_client_py script to /home/huangbo/ros2_learn/tongxun_learn/src/install/py04_param/lib/py04_param\n'}
[9.888424] (py04_param) StdoutLine: {'line': b"writing list of installed files to '/home/huangbo/ros2_learn/tongxun_learn/src/build/py04_param/install.log'\n"}
[9.890705] (-) TimerEvent: {}
[9.972847] (py04_param) CommandEnded: {'returncode': 0}
[9.988090] (py04_param) JobEnded: {'identifier': 'py04_param', 'rc': 0}
[9.990174] (py01_topic) JobStarted: {'identifier': 'py01_topic'}
[9.990831] (-) TimerEvent: {}
[10.091744] (-) TimerEvent: {}
[10.106051] (py05_time) StdoutLine: {'line': b'running egg_info\n'}
[10.130226] (py05_time) StdoutLine: {'line': b'writing ../build/py05_time/py05_time.egg-info/PKG-INFO\n'}
[10.130959] (py05_time) StdoutLine: {'line': b'writing dependency_links to ../build/py05_time/py05_time.egg-info/dependency_links.txt\n'}
[10.132497] (py05_time) StdoutLine: {'line': b'writing entry points to ../build/py05_time/py05_time.egg-info/entry_points.txt\n'}
[10.132581] (py05_time) StdoutLine: {'line': b'writing requirements to ../build/py05_time/py05_time.egg-info/requires.txt\n'}
[10.132642] (py05_time) StdoutLine: {'line': b'writing top-level names to ../build/py05_time/py05_time.egg-info/top_level.txt\n'}
[10.192266] (-) TimerEvent: {}
[10.196939] (py05_time) StdoutLine: {'line': b"reading manifest file '../build/py05_time/py05_time.egg-info/SOURCES.txt'\n"}
[10.198856] (py05_time) StdoutLine: {'line': b"writing manifest file '../build/py05_time/py05_time.egg-info/SOURCES.txt'\n"}
[10.199479] (py05_time) StdoutLine: {'line': b'running build\n'}
[10.200241] (py05_time) StdoutLine: {'line': b'running build_py\n'}
[10.201758] (py05_time) StdoutLine: {'line': b'copying py05_time/demo01_time.py -> /home/huangbo/ros2_learn/tongxun_learn/src/build/py05_time/build/lib/py05_time\n'}
[10.201861] (py05_time) StdoutLine: {'line': b'running install\n'}
[10.207603] (py05_time) StdoutLine: {'line': b'running install_lib\n'}
[10.230166] (py05_time) StdoutLine: {'line': b'copying /home/huangbo/ros2_learn/tongxun_learn/src/build/py05_time/build/lib/py05_time/demo01_time.py -> /home/huangbo/ros2_learn/tongxun_learn/src/install/py05_time/lib/python3.12/site-packages/py05_time\n'}
[10.232811] (py05_time) StdoutLine: {'line': b'byte-compiling /home/huangbo/ros2_learn/tongxun_learn/src/install/py05_time/lib/python3.12/site-packages/py05_time/demo01_time.py to demo01_time.cpython-312.pyc\n'}
[10.235019] (py05_time) StdoutLine: {'line': b'running install_data\n'}
[10.235098] (py05_time) StdoutLine: {'line': b'running install_egg_info\n'}
[10.258965] (py05_time) StdoutLine: {'line': b"removing '/home/huangbo/ros2_learn/tongxun_learn/src/install/py05_time/lib/python3.12/site-packages/py05_time-0.0.0-py3.12.egg-info' (and everything under it)\n"}
[10.260453] (py05_time) StdoutLine: {'line': b'Copying ../build/py05_time/py05_time.egg-info to /home/huangbo/ros2_learn/tongxun_learn/src/install/py05_time/lib/python3.12/site-packages/py05_time-0.0.0-py3.12.egg-info\n'}
[10.262503] (py05_time) StdoutLine: {'line': b'running install_scripts\n'}
[10.292873] (-) TimerEvent: {}
[10.394372] (-) TimerEvent: {}
[10.471417] (py05_time) StdoutLine: {'line': b'Installing demo01_time script to /home/huangbo/ros2_learn/tongxun_learn/src/install/py05_time/lib/py05_time\n'}
[10.472214] (py05_time) StdoutLine: {'line': b"writing list of installed files to '/home/huangbo/ros2_learn/tongxun_learn/src/build/py05_time/install.log'\n"}
[10.494467] (-) TimerEvent: {}
[10.521185] (py05_time) CommandEnded: {'returncode': 0}
[10.538153] (py05_time) JobEnded: {'identifier': 'py05_time', 'rc': 0}
[10.542191] (py03_acton) JobStarted: {'identifier': 'py03_acton'}
[10.594659] (-) TimerEvent: {}
[10.695849] (-) TimerEvent: {}
[10.796943] (-) TimerEvent: {}
[10.897446] (-) TimerEvent: {}
[10.998914] (-) TimerEvent: {}
[11.099444] (-) TimerEvent: {}
[11.171712] (py01_topic) Command: {'cmd': ['/usr/bin/python3', '-W', 'ignore:setup.py install is deprecated', '-W', 'ignore:easy_install command is deprecated', 'setup.py', 'egg_info', '--egg-base', '../build/py01_topic', 'build', '--build-base', '/home/huangbo/ros2_learn/tongxun_learn/src/build/py01_topic/build', 'install', '--record', '/home/huangbo/ros2_learn/tongxun_learn/src/build/py01_topic/install.log', '--install-scripts', '$base/lib/py01_topic', '--single-version-externally-managed', 'install_data'], 'cwd': '/home/huangbo/ros2_learn/tongxun_learn/src/py01_topic', 'env': OrderedDict({'PYTHON_BASIC_REPL': '1', 'LESSOPEN': '| /usr/bin/lesspipe %s', 'USER': 'huangbo', 'SSH_CLIENT': '192.168.91.1 12340 22', 'XDG_SESSION_TYPE': 'tty', 'GIT_ASKPASS': '/home/huangbo/.vscode-server/cli/servers/Stable-7debcd0e2acdea1c52de81bf9ee1620444407dda/server/extensions/git/dist/askpass.sh', 'SHLVL': '1', 'LD_LIBRARY_PATH': '/home/huangbo/ros2_learn/tongxun_learn/src/install/student_interfaces/lib:/opt/ros/jazzy/opt/rviz_ogre_vendor/lib:/opt/ros/jazzy/lib/x86_64-linux-gnu:/opt/ros/jazzy/opt/gz_math_vendor/lib:/opt/ros/jazzy/opt/gz_utils_vendor/lib:/opt/ros/jazzy/opt/gz_cmake_vendor/lib:/opt/ros/jazzy/lib', 'BROWSER': '/home/huangbo/.vscode-server/cli/servers/Stable-7debcd0e2acdea1c52de81bf9ee1620444407dda/server/bin/helpers/browser.sh', 'HOME': '/home/huangbo', 'OLDPWD': '/home/huangbo/ros2_learn/tongxun_learn', 'TERM_PROGRAM_VERSION': '1.138.0', 'VSCODE_IPC_HOOK_CLI': '/run/user/1000/vscode-ipc-00b45f1c-0bba-44f7-88d2-6b887fa08722.sock', 'ROS_PYTHON_VERSION': '3', 'VSCODE_GIT_ASKPASS_MAIN': '/home/huangbo/.vscode-server/cli/servers/Stable-7debcd0e2acdea1c52de81bf9ee1620444407dda/server/extensions/git/dist/askpass-main.js', 'VSCODE_GIT_ASKPASS_NODE': '/home/huangbo/.vscode-server/cli/servers/Stable-7debcd0e2acdea1c52de81bf9ee1620444407dda/server/node', 'PYDEVD_DISABLE_FILE_VALIDATION': '1', 'BUNDLED_DEBUGPY_PATH': '/home/huangbo/.vscode-server/extensions/ms-python.debugpy-2026.6.0-linux-x64/bundled/libs/debugpy', 'VSCODE_PYTHON_AUTOACTIVATE_GUARD': '1', 'DBUS_SESSION_BUS_ADDRESS': 'unix:path=/run/user/1000/bus', 'COLORTERM': 'truecolor', 'DEBUGINFOD_URLS': 'https://debuginfod.ubuntu.com', 'COLCON_PREFIX_PATH': '/home/huangbo/ros2_learn/tongxun_learn/src/install', 'ROS_DISTRO': 'jazzy', 'LOGNAME': 'huangbo', '_': '/usr/bin/colcon', 'ROS_VERSION': '2', 'XDG_SESSION_CLASS': 'user', 'TERM': 'xterm-256color', 'XDG_SESSION_ID': '4', 'PATH': '/home/huangbo/.vscode-server/data/User/globalStorage/github.copilot-chat/debugCommand:/home/huangbo/.vscode-server/data/User/globalStorage/github.copilot-chat/copilotCli:/home/huangbo/.vscode-server/cli/servers/Stable-7debcd0e2acdea1c52de81bf9ee1620444407dda/server/bin/remote-cli:/opt/ros/jazzy/bin:/usr/local/sbin:/usr/local/bin:/usr/sbin:/usr/bin:/sbin:/bin:/usr/games:/usr/local/games:/snap/bin:/home/huangbo/.vscode-server/extensions/ms-python.debugpy-2026.6.0-linux-x64/bundled/scripts/noConfigScripts', 'XDG_RUNTIME_DIR': '/run/user/1000', 'VSCODE_DEBUGPY_ADAPTER_ENDPOINTS': '/home/huangbo/.vscode-server/extensions/ms-python.debugpy-2026.6.0-linux-x64/.noConfigDebugAdapterEndpoints/endpoint-6c2380fe732802f1.txt', 'LANG': 'zh_CN.UTF-8', 'PYTHONSTARTUP': '/home/huangbo/.vscode-server/data/User/workspaceStorage/c358a63721801e90ff5d3c048722ef27/ms-python.python/pythonrc.py', 'LS_COLORS': 'rs=0:di=01;34:ln=01;36:mh=00:pi=40;33:so=01;35:do=01;35:bd=40;33;01:cd=40;33;01:or=40;31;01:mi=00:su=37;41:sg=30;43:ca=00:tw=30;42:ow=34;42:st=37;44:ex=01;32:*.tar=01;31:*.tgz=01;31:*.arc=01;31:*.arj=01;31:*.taz=01;31:*.lha=01;31:*.lz4=01;31:*.lzh=01;31:*.lzma=01;31:*.tlz=01;31:*.txz=01;31:*.tzo=01;31:*.t7z=01;31:*.zip=01;31:*.z=01;31:*.dz=01;31:*.gz=01;31:*.lrz=01;31:*.lz=01;31:*.lzo=01;31:*.xz=01;31:*.zst=01;31:*.tzst=01;31:*.bz2=01;31:*.bz=01;31:*.tbz=01;31:*.tbz2=01;31:*.tz=01;31:*.deb=01;31:*.rpm=01;31:*.jar=01;31:*.war=01;31:*.ear=01;31:*.sar=01;31:*.rar=01;31:*.alz=01;31:*.ace=01;31:*.zoo=01;31:*.cpio=01;31:*.7z=01;31:*.rz=01;31:*.cab=01;31:*.wim=01;31:*.swm=01;31:*.dwm=01;31:*.esd=01;31:*.avif=01;35:*.jpg=01;35:*.jpeg=01;35:*.mjpg=01;35:*.mjpeg=01;35:*.gif=01;35:*.bmp=01;35:*.pbm=01;35:*.pgm=01;35:*.ppm=01;35:*.tga=01;35:*.xbm=01;35:*.xpm=01;35:*.tif=01;35:*.tiff=01;35:*.png=01;35:*.svg=01;35:*.svgz=01;35:*.mng=01;35:*.pcx=01;35:*.mov=01;35:*.mpg=01;35:*.mpeg=01;35:*.m2v=01;35:*.mkv=01;35:*.webm=01;35:*.webp=01;35:*.ogm=01;35:*.mp4=01;35:*.m4v=01;35:*.mp4v=01;35:*.vob=01;35:*.qt=01;35:*.nuv=01;35:*.wmv=01;35:*.asf=01;35:*.rm=01;35:*.rmvb=01;35:*.flc=01;35:*.avi=01;35:*.fli=01;35:*.flv=01;35:*.gl=01;35:*.dl=01;35:*.xcf=01;35:*.xwd=01;35:*.yuv=01;35:*.cgm=01;35:*.emf=01;35:*.ogv=01;35:*.ogx=01;35:*.aac=00;36:*.au=00;36:*.flac=00;36:*.m4a=00;36:*.mid=00;36:*.midi=00;36:*.mka=00;36:*.mp3=00;36:*.mpc=00;36:*.ogg=00;36:*.ra=00;36:*.wav=00;36:*.oga=00;36:*.opus=00;36:*.spx=00;36:*.xspf=00;36:*~=00;90:*#=00;90:*.bak=00;90:*.crdownload=00;90:*.dpkg-dist=00;90:*.dpkg-new=00;90:*.dpkg-old=00;90:*.dpkg-tmp=00;90:*.old=00;90:*.orig=00;90:*.part=00;90:*.rej=00;90:*.rpmnew=00;90:*.rpmorig=00;90:*.rpmsave=00;90:*.swp=00;90:*.tmp=00;90:*.ucf-dist=00;90:*.ucf-new=00;90:*.ucf-old=00;90:', 'VSCODE_GIT_IPC_HANDLE': '/run/user/1000/vscode-git-b3ba6a87e1.sock', 'TERM_PROGRAM': 'vscode', 'AMENT_PREFIX_PATH': '/home/huangbo/ros2_learn/tongxun_learn/src/install/py03_acton:/home/huangbo/ros2_learn/tongxun_learn/src/install/py01_topic:/home/huangbo/ros2_learn/tongxun_learn/src/install/student_interfaces:/home/huangbo/ros2_learn/tongxun_learn/src/install/py05_time:/home/huangbo/ros2_learn/tongxun_learn/src/install/py04_param:/home/huangbo/ros2_learn/tongxun_learn/src/install/py02_service_my:/home/huangbo/ros2_learn/tongxun_learn/src/install/py02_service:/home/huangbo/ros2_learn/tongxun_learn/src/install/base_tongxun_s:/opt/ros/jazzy', 'SHELL': '/bin/bash', 'LESSCLOSE': '/usr/bin/lesspipe %s %s', 'ROS_AUTOMATIC_DISCOVERY_RANGE': 'SUBNET', 'VSCODE_GIT_ASKPASS_EXTRA_ARGS': '', 'PWD': '/home/huangbo/ros2_learn/tongxun_learn/src/build/py01_topic', 'COPILOT_DEBUG_NONCE': '0eaae38a08eb9b17f52bd7ed955eaf75', 'SSH_CONNECTION': '192.168.91.1 12340 192.168.91.129 22', 'XDG_DATA_DIRS': '/usr/share/gnome:/usr/local/share:/usr/share:/var/lib/snapd/desktop', 'PYTHONPATH': '/home/huangbo/ros2_learn/tongxun_learn/src/build/py01_topic/prefix_override:/usr/lib/python3/dist-packages/colcon_core/task/python/colcon_distutils_commands:/home/huangbo/ros2_learn/tongxun_learn/src/install/py01_topic/lib/python3.12/site-packages:/home/huangbo/ros2_learn/tongxun_learn/src/install/student_interfaces/lib/python3.12/site-packages:/home/huangbo/ros2_learn/tongxun_learn/src/install/py03_acton/lib/python3.12/site-packages:/home/huangbo/ros2_learn/tongxun_learn/src/install/py01_topic/lib/python3.12/site-packages:/home/huangbo/ros2_learn/tongxun_learn/src/install/py05_time/lib/python3.12/site-packages:/home/huangbo/ros2_learn/tongxun_learn/src/install/py04_param/lib/python3.12/site-packages:/home/huangbo/ros2_learn/tongxun_learn/src/install/py02_service_my/lib/python3.12/site-packages:/home/huangbo/ros2_learn/tongxun_learn/src/install/py02_service/lib/python3.12/site-packages:/home/huangbo/ros2_learn/tongxun_learn/src/install/base_tongxun_s/lib/python3.12/site-packages:/opt/ros/jazzy/opt/gz_math_vendor/lib/python:/opt/ros/jazzy/lib/python3.12/site-packages', 'COLCON': '1', 'CMAKE_PREFIX_PATH': '/home/huangbo/ros2_learn/tongxun_learn/src/install/student_interfaces:/opt/ros/jazzy/opt/gz_math_vendor:/opt/ros/jazzy/opt/gz_utils_vendor:/opt/ros/jazzy/opt/gz_cmake_vendor'}), 'shell': False}
[11.199984] (-) TimerEvent: {}
[11.301808] (-) TimerEvent: {}
[11.402766] (-) TimerEvent: {}
[11.487806] (py01_topic) StdoutLine: {'line': b'running egg_info\n'}
[11.503031] (-) TimerEvent: {}
[11.508476] (py01_topic) StdoutLine: {'line': b'writing ../build/py01_topic/py01_topic.egg-info/PKG-INFO\n'}
[11.509609] (py01_topic) StdoutLine: {'line': b'writing dependency_links to ../build/py01_topic/py01_topic.egg-info/dependency_links.txt\n'}
[11.510078] (py01_topic) StdoutLine: {'line': b'writing entry points to ../build/py01_topic/py01_topic.egg-info/entry_points.txt\n'}
[11.511265] (py01_topic) StdoutLine: {'line': b'writing requirements to ../build/py01_topic/py01_topic.egg-info/requires.txt\n'}
[11.511642] (py01_topic) StdoutLine: {'line': b'writing top-level names to ../build/py01_topic/py01_topic.egg-info/top_level.txt\n'}
[11.557548] (py01_topic) StdoutLine: {'line': b"reading manifest file '../build/py01_topic/py01_topic.egg-info/SOURCES.txt'\n"}
[11.558985] (py01_topic) StdoutLine: {'line': b"writing manifest file '../build/py01_topic/py01_topic.egg-info/SOURCES.txt'\n"}
[11.560192] (py01_topic) StdoutLine: {'line': b'running build\n'}
[11.561975] (py01_topic) StdoutLine: {'line': b'running build_py\n'}
[11.564936] (py01_topic) StdoutLine: {'line': b'running install\n'}
[11.571723] (py01_topic) StdoutLine: {'line': b'running install_lib\n'}
[11.596376] (py01_topic) StdoutLine: {'line': b'running install_data\n'}
[11.596790] (py01_topic) StdoutLine: {'line': b'running install_egg_info\n'}
[11.603594] (-) TimerEvent: {}
[11.623069] (py01_topic) StdoutLine: {'line': b"removing '/home/huangbo/ros2_learn/tongxun_learn/src/install/py01_topic/lib/python3.12/site-packages/py01_topic-0.0.0-py3.12.egg-info' (and everything under it)\n"}
[11.624919] (py01_topic) StdoutLine: {'line': b'Copying ../build/py01_topic/py01_topic.egg-info to /home/huangbo/ros2_learn/tongxun_learn/src/install/py01_topic/lib/python3.12/site-packages/py01_topic-0.0.0-py3.12.egg-info\n'}
[11.626137] (py01_topic) StdoutLine: {'line': b'running install_scripts\n'}
[11.635960] (py03_acton) Command: {'cmd': ['/usr/bin/python3', '-W', 'ignore:setup.py install is deprecated', '-W', 'ignore:easy_install command is deprecated', 'setup.py', 'egg_info', '--egg-base', '../build/py03_acton', 'build', '--build-base', '/home/huangbo/ros2_learn/tongxun_learn/src/build/py03_acton/build', 'install', '--record', '/home/huangbo/ros2_learn/tongxun_learn/src/build/py03_acton/install.log', '--install-scripts', '$base/lib/py03_acton', '--single-version-externally-managed', 'install_data'], 'cwd': '/home/huangbo/ros2_learn/tongxun_learn/src/py03_acton', 'env': OrderedDict({'PYTHON_BASIC_REPL': '1', 'LESSOPEN': '| /usr/bin/lesspipe %s', 'USER': 'huangbo', 'SSH_CLIENT': '192.168.91.1 12340 22', 'XDG_SESSION_TYPE': 'tty', 'GIT_ASKPASS': '/home/huangbo/.vscode-server/cli/servers/Stable-7debcd0e2acdea1c52de81bf9ee1620444407dda/server/extensions/git/dist/askpass.sh', 'SHLVL': '1', 'LD_LIBRARY_PATH': '/home/huangbo/ros2_learn/tongxun_learn/src/install/student_interfaces/lib:/opt/ros/jazzy/opt/rviz_ogre_vendor/lib:/opt/ros/jazzy/lib/x86_64-linux-gnu:/opt/ros/jazzy/opt/gz_math_vendor/lib:/opt/ros/jazzy/opt/gz_utils_vendor/lib:/opt/ros/jazzy/opt/gz_cmake_vendor/lib:/opt/ros/jazzy/lib', 'BROWSER': '/home/huangbo/.vscode-server/cli/servers/Stable-7debcd0e2acdea1c52de81bf9ee1620444407dda/server/bin/helpers/browser.sh', 'HOME': '/home/huangbo', 'OLDPWD': '/home/huangbo/ros2_learn/tongxun_learn', 'TERM_PROGRAM_VERSION': '1.138.0', 'VSCODE_IPC_HOOK_CLI': '/run/user/1000/vscode-ipc-00b45f1c-0bba-44f7-88d2-6b887fa08722.sock', 'ROS_PYTHON_VERSION': '3', 'VSCODE_GIT_ASKPASS_MAIN': '/home/huangbo/.vscode-server/cli/servers/Stable-7debcd0e2acdea1c52de81bf9ee1620444407dda/server/extensions/git/dist/askpass-main.js', 'VSCODE_GIT_ASKPASS_NODE': '/home/huangbo/.vscode-server/cli/servers/Stable-7debcd0e2acdea1c52de81bf9ee1620444407dda/server/node', 'PYDEVD_DISABLE_FILE_VALIDATION': '1', 'BUNDLED_DEBUGPY_PATH': '/home/huangbo/.vscode-server/extensions/ms-python.debugpy-2026.6.0-linux-x64/bundled/libs/debugpy', 'VSCODE_PYTHON_AUTOACTIVATE_GUARD': '1', 'DBUS_SESSION_BUS_ADDRESS': 'unix:path=/run/user/1000/bus', 'COLORTERM': 'truecolor', 'DEBUGINFOD_URLS': 'https://debuginfod.ubuntu.com', 'COLCON_PREFIX_PATH': '/home/huangbo/ros2_learn/tongxun_learn/src/install', 'ROS_DISTRO': 'jazzy', 'LOGNAME': 'huangbo', '_': '/usr/bin/colcon', 'ROS_VERSION': '2', 'XDG_SESSION_CLASS': 'user', 'TERM': 'xterm-256color', 'XDG_SESSION_ID': '4', 'PATH': '/home/huangbo/.vscode-server/data/User/globalStorage/github.copilot-chat/debugCommand:/home/huangbo/.vscode-server/data/User/globalStorage/github.copilot-chat/copilotCli:/home/huangbo/.vscode-server/cli/servers/Stable-7debcd0e2acdea1c52de81bf9ee1620444407dda/server/bin/remote-cli:/opt/ros/jazzy/bin:/usr/local/sbin:/usr/local/bin:/usr/sbin:/usr/bin:/sbin:/bin:/usr/games:/usr/local/games:/snap/bin:/home/huangbo/.vscode-server/extensions/ms-python.debugpy-2026.6.0-linux-x64/bundled/scripts/noConfigScripts', 'XDG_RUNTIME_DIR': '/run/user/1000', 'VSCODE_DEBUGPY_ADAPTER_ENDPOINTS': '/home/huangbo/.vscode-server/extensions/ms-python.debugpy-2026.6.0-linux-x64/.noConfigDebugAdapterEndpoints/endpoint-6c2380fe732802f1.txt', 'LANG': 'zh_CN.UTF-8', 'PYTHONSTARTUP': '/home/huangbo/.vscode-server/data/User/workspaceStorage/c358a63721801e90ff5d3c048722ef27/ms-python.python/pythonrc.py', 'LS_COLORS': 'rs=0:di=01;34:ln=01;36:mh=00:pi=40;33:so=01;35:do=01;35:bd=40;33;01:cd=40;33;01:or=40;31;01:mi=00:su=37;41:sg=30;43:ca=00:tw=30;42:ow=34;42:st=37;44:ex=01;32:*.tar=01;31:*.tgz=01;31:*.arc=01;31:*.arj=01;31:*.taz=01;31:*.lha=01;31:*.lz4=01;31:*.lzh=01;31:*.lzma=01;31:*.tlz=01;31:*.txz=01;31:*.tzo=01;31:*.t7z=01;31:*.zip=01;31:*.z=01;31:*.dz=01;31:*.gz=01;31:*.lrz=01;31:*.lz=01;31:*.lzo=01;31:*.xz=01;31:*.zst=01;31:*.tzst=01;31:*.bz2=01;31:*.bz=01;31:*.tbz=01;31:*.tbz2=01;31:*.tz=01;31:*.deb=01;31:*.rpm=01;31:*.jar=01;31:*.war=01;31:*.ear=01;31:*.sar=01;31:*.rar=01;31:*.alz=01;31:*.ace=01;31:*.zoo=01;31:*.cpio=01;31:*.7z=01;31:*.rz=01;31:*.cab=01;31:*.wim=01;31:*.swm=01;31:*.dwm=01;31:*.esd=01;31:*.avif=01;35:*.jpg=01;35:*.jpeg=01;35:*.mjpg=01;35:*.mjpeg=01;35:*.gif=01;35:*.bmp=01;35:*.pbm=01;35:*.pgm=01;35:*.ppm=01;35:*.tga=01;35:*.xbm=01;35:*.xpm=01;35:*.tif=01;35:*.tiff=01;35:*.png=01;35:*.svg=01;35:*.svgz=01;35:*.mng=01;35:*.pcx=01;35:*.mov=01;35:*.mpg=01;35:*.mpeg=01;35:*.m2v=01;35:*.mkv=01;35:*.webm=01;35:*.webp=01;35:*.ogm=01;35:*.mp4=01;35:*.m4v=01;35:*.mp4v=01;35:*.vob=01;35:*.qt=01;35:*.nuv=01;35:*.wmv=01;35:*.asf=01;35:*.rm=01;35:*.rmvb=01;35:*.flc=01;35:*.avi=01;35:*.fli=01;35:*.flv=01;35:*.gl=01;35:*.dl=01;35:*.xcf=01;35:*.xwd=01;35:*.yuv=01;35:*.cgm=01;35:*.emf=01;35:*.ogv=01;35:*.ogx=01;35:*.aac=00;36:*.au=00;36:*.flac=00;36:*.m4a=00;36:*.mid=00;36:*.midi=00;36:*.mka=00;36:*.mp3=00;36:*.mpc=00;36:*.ogg=00;36:*.ra=00;36:*.wav=00;36:*.oga=00;36:*.opus=00;36:*.spx=00;36:*.xspf=00;36:*~=00;90:*#=00;90:*.bak=00;90:*.crdownload=00;90:*.dpkg-dist=00;90:*.dpkg-new=00;90:*.dpkg-old=00;90:*.dpkg-tmp=00;90:*.old=00;90:*.orig=00;90:*.part=00;90:*.rej=00;90:*.rpmnew=00;90:*.rpmorig=00;90:*.rpmsave=00;90:*.swp=00;90:*.tmp=00;90:*.ucf-dist=00;90:*.ucf-new=00;90:*.ucf-old=00;90:', 'VSCODE_GIT_IPC_HANDLE': '/run/user/1000/vscode-git-b3ba6a87e1.sock', 'TERM_PROGRAM': 'vscode', 'AMENT_PREFIX_PATH': '/home/huangbo/ros2_learn/tongxun_learn/src/install/py03_acton:/home/huangbo/ros2_learn/tongxun_learn/src/install/py01_topic:/home/huangbo/ros2_learn/tongxun_learn/src/install/student_interfaces:/home/huangbo/ros2_learn/tongxun_learn/src/install/py05_time:/home/huangbo/ros2_learn/tongxun_learn/src/install/py04_param:/home/huangbo/ros2_learn/tongxun_learn/src/install/py02_service_my:/home/huangbo/ros2_learn/tongxun_learn/src/install/py02_service:/home/huangbo/ros2_learn/tongxun_learn/src/install/base_tongxun_s:/opt/ros/jazzy', 'SHELL': '/bin/bash', 'LESSCLOSE': '/usr/bin/lesspipe %s %s', 'ROS_AUTOMATIC_DISCOVERY_RANGE': 'SUBNET', 'VSCODE_GIT_ASKPASS_EXTRA_ARGS': '', 'PWD': '/home/huangbo/ros2_learn/tongxun_learn/src/build/py03_acton', 'COPILOT_DEBUG_NONCE': '0eaae38a08eb9b17f52bd7ed955eaf75', 'SSH_CONNECTION': '192.168.91.1 12340 192.168.91.129 22', 'XDG_DATA_DIRS': '/usr/share/gnome:/usr/local/share:/usr/share:/var/lib/snapd/desktop', 'PYTHONPATH': '/home/huangbo/ros2_learn/tongxun_learn/src/build/py03_acton/prefix_override:/usr/lib/python3/dist-packages/colcon_core/task/python/colcon_distutils_commands:/home/huangbo/ros2_learn/tongxun_learn/src/install/py03_acton/lib/python3.12/site-packages:/home/huangbo/ros2_learn/tongxun_learn/src/install/student_interfaces/lib/python3.12/site-packages:/home/huangbo/ros2_learn/tongxun_learn/src/install/py03_acton/lib/python3.12/site-packages:/home/huangbo/ros2_learn/tongxun_learn/src/install/py01_topic/lib/python3.12/site-packages:/home/huangbo/ros2_learn/tongxun_learn/src/install/py05_time/lib/python3.12/site-packages:/home/huangbo/ros2_learn/tongxun_learn/src/install/py04_param/lib/python3.12/site-packages:/home/huangbo/ros2_learn/tongxun_learn/src/install/py02_service_my/lib/python3.12/site-packages:/home/huangbo/ros2_learn/tongxun_learn/src/install/py02_service/lib/python3.12/site-packages:/home/huangbo/ros2_learn/tongxun_learn/src/install/base_tongxun_s/lib/python3.12/site-packages:/opt/ros/jazzy/opt/gz_math_vendor/lib/python:/opt/ros/jazzy/lib/python3.12/site-packages', 'COLCON': '1', 'CMAKE_PREFIX_PATH': '/home/huangbo/ros2_learn/tongxun_learn/src/install/student_interfaces:/opt/ros/jazzy/opt/gz_math_vendor:/opt/ros/jazzy/opt/gz_utils_vendor:/opt/ros/jazzy/opt/gz_cmake_vendor'}), 'shell': False}
[11.703957] (-) TimerEvent: {}
[11.804543] (-) TimerEvent: {}
[11.825446] (py01_topic) StdoutLine: {'line': b'Installing addints_client_py script to /home/huangbo/ros2_learn/tongxun_learn/src/install/py01_topic/lib/py01_topic\n'}
[11.826117] (py01_topic) StdoutLine: {'line': b'Installing addints_server_py script to /home/huangbo/ros2_learn/tongxun_learn/src/install/py01_topic/lib/py01_topic\n'}
[11.826672] (py01_topic) StdoutLine: {'line': b'Installing demo01_talker_str_py script to /home/huangbo/ros2_learn/tongxun_learn/src/install/py01_topic/lib/py01_topic\n'}
[11.827207] (py01_topic) StdoutLine: {'line': b'Installing demo02_listener_str_py script to /home/huangbo/ros2_learn/tongxun_learn/src/install/py01_topic/lib/py01_topic\n'}
[11.827668] (py01_topic) StdoutLine: {'line': b'Installing student_listener_py script to /home/huangbo/ros2_learn/tongxun_learn/src/install/py01_topic/lib/py01_topic\n'}
[11.828882] (py01_topic) StdoutLine: {'line': b'Installing student_talker_py script to /home/huangbo/ros2_learn/tongxun_learn/src/install/py01_topic/lib/py01_topic\n'}
[11.828984] (py01_topic) StdoutLine: {'line': b"writing list of installed files to '/home/huangbo/ros2_learn/tongxun_learn/src/build/py01_topic/install.log'\n"}
[11.866914] (py01_topic) CommandEnded: {'returncode': 0}
[11.880046] (py01_topic) JobEnded: {'identifier': 'py01_topic', 'rc': 0}
[11.904699] (-) TimerEvent: {}
[11.974364] (py03_acton) StdoutLine: {'line': b'running egg_info\n'}
[12.000929] (py03_acton) StdoutLine: {'line': b'writing ../build/py03_acton/py03_acton.egg-info/PKG-INFO\n'}
[12.001318] (py03_acton) StdoutLine: {'line': b'writing dependency_links to ../build/py03_acton/py03_acton.egg-info/dependency_links.txt\n'}
[12.002195] (py03_acton) StdoutLine: {'line': b'writing entry points to ../build/py03_acton/py03_acton.egg-info/entry_points.txt\n'}
[12.002562] (py03_acton) StdoutLine: {'line': b'writing requirements to ../build/py03_acton/py03_acton.egg-info/requires.txt\n'}
[12.003484] (py03_acton) StdoutLine: {'line': b'writing top-level names to ../build/py03_acton/py03_acton.egg-info/top_level.txt\n'}
[12.005278] (-) TimerEvent: {}
[12.057551] (py03_acton) StdoutLine: {'line': b"reading manifest file '../build/py03_acton/py03_acton.egg-info/SOURCES.txt'\n"}
[12.059124] (py03_acton) StdoutLine: {'line': b"writing manifest file '../build/py03_acton/py03_acton.egg-info/SOURCES.txt'\n"}
[12.060676] (py03_acton) StdoutLine: {'line': b'running build\n'}
[12.060767] (py03_acton) StdoutLine: {'line': b'running build_py\n'}
[12.060869] (py03_acton) StdoutLine: {'line': b'running install\n'}
[12.068848] (py03_acton) StdoutLine: {'line': b'running install_lib\n'}
[12.103788] (py03_acton) StdoutLine: {'line': b'running install_data\n'}
[12.105816] (-) TimerEvent: {}
[12.107429] (py03_acton) StdoutLine: {'line': b'running install_egg_info\n'}
[12.132245] (py03_acton) StdoutLine: {'line': b"removing '/home/huangbo/ros2_learn/tongxun_learn/src/install/py03_acton/lib/python3.12/site-packages/py03_acton-0.0.0-py3.12.egg-info' (and everything under it)\n"}
[12.134453] (py03_acton) StdoutLine: {'line': b'Copying ../build/py03_acton/py03_acton.egg-info to /home/huangbo/ros2_learn/tongxun_learn/src/install/py03_acton/lib/python3.12/site-packages/py03_acton-0.0.0-py3.12.egg-info\n'}
[12.134696] (py03_acton) StdoutLine: {'line': b'running install_scripts\n'}
[12.206002] (-) TimerEvent: {}
[12.306566] (-) TimerEvent: {}
[12.341198] (py03_acton) StdoutLine: {'line': b'Installing demo_action_client_py script to /home/huangbo/ros2_learn/tongxun_learn/src/install/py03_acton/lib/py03_acton\n'}
[12.342230] (py03_acton) StdoutLine: {'line': b'Installing demo_action_server_py script to /home/huangbo/ros2_learn/tongxun_learn/src/install/py03_acton/lib/py03_acton\n'}
[12.342669] (py03_acton) StdoutLine: {'line': b"writing list of installed files to '/home/huangbo/ros2_learn/tongxun_learn/src/build/py03_acton/install.log'\n"}
[12.381016] (py03_acton) CommandEnded: {'returncode': 0}
[12.395635] (py03_acton) JobEnded: {'identifier': 'py03_acton', 'rc': 0}
[12.397239] (-) EventReactorShutdown: {}
