[0.000000] (-) TimerEvent: {}
[0.000933] (base_tongxun_s) JobQueued: {'identifier': 'base_tongxun_s', 'dependencies': OrderedDict()}
[0.000985] (py02_service) JobQueued: {'identifier': 'py02_service', 'dependencies': OrderedDict()}
[0.001002] (py02_service_my) JobQueued: {'identifier': 'py02_service_my', 'dependencies': OrderedDict()}
[0.001014] (py04_param) JobQueued: {'identifier': 'py04_param', 'dependencies': OrderedDict()}
[0.001025] (student_interfaces) JobQueued: {'identifier': 'student_interfaces', 'dependencies': OrderedDict()}
[0.001036] (py01_topic) JobQueued: {'identifier': 'py01_topic', 'dependencies': OrderedDict({'student_interfaces': '/home/huangbo/ros2_learn/tongxun_learn/install/student_interfaces'})}
[0.001051] (py03_acton) JobQueued: {'identifier': 'py03_acton', 'dependencies': OrderedDict({'student_interfaces': '/home/huangbo/ros2_learn/tongxun_learn/install/student_interfaces'})}
[0.004263] (student_interfaces) JobStarted: {'identifier': 'student_interfaces'}
[0.022326] (base_tongxun_s) JobStarted: {'identifier': 'base_tongxun_s'}
[0.078017] (student_interfaces) JobProgress: {'identifier': 'student_interfaces', 'progress': 'cmake'}
[0.089011] (student_interfaces) JobProgress: {'identifier': 'student_interfaces', 'progress': 'build'}
[0.089085] (student_interfaces) Command: {'cmd': ['/usr/bin/cmake', '--build', '/home/huangbo/ros2_learn/tongxun_learn/build/student_interfaces', '--', '-j2', '-l2'], 'cwd': '/home/huangbo/ros2_learn/tongxun_learn/build/student_interfaces', 'env': OrderedDict({'PYTHON_BASIC_REPL': '1', 'LESSOPEN': '| /usr/bin/lesspipe %s', 'USER': 'huangbo', 'SSH_CLIENT': '192.168.91.1 2349 22', 'XDG_SESSION_TYPE': 'tty', 'GIT_ASKPASS': '/home/huangbo/.vscode-server/cli/servers/Stable-7debcd0e2acdea1c52de81bf9ee1620444407dda/server/extensions/git/dist/askpass.sh', 'SHLVL': '1', 'LD_LIBRARY_PATH': '/opt/ros/jazzy/opt/rviz_ogre_vendor/lib:/opt/ros/jazzy/lib/x86_64-linux-gnu:/opt/ros/jazzy/opt/gz_math_vendor/lib:/opt/ros/jazzy/opt/gz_utils_vendor/lib:/opt/ros/jazzy/opt/gz_cmake_vendor/lib:/opt/ros/jazzy/lib', 'BROWSER': '/home/huangbo/.vscode-server/cli/servers/Stable-7debcd0e2acdea1c52de81bf9ee1620444407dda/server/bin/helpers/browser.sh', 'HOME': '/home/huangbo', 'TERM_PROGRAM_VERSION': '1.138.0', 'VSCODE_IPC_HOOK_CLI': '/run/user/1000/vscode-ipc-0dc43ae0-db17-4c58-8170-6f41f05b4e5e.sock', 'ROS_PYTHON_VERSION': '3', 'VSCODE_GIT_ASKPASS_MAIN': '/home/huangbo/.vscode-server/cli/servers/Stable-7debcd0e2acdea1c52de81bf9ee1620444407dda/server/extensions/git/dist/askpass-main.js', 'VSCODE_GIT_ASKPASS_NODE': '/home/huangbo/.vscode-server/cli/servers/Stable-7debcd0e2acdea1c52de81bf9ee1620444407dda/server/node', 'PYDEVD_DISABLE_FILE_VALIDATION': '1', 'BUNDLED_DEBUGPY_PATH': '/home/huangbo/.vscode-server/extensions/ms-python.debugpy-2026.6.0-linux-x64/bundled/libs/debugpy', 'VSCODE_PYTHON_AUTOACTIVATE_GUARD': '1', 'DBUS_SESSION_BUS_ADDRESS': 'unix:path=/run/user/1000/bus', 'COLORTERM': 'truecolor', 'DEBUGINFOD_URLS': 'https://debuginfod.ubuntu.com', 'ROS_DISTRO': 'jazzy', 'LOGNAME': 'huangbo', '_': '/usr/bin/colcon', 'ROS_VERSION': '2', 'XDG_SESSION_CLASS': 'user', 'TERM': 'xterm-256color', 'XDG_SESSION_ID': '4', 'PATH': '/home/huangbo/.vscode-server/data/User/globalStorage/github.copilot-chat/debugCommand:/home/huangbo/.vscode-server/data/User/globalStorage/github.copilot-chat/copilotCli:/home/huangbo/.vscode-server/cli/servers/Stable-7debcd0e2acdea1c52de81bf9ee1620444407dda/server/bin/remote-cli:/opt/ros/jazzy/bin:/usr/local/sbin:/usr/local/bin:/usr/sbin:/usr/bin:/sbin:/bin:/usr/games:/usr/local/games:/snap/bin:/home/huangbo/.vscode-server/extensions/ms-python.debugpy-2026.6.0-linux-x64/bundled/scripts/noConfigScripts', 'XDG_RUNTIME_DIR': '/run/user/1000', 'VSCODE_DEBUGPY_ADAPTER_ENDPOINTS': '/home/huangbo/.vscode-server/extensions/ms-python.debugpy-2026.6.0-linux-x64/.noConfigDebugAdapterEndpoints/endpoint-6c2380fe732802f1.txt', 'LANG': 'zh_CN.UTF-8', 'PYTHONSTARTUP': '/home/huangbo/.vscode-server/data/User/workspaceStorage/c358a63721801e90ff5d3c048722ef27/ms-python.python/pythonrc.py', 'LS_COLORS': 'rs=0:di=01;34:ln=01;36:mh=00:pi=40;33:so=01;35:do=01;35:bd=40;33;01:cd=40;33;01:or=40;31;01:mi=00:su=37;41:sg=30;43:ca=00:tw=30;42:ow=34;42:st=37;44:ex=01;32:*.tar=01;31:*.tgz=01;31:*.arc=01;31:*.arj=01;31:*.taz=01;31:*.lha=01;31:*.lz4=01;31:*.lzh=01;31:*.lzma=01;31:*.tlz=01;31:*.txz=01;31:*.tzo=01;31:*.t7z=01;31:*.zip=01;31:*.z=01;31:*.dz=01;31:*.gz=01;31:*.lrz=01;31:*.lz=01;31:*.lzo=01;31:*.xz=01;31:*.zst=01;31:*.tzst=01;31:*.bz2=01;31:*.bz=01;31:*.tbz=01;31:*.tbz2=01;31:*.tz=01;31:*.deb=01;31:*.rpm=01;31:*.jar=01;31:*.war=01;31:*.ear=01;31:*.sar=01;31:*.rar=01;31:*.alz=01;31:*.ace=01;31:*.zoo=01;31:*.cpio=01;31:*.7z=01;31:*.rz=01;31:*.cab=01;31:*.wim=01;31:*.swm=01;31:*.dwm=01;31:*.esd=01;31:*.avif=01;35:*.jpg=01;35:*.jpeg=01;35:*.mjpg=01;35:*.mjpeg=01;35:*.gif=01;35:*.bmp=01;35:*.pbm=01;35:*.pgm=01;35:*.ppm=01;35:*.tga=01;35:*.xbm=01;35:*.xpm=01;35:*.tif=01;35:*.tiff=01;35:*.png=01;35:*.svg=01;35:*.svgz=01;35:*.mng=01;35:*.pcx=01;35:*.mov=01;35:*.mpg=01;35:*.mpeg=01;35:*.m2v=01;35:*.mkv=01;35:*.webm=01;35:*.webp=01;35:*.ogm=01;35:*.mp4=01;35:*.m4v=01;35:*.mp4v=01;35:*.vob=01;35:*.qt=01;35:*.nuv=01;35:*.wmv=01;35:*.asf=01;35:*.rm=01;35:*.rmvb=01;35:*.flc=01;35:*.avi=01;35:*.fli=01;35:*.flv=01;35:*.gl=01;35:*.dl=01;35:*.xcf=01;35:*.xwd=01;35:*.yuv=01;35:*.cgm=01;35:*.emf=01;35:*.ogv=01;35:*.ogx=01;35:*.aac=00;36:*.au=00;36:*.flac=00;36:*.m4a=00;36:*.mid=00;36:*.midi=00;36:*.mka=00;36:*.mp3=00;36:*.mpc=00;36:*.ogg=00;36:*.ra=00;36:*.wav=00;36:*.oga=00;36:*.opus=00;36:*.spx=00;36:*.xspf=00;36:*~=00;90:*#=00;90:*.bak=00;90:*.crdownload=00;90:*.dpkg-dist=00;90:*.dpkg-new=00;90:*.dpkg-old=00;90:*.dpkg-tmp=00;90:*.old=00;90:*.orig=00;90:*.part=00;90:*.rej=00;90:*.rpmnew=00;90:*.rpmorig=00;90:*.rpmsave=00;90:*.swp=00;90:*.tmp=00;90:*.ucf-dist=00;90:*.ucf-new=00;90:*.ucf-old=00;90:', 'VSCODE_GIT_IPC_HANDLE': '/run/user/1000/vscode-git-b3ba6a87e1.sock', 'TERM_PROGRAM': 'vscode', 'AMENT_PREFIX_PATH': '/opt/ros/jazzy', 'SHELL': '/bin/bash', 'LESSCLOSE': '/usr/bin/lesspipe %s %s', 'ROS_AUTOMATIC_DISCOVERY_RANGE': 'SUBNET', 'VSCODE_GIT_ASKPASS_EXTRA_ARGS': '', 'PWD': '/home/huangbo/ros2_learn/tongxun_learn/build/student_interfaces', 'COPILOT_DEBUG_NONCE': '0eaae38a08eb9b17f52bd7ed955eaf75', 'SSH_CONNECTION': '192.168.91.1 2349 192.168.91.129 22', 'XDG_DATA_DIRS': '/usr/share/gnome:/usr/local/share:/usr/share:/var/lib/snapd/desktop', 'PYTHONPATH': '/opt/ros/jazzy/opt/gz_math_vendor/lib/python:/opt/ros/jazzy/lib/python3.12/site-packages', 'COLCON': '1', 'CMAKE_PREFIX_PATH': '/opt/ros/jazzy/opt/gz_math_vendor:/opt/ros/jazzy/opt/gz_utils_vendor:/opt/ros/jazzy/opt/gz_cmake_vendor:/opt/ros/jazzy'}), 'shell': False}
[0.106299] (-) TimerEvent: {}
[0.206961] (-) TimerEvent: {}
[0.309648] (-) TimerEvent: {}
[0.344372] (student_interfaces) StdoutLine: {'line': b'[  1%] Built target student_interfaces__rs\n'}
[0.344570] (student_interfaces) StdoutLine: {'line': b'[  3%] Built target student_interfaces__rosidl_generator_type_description\n'}
[0.409763] (-) TimerEvent: {}
[0.424395] (student_interfaces) StdoutLine: {'line': b'[ 23%] Built target student_interfaces__rosidl_generator_c\n'}
[0.431961] (student_interfaces) StdoutLine: {'line': b'[ 23%] Built target ament_cmake_python_copy_student_interfaces\n'}
[0.467942] (student_interfaces) StdoutLine: {'line': b'[ 25%] Built target student_interfaces__cpp\n'}
[0.510510] (-) TimerEvent: {}
[0.518803] (student_interfaces) StdoutLine: {'line': b'[ 34%] Built target student_interfaces__rosidl_typesupport_fastrtps_c\n'}
[0.527101] (student_interfaces) StdoutLine: {'line': b'[ 43%] Built target student_interfaces__rosidl_typesupport_introspection_c\n'}
[0.570451] (student_interfaces) StdoutLine: {'line': b'[ 52%] Built target student_interfaces__rosidl_typesupport_c\n'}
[0.592666] (student_interfaces) StdoutLine: {'line': b'[ 61%] Built target student_interfaces__rosidl_typesupport_fastrtps_cpp\n'}
[0.611021] (-) TimerEvent: {}
[0.632113] (student_interfaces) StdoutLine: {'line': b'[ 70%] Built target student_interfaces__rosidl_typesupport_introspection_cpp\n'}
[0.665879] (student_interfaces) StdoutLine: {'line': b'[ 80%] Built target student_interfaces__rosidl_typesupport_cpp\n'}
[0.713620] (-) TimerEvent: {}
[0.730083] (student_interfaces) StdoutLine: {'line': b'[ 80%] Built target student_interfaces\n'}
[0.799443] (student_interfaces) StdoutLine: {'line': b'[ 81%] Built target student_interfaces__py\n'}
[0.814441] (-) TimerEvent: {}
[0.895432] (student_interfaces) StdoutLine: {'line': b'[ 89%] Built target student_interfaces__rosidl_generator_py\n'}
[0.915249] (-) TimerEvent: {}
[0.978357] (student_interfaces) StdoutLine: {'line': b'[ 92%] Built target student_interfaces_s__rosidl_typesupport_fastrtps_c\n'}
[1.015509] (-) TimerEvent: {}
[1.046452] (student_interfaces) StdoutLine: {'line': b'[ 96%] Built target student_interfaces_s__rosidl_typesupport_introspection_c\n'}
[1.108716] (student_interfaces) StdoutLine: {'line': b'[100%] Built target student_interfaces_s__rosidl_typesupport_c\n'}
[1.115660] (-) TimerEvent: {}
[1.119186] (student_interfaces) StdoutLine: {'line': b'running egg_info\n'}
[1.165278] (student_interfaces) StdoutLine: {'line': b'writing student_interfaces.egg-info/PKG-INFO\n'}
[1.166254] (student_interfaces) StdoutLine: {'line': b'writing dependency_links to student_interfaces.egg-info/dependency_links.txt\n'}
[1.166924] (student_interfaces) StdoutLine: {'line': b'writing top-level names to student_interfaces.egg-info/top_level.txt\n'}
[1.216270] (-) TimerEvent: {}
[1.245442] (student_interfaces) StdoutLine: {'line': b"reading manifest file 'student_interfaces.egg-info/SOURCES.txt'\n"}
[1.247160] (student_interfaces) StdoutLine: {'line': b"writing manifest file 'student_interfaces.egg-info/SOURCES.txt'\n"}
[1.294805] (student_interfaces) StdoutLine: {'line': b'[100%] Built target ament_cmake_python_build_student_interfaces_egg\n'}
[1.318207] (-) TimerEvent: {}
[1.320223] (student_interfaces) CommandEnded: {'returncode': 0}
[1.322683] (student_interfaces) JobProgress: {'identifier': 'student_interfaces', 'progress': 'install'}
[1.342439] (student_interfaces) Command: {'cmd': ['/usr/bin/cmake', '--install', '/home/huangbo/ros2_learn/tongxun_learn/build/student_interfaces'], 'cwd': '/home/huangbo/ros2_learn/tongxun_learn/build/student_interfaces', 'env': OrderedDict({'PYTHON_BASIC_REPL': '1', 'LESSOPEN': '| /usr/bin/lesspipe %s', 'USER': 'huangbo', 'SSH_CLIENT': '192.168.91.1 2349 22', 'XDG_SESSION_TYPE': 'tty', 'GIT_ASKPASS': '/home/huangbo/.vscode-server/cli/servers/Stable-7debcd0e2acdea1c52de81bf9ee1620444407dda/server/extensions/git/dist/askpass.sh', 'SHLVL': '1', 'LD_LIBRARY_PATH': '/opt/ros/jazzy/opt/rviz_ogre_vendor/lib:/opt/ros/jazzy/lib/x86_64-linux-gnu:/opt/ros/jazzy/opt/gz_math_vendor/lib:/opt/ros/jazzy/opt/gz_utils_vendor/lib:/opt/ros/jazzy/opt/gz_cmake_vendor/lib:/opt/ros/jazzy/lib', 'BROWSER': '/home/huangbo/.vscode-server/cli/servers/Stable-7debcd0e2acdea1c52de81bf9ee1620444407dda/server/bin/helpers/browser.sh', 'HOME': '/home/huangbo', 'TERM_PROGRAM_VERSION': '1.138.0', 'VSCODE_IPC_HOOK_CLI': '/run/user/1000/vscode-ipc-0dc43ae0-db17-4c58-8170-6f41f05b4e5e.sock', 'ROS_PYTHON_VERSION': '3', 'VSCODE_GIT_ASKPASS_MAIN': '/home/huangbo/.vscode-server/cli/servers/Stable-7debcd0e2acdea1c52de81bf9ee1620444407dda/server/extensions/git/dist/askpass-main.js', 'VSCODE_GIT_ASKPASS_NODE': '/home/huangbo/.vscode-server/cli/servers/Stable-7debcd0e2acdea1c52de81bf9ee1620444407dda/server/node', 'PYDEVD_DISABLE_FILE_VALIDATION': '1', 'BUNDLED_DEBUGPY_PATH': '/home/huangbo/.vscode-server/extensions/ms-python.debugpy-2026.6.0-linux-x64/bundled/libs/debugpy', 'VSCODE_PYTHON_AUTOACTIVATE_GUARD': '1', 'DBUS_SESSION_BUS_ADDRESS': 'unix:path=/run/user/1000/bus', 'COLORTERM': 'truecolor', 'DEBUGINFOD_URLS': 'https://debuginfod.ubuntu.com', 'ROS_DISTRO': 'jazzy', 'LOGNAME': 'huangbo', '_': '/usr/bin/colcon', 'ROS_VERSION': '2', 'XDG_SESSION_CLASS': 'user', 'TERM': 'xterm-256color', 'XDG_SESSION_ID': '4', 'PATH': '/home/huangbo/.vscode-server/data/User/globalStorage/github.copilot-chat/debugCommand:/home/huangbo/.vscode-server/data/User/globalStorage/github.copilot-chat/copilotCli:/home/huangbo/.vscode-server/cli/servers/Stable-7debcd0e2acdea1c52de81bf9ee1620444407dda/server/bin/remote-cli:/opt/ros/jazzy/bin:/usr/local/sbin:/usr/local/bin:/usr/sbin:/usr/bin:/sbin:/bin:/usr/games:/usr/local/games:/snap/bin:/home/huangbo/.vscode-server/extensions/ms-python.debugpy-2026.6.0-linux-x64/bundled/scripts/noConfigScripts', 'XDG_RUNTIME_DIR': '/run/user/1000', 'VSCODE_DEBUGPY_ADAPTER_ENDPOINTS': '/home/huangbo/.vscode-server/extensions/ms-python.debugpy-2026.6.0-linux-x64/.noConfigDebugAdapterEndpoints/endpoint-6c2380fe732802f1.txt', 'LANG': 'zh_CN.UTF-8', 'PYTHONSTARTUP': '/home/huangbo/.vscode-server/data/User/workspaceStorage/c358a63721801e90ff5d3c048722ef27/ms-python.python/pythonrc.py', 'LS_COLORS': 'rs=0:di=01;34:ln=01;36:mh=00:pi=40;33:so=01;35:do=01;35:bd=40;33;01:cd=40;33;01:or=40;31;01:mi=00:su=37;41:sg=30;43:ca=00:tw=30;42:ow=34;42:st=37;44:ex=01;32:*.tar=01;31:*.tgz=01;31:*.arc=01;31:*.arj=01;31:*.taz=01;31:*.lha=01;31:*.lz4=01;31:*.lzh=01;31:*.lzma=01;31:*.tlz=01;31:*.txz=01;31:*.tzo=01;31:*.t7z=01;31:*.zip=01;31:*.z=01;31:*.dz=01;31:*.gz=01;31:*.lrz=01;31:*.lz=01;31:*.lzo=01;31:*.xz=01;31:*.zst=01;31:*.tzst=01;31:*.bz2=01;31:*.bz=01;31:*.tbz=01;31:*.tbz2=01;31:*.tz=01;31:*.deb=01;31:*.rpm=01;31:*.jar=01;31:*.war=01;31:*.ear=01;31:*.sar=01;31:*.rar=01;31:*.alz=01;31:*.ace=01;31:*.zoo=01;31:*.cpio=01;31:*.7z=01;31:*.rz=01;31:*.cab=01;31:*.wim=01;31:*.swm=01;31:*.dwm=01;31:*.esd=01;31:*.avif=01;35:*.jpg=01;35:*.jpeg=01;35:*.mjpg=01;35:*.mjpeg=01;35:*.gif=01;35:*.bmp=01;35:*.pbm=01;35:*.pgm=01;35:*.ppm=01;35:*.tga=01;35:*.xbm=01;35:*.xpm=01;35:*.tif=01;35:*.tiff=01;35:*.png=01;35:*.svg=01;35:*.svgz=01;35:*.mng=01;35:*.pcx=01;35:*.mov=01;35:*.mpg=01;35:*.mpeg=01;35:*.m2v=01;35:*.mkv=01;35:*.webm=01;35:*.webp=01;35:*.ogm=01;35:*.mp4=01;35:*.m4v=01;35:*.mp4v=01;35:*.vob=01;35:*.qt=01;35:*.nuv=01;35:*.wmv=01;35:*.asf=01;35:*.rm=01;35:*.rmvb=01;35:*.flc=01;35:*.avi=01;35:*.fli=01;35:*.flv=01;35:*.gl=01;35:*.dl=01;35:*.xcf=01;35:*.xwd=01;35:*.yuv=01;35:*.cgm=01;35:*.emf=01;35:*.ogv=01;35:*.ogx=01;35:*.aac=00;36:*.au=00;36:*.flac=00;36:*.m4a=00;36:*.mid=00;36:*.midi=00;36:*.mka=00;36:*.mp3=00;36:*.mpc=00;36:*.ogg=00;36:*.ra=00;36:*.wav=00;36:*.oga=00;36:*.opus=00;36:*.spx=00;36:*.xspf=00;36:*~=00;90:*#=00;90:*.bak=00;90:*.crdownload=00;90:*.dpkg-dist=00;90:*.dpkg-new=00;90:*.dpkg-old=00;90:*.dpkg-tmp=00;90:*.old=00;90:*.orig=00;90:*.part=00;90:*.rej=00;90:*.rpmnew=00;90:*.rpmorig=00;90:*.rpmsave=00;90:*.swp=00;90:*.tmp=00;90:*.ucf-dist=00;90:*.ucf-new=00;90:*.ucf-old=00;90:', 'VSCODE_GIT_IPC_HANDLE': '/run/user/1000/vscode-git-b3ba6a87e1.sock', 'TERM_PROGRAM': 'vscode', 'AMENT_PREFIX_PATH': '/opt/ros/jazzy', 'SHELL': '/bin/bash', 'LESSCLOSE': '/usr/bin/lesspipe %s %s', 'ROS_AUTOMATIC_DISCOVERY_RANGE': 'SUBNET', 'VSCODE_GIT_ASKPASS_EXTRA_ARGS': '', 'PWD': '/home/huangbo/ros2_learn/tongxun_learn/build/student_interfaces', 'COPILOT_DEBUG_NONCE': '0eaae38a08eb9b17f52bd7ed955eaf75', 'SSH_CONNECTION': '192.168.91.1 2349 192.168.91.129 22', 'XDG_DATA_DIRS': '/usr/share/gnome:/usr/local/share:/usr/share:/var/lib/snapd/desktop', 'PYTHONPATH': '/opt/ros/jazzy/opt/gz_math_vendor/lib/python:/opt/ros/jazzy/lib/python3.12/site-packages', 'COLCON': '1', 'CMAKE_PREFIX_PATH': '/opt/ros/jazzy/opt/gz_math_vendor:/opt/ros/jazzy/opt/gz_utils_vendor:/opt/ros/jazzy/opt/gz_cmake_vendor:/opt/ros/jazzy'}), 'shell': False}
[1.371906] (student_interfaces) StdoutLine: {'line': b'-- Install configuration: ""\n'}
[1.372705] (student_interfaces) StdoutLine: {'line': b'-- Up-to-date: /home/huangbo/ros2_learn/tongxun_learn/install/student_interfaces/share/ament_index/resource_index/rosidl_interfaces/student_interfaces\n'}
[1.373057] (student_interfaces) StdoutLine: {'line': b'-- Up-to-date: /home/huangbo/ros2_learn/tongxun_learn/install/student_interfaces/share/student_interfaces/msg/Student.json\n'}
[1.373601] (student_interfaces) StdoutLine: {'line': b'-- Up-to-date: /home/huangbo/ros2_learn/tongxun_learn/install/student_interfaces/share/student_interfaces/srv/Addints.json\n'}
[1.374401] (student_interfaces) StdoutLine: {'line': b'-- Up-to-date: /home/huangbo/ros2_learn/tongxun_learn/install/student_interfaces/share/student_interfaces/action/Progress.json\n'}
[1.374619] (student_interfaces) StdoutLine: {'line': b'-- Up-to-date: /home/huangbo/ros2_learn/tongxun_learn/install/student_interfaces/include/student_interfaces/student_interfaces\n'}
[1.374834] (student_interfaces) StdoutLine: {'line': b'-- Up-to-date: /home/huangbo/ros2_learn/tongxun_learn/install/student_interfaces/include/student_interfaces/student_interfaces/action\n'}
[1.375034] (student_interfaces) StdoutLine: {'line': b'-- Up-to-date: /home/huangbo/ros2_learn/tongxun_learn/install/student_interfaces/include/student_interfaces/student_interfaces/action/detail\n'}
[1.375252] (student_interfaces) StdoutLine: {'line': b'-- Installing: /home/huangbo/ros2_learn/tongxun_learn/install/student_interfaces/include/student_interfaces/student_interfaces/action/detail/progress__type_support.c\n'}
[1.376093] (student_interfaces) StdoutLine: {'line': b'-- Up-to-date: /home/huangbo/ros2_learn/tongxun_learn/install/student_interfaces/include/student_interfaces/student_interfaces/action/detail/progress__functions.h\n'}
[1.376409] (student_interfaces) StdoutLine: {'line': b'-- Up-to-date: /home/huangbo/ros2_learn/tongxun_learn/install/student_interfaces/include/student_interfaces/student_interfaces/action/detail/progress__type_support.h\n'}
[1.376834] (student_interfaces) StdoutLine: {'line': b'-- Up-to-date: /home/huangbo/ros2_learn/tongxun_learn/install/student_interfaces/include/student_interfaces/student_interfaces/action/detail/progress__functions.c\n'}
[1.377052] (student_interfaces) StdoutLine: {'line': b'-- Up-to-date: /home/huangbo/ros2_learn/tongxun_learn/install/student_interfaces/include/student_interfaces/student_interfaces/action/detail/progress__description.c\n'}
[1.377216] (student_interfaces) StdoutLine: {'line': b'-- Up-to-date: /home/huangbo/ros2_learn/tongxun_learn/install/student_interfaces/include/student_interfaces/student_interfaces/action/detail/progress__struct.h\n'}
[1.377394] (student_interfaces) StdoutLine: {'line': b'-- Up-to-date: /home/huangbo/ros2_learn/tongxun_learn/install/student_interfaces/include/student_interfaces/student_interfaces/action/progress.h\n'}
[1.377535] (student_interfaces) StdoutLine: {'line': b'-- Up-to-date: /home/huangbo/ros2_learn/tongxun_learn/install/student_interfaces/include/student_interfaces/student_interfaces/srv\n'}
[1.377777] (student_interfaces) StdoutLine: {'line': b'-- Up-to-date: /home/huangbo/ros2_learn/tongxun_learn/install/student_interfaces/include/student_interfaces/student_interfaces/srv/addints.h\n'}
[1.377959] (student_interfaces) StdoutLine: {'line': b'-- Up-to-date: /home/huangbo/ros2_learn/tongxun_learn/install/student_interfaces/include/student_interfaces/student_interfaces/srv/detail\n'}
[1.378053] (student_interfaces) StdoutLine: {'line': b'-- Up-to-date: /home/huangbo/ros2_learn/tongxun_learn/install/student_interfaces/include/student_interfaces/student_interfaces/srv/detail/addints__type_support.c\n'}
[1.378249] (student_interfaces) StdoutLine: {'line': b'-- Up-to-date: /home/huangbo/ros2_learn/tongxun_learn/install/student_interfaces/include/student_interfaces/student_interfaces/srv/detail/addints__struct.h\n'}
[1.378771] (student_interfaces) StdoutLine: {'line': b'-- Up-to-date: /home/huangbo/ros2_learn/tongxun_learn/install/student_interfaces/include/student_interfaces/student_interfaces/srv/detail/addints__functions.h\n'}
[1.379028] (student_interfaces) StdoutLine: {'line': b'-- Up-to-date: /home/huangbo/ros2_learn/tongxun_learn/install/student_interfaces/include/student_interfaces/student_interfaces/srv/detail/addints__functions.c\n'}
[1.379124] (student_interfaces) StdoutLine: {'line': b'-- Up-to-date: /home/huangbo/ros2_learn/tongxun_learn/install/student_interfaces/include/student_interfaces/student_interfaces/srv/detail/addints__type_support.h\n'}
[1.379208] (student_interfaces) StdoutLine: {'line': b'-- Up-to-date: /home/huangbo/ros2_learn/tongxun_learn/install/student_interfaces/include/student_interfaces/student_interfaces/srv/detail/addints__description.c\n'}
[1.379370] (student_interfaces) StdoutLine: {'line': b'-- Up-to-date: /home/huangbo/ros2_learn/tongxun_learn/install/student_interfaces/include/student_interfaces/student_interfaces/msg\n'}
[1.379809] (student_interfaces) StdoutLine: {'line': b'-- Up-to-date: /home/huangbo/ros2_learn/tongxun_learn/install/student_interfaces/include/student_interfaces/student_interfaces/msg/detail\n'}
[1.380076] (student_interfaces) StdoutLine: {'line': b'-- Installing: /home/huangbo/ros2_learn/tongxun_learn/install/student_interfaces/include/student_interfaces/student_interfaces/msg/detail/student__type_support.c\n'}
[1.381214] (student_interfaces) StdoutLine: {'line': b'-- Up-to-date: /home/huangbo/ros2_learn/tongxun_learn/install/student_interfaces/include/student_interfaces/student_interfaces/msg/detail/student__struct.h\n'}
[1.381459] (student_interfaces) StdoutLine: {'line': b'-- Up-to-date: /home/huangbo/ros2_learn/tongxun_learn/install/student_interfaces/include/student_interfaces/student_interfaces/msg/detail/student__description.c\n'}
[1.381926] (student_interfaces) StdoutLine: {'line': b'-- Up-to-date: /home/huangbo/ros2_learn/tongxun_learn/install/student_interfaces/include/student_interfaces/student_interfaces/msg/detail/student__functions.h\n'}
[1.382079] (student_interfaces) StdoutLine: {'line': b'-- Up-to-date: /home/huangbo/ros2_learn/tongxun_learn/install/student_interfaces/include/student_interfaces/student_interfaces/msg/detail/student__functions.c\n'}
[1.382266] (student_interfaces) StdoutLine: {'line': b'-- Up-to-date: /home/huangbo/ros2_learn/tongxun_learn/install/student_interfaces/include/student_interfaces/student_interfaces/msg/detail/student__type_support.h\n'}
[1.382342] (student_interfaces) StdoutLine: {'line': b'-- Up-to-date: /home/huangbo/ros2_learn/tongxun_learn/install/student_interfaces/include/student_interfaces/student_interfaces/msg/rosidl_generator_c__visibility_control.h\n'}
[1.382545] (student_interfaces) StdoutLine: {'line': b'-- Up-to-date: /home/huangbo/ros2_learn/tongxun_learn/install/student_interfaces/include/student_interfaces/student_interfaces/msg/student.h\n'}
[1.383073] (student_interfaces) StdoutLine: {'line': b'-- Up-to-date: /home/huangbo/ros2_learn/tongxun_learn/install/student_interfaces/share/student_interfaces/environment/library_path.sh\n'}
[1.383669] (student_interfaces) StdoutLine: {'line': b'-- Up-to-date: /home/huangbo/ros2_learn/tongxun_learn/install/student_interfaces/share/student_interfaces/environment/library_path.dsv\n'}
[1.385184] (student_interfaces) StdoutLine: {'line': b'-- Up-to-date: /home/huangbo/ros2_learn/tongxun_learn/install/student_interfaces/lib/libstudent_interfaces__rosidl_generator_c.so\n'}
[1.386214] (student_interfaces) StdoutLine: {'line': b'-- Up-to-date: /home/huangbo/ros2_learn/tongxun_learn/install/student_interfaces/include/student_interfaces/student_interfaces\n'}
[1.386619] (student_interfaces) StdoutLine: {'line': b'-- Up-to-date: /home/huangbo/ros2_learn/tongxun_learn/install/student_interfaces/include/student_interfaces/student_interfaces/action\n'}
[1.386869] (student_interfaces) StdoutLine: {'line': b'-- Up-to-date: /home/huangbo/ros2_learn/tongxun_learn/install/student_interfaces/include/student_interfaces/student_interfaces/action/detail\n'}
[1.387068] (student_interfaces) StdoutLine: {'line': b'-- Up-to-date: /home/huangbo/ros2_learn/tongxun_learn/install/student_interfaces/include/student_interfaces/student_interfaces/action/detail/progress__rosidl_typesupport_fastrtps_c.h\n'}
[1.387308] (student_interfaces) StdoutLine: {'line': b'-- Up-to-date: /home/huangbo/ros2_learn/tongxun_learn/install/student_interfaces/include/student_interfaces/student_interfaces/srv\n'}
[1.387474] (student_interfaces) StdoutLine: {'line': b'-- Up-to-date: /home/huangbo/ros2_learn/tongxun_learn/install/student_interfaces/include/student_interfaces/student_interfaces/srv/detail\n'}
[1.387758] (student_interfaces) StdoutLine: {'line': b'-- Up-to-date: /home/huangbo/ros2_learn/tongxun_learn/install/student_interfaces/include/student_interfaces/student_interfaces/srv/detail/addints__rosidl_typesupport_fastrtps_c.h\n'}
[1.388064] (student_interfaces) StdoutLine: {'line': b'-- Up-to-date: /home/huangbo/ros2_learn/tongxun_learn/install/student_interfaces/include/student_interfaces/student_interfaces/msg\n'}
[1.388174] (student_interfaces) StdoutLine: {'line': b'-- Up-to-date: /home/huangbo/ros2_learn/tongxun_learn/install/student_interfaces/include/student_interfaces/student_interfaces/msg/detail\n'}
[1.388340] (student_interfaces) StdoutLine: {'line': b'-- Up-to-date: /home/huangbo/ros2_learn/tongxun_learn/install/student_interfaces/include/student_interfaces/student_interfaces/msg/detail/student__rosidl_typesupport_fastrtps_c.h\n'}
[1.388540] (student_interfaces) StdoutLine: {'line': b'-- Up-to-date: /home/huangbo/ros2_learn/tongxun_learn/install/student_interfaces/include/student_interfaces/student_interfaces/msg/rosidl_typesupport_fastrtps_c__visibility_control.h\n'}
[1.389952] (student_interfaces) StdoutLine: {'line': b'-- Up-to-date: /home/huangbo/ros2_learn/tongxun_learn/install/student_interfaces/lib/libstudent_interfaces__rosidl_typesupport_fastrtps_c.so\n'}
[1.391238] (student_interfaces) StdoutLine: {'line': b'-- Up-to-date: /home/huangbo/ros2_learn/tongxun_learn/install/student_interfaces/include/student_interfaces/student_interfaces\n'}
[1.391479] (student_interfaces) StdoutLine: {'line': b'-- Up-to-date: /home/huangbo/ros2_learn/tongxun_learn/install/student_interfaces/include/student_interfaces/student_interfaces/action\n'}
[1.391571] (student_interfaces) StdoutLine: {'line': b'-- Up-to-date: /home/huangbo/ros2_learn/tongxun_learn/install/student_interfaces/include/student_interfaces/student_interfaces/action/detail\n'}
[1.392011] (student_interfaces) StdoutLine: {'line': b'-- Installing: /home/huangbo/ros2_learn/tongxun_learn/install/student_interfaces/include/student_interfaces/student_interfaces/action/detail/progress__type_support.c\n'}
[1.393115] (student_interfaces) StdoutLine: {'line': b'-- Up-to-date: /home/huangbo/ros2_learn/tongxun_learn/install/student_interfaces/include/student_interfaces/student_interfaces/action/detail/progress__rosidl_typesupport_introspection_c.h\n'}
[1.393580] (student_interfaces) StdoutLine: {'line': b'-- Up-to-date: /home/huangbo/ros2_learn/tongxun_learn/install/student_interfaces/include/student_interfaces/student_interfaces/srv\n'}
[1.393723] (student_interfaces) StdoutLine: {'line': b'-- Up-to-date: /home/huangbo/ros2_learn/tongxun_learn/install/student_interfaces/include/student_interfaces/student_interfaces/srv/detail\n'}
[1.393926] (student_interfaces) StdoutLine: {'line': b'-- Up-to-date: /home/huangbo/ros2_learn/tongxun_learn/install/student_interfaces/include/student_interfaces/student_interfaces/srv/detail/addints__type_support.c\n'}
[1.393997] (student_interfaces) StdoutLine: {'line': b'-- Up-to-date: /home/huangbo/ros2_learn/tongxun_learn/install/student_interfaces/include/student_interfaces/student_interfaces/srv/detail/addints__rosidl_typesupport_introspection_c.h\n'}
[1.394180] (student_interfaces) StdoutLine: {'line': b'-- Up-to-date: /home/huangbo/ros2_learn/tongxun_learn/install/student_interfaces/include/student_interfaces/student_interfaces/msg\n'}
[1.394360] (student_interfaces) StdoutLine: {'line': b'-- Up-to-date: /home/huangbo/ros2_learn/tongxun_learn/install/student_interfaces/include/student_interfaces/student_interfaces/msg/detail\n'}
[1.394513] (student_interfaces) StdoutLine: {'line': b'-- Installing: /home/huangbo/ros2_learn/tongxun_learn/install/student_interfaces/include/student_interfaces/student_interfaces/msg/detail/student__type_support.c\n'}
[1.395381] (student_interfaces) StdoutLine: {'line': b'-- Up-to-date: /home/huangbo/ros2_learn/tongxun_learn/install/student_interfaces/include/student_interfaces/student_interfaces/msg/detail/student__rosidl_typesupport_introspection_c.h\n'}
[1.395771] (student_interfaces) StdoutLine: {'line': b'-- Up-to-date: /home/huangbo/ros2_learn/tongxun_learn/install/student_interfaces/include/student_interfaces/student_interfaces/msg/rosidl_typesupport_introspection_c__visibility_control.h\n'}
[1.397640] (student_interfaces) StdoutLine: {'line': b'-- Up-to-date: /home/huangbo/ros2_learn/tongxun_learn/install/student_interfaces/lib/libstudent_interfaces__rosidl_typesupport_introspection_c.so\n'}
[1.399358] (student_interfaces) StdoutLine: {'line': b'-- Up-to-date: /home/huangbo/ros2_learn/tongxun_learn/install/student_interfaces/lib/libstudent_interfaces__rosidl_typesupport_c.so\n'}
[1.400072] (student_interfaces) StdoutLine: {'line': b'-- Up-to-date: /home/huangbo/ros2_learn/tongxun_learn/install/student_interfaces/include/student_interfaces/student_interfaces\n'}
[1.400532] (student_interfaces) StdoutLine: {'line': b'-- Up-to-date: /home/huangbo/ros2_learn/tongxun_learn/install/student_interfaces/include/student_interfaces/student_interfaces/action\n'}
[1.400902] (student_interfaces) StdoutLine: {'line': b'-- Up-to-date: /home/huangbo/ros2_learn/tongxun_learn/install/student_interfaces/include/student_interfaces/student_interfaces/action/detail\n'}
[1.401357] (student_interfaces) StdoutLine: {'line': b'-- Up-to-date: /home/huangbo/ros2_learn/tongxun_learn/install/student_interfaces/include/student_interfaces/student_interfaces/action/detail/progress__struct.hpp\n'}
[1.401812] (student_interfaces) StdoutLine: {'line': b'-- Up-to-date: /home/huangbo/ros2_learn/tongxun_learn/install/student_interfaces/include/student_interfaces/student_interfaces/action/detail/progress__traits.hpp\n'}
[1.402014] (student_interfaces) StdoutLine: {'line': b'-- Up-to-date: /home/huangbo/ros2_learn/tongxun_learn/install/student_interfaces/include/student_interfaces/student_interfaces/action/detail/progress__type_support.hpp\n'}
[1.402204] (student_interfaces) StdoutLine: {'line': b'-- Up-to-date: /home/huangbo/ros2_learn/tongxun_learn/install/student_interfaces/include/student_interfaces/student_interfaces/action/detail/progress__builder.hpp\n'}
[1.402442] (student_interfaces) StdoutLine: {'line': b'-- Up-to-date: /home/huangbo/ros2_learn/tongxun_learn/install/student_interfaces/include/student_interfaces/student_interfaces/action/progress.hpp\n'}
[1.402643] (student_interfaces) StdoutLine: {'line': b'-- Up-to-date: /home/huangbo/ros2_learn/tongxun_learn/install/student_interfaces/include/student_interfaces/student_interfaces/srv\n'}
[1.402831] (student_interfaces) StdoutLine: {'line': b'-- Up-to-date: /home/huangbo/ros2_learn/tongxun_learn/install/student_interfaces/include/student_interfaces/student_interfaces/srv/detail\n'}
[1.402912] (student_interfaces) StdoutLine: {'line': b'-- Up-to-date: /home/huangbo/ros2_learn/tongxun_learn/install/student_interfaces/include/student_interfaces/student_interfaces/srv/detail/addints__builder.hpp\n'}
[1.403256] (student_interfaces) StdoutLine: {'line': b'-- Up-to-date: /home/huangbo/ros2_learn/tongxun_learn/install/student_interfaces/include/student_interfaces/student_interfaces/srv/detail/addints__type_support.hpp\n'}
[1.403342] (student_interfaces) StdoutLine: {'line': b'-- Up-to-date: /home/huangbo/ros2_learn/tongxun_learn/install/student_interfaces/include/student_interfaces/student_interfaces/srv/detail/addints__struct.hpp\n'}
[1.403483] (student_interfaces) StdoutLine: {'line': b'-- Up-to-date: /home/huangbo/ros2_learn/tongxun_learn/install/student_interfaces/include/student_interfaces/student_interfaces/srv/detail/addints__traits.hpp\n'}
[1.403622] (student_interfaces) StdoutLine: {'line': b'-- Up-to-date: /home/huangbo/ros2_learn/tongxun_learn/install/student_interfaces/include/student_interfaces/student_interfaces/srv/addints.hpp\n'}
[1.403782] (student_interfaces) StdoutLine: {'line': b'-- Up-to-date: /home/huangbo/ros2_learn/tongxun_learn/install/student_interfaces/include/student_interfaces/student_interfaces/msg\n'}
[1.403843] (student_interfaces) StdoutLine: {'line': b'-- Up-to-date: /home/huangbo/ros2_learn/tongxun_learn/install/student_interfaces/include/student_interfaces/student_interfaces/msg/detail\n'}
[1.404122] (student_interfaces) StdoutLine: {'line': b'-- Up-to-date: /home/huangbo/ros2_learn/tongxun_learn/install/student_interfaces/include/student_interfaces/student_interfaces/msg/detail/student__builder.hpp\n'}
[1.404264] (student_interfaces) StdoutLine: {'line': b'-- Up-to-date: /home/huangbo/ros2_learn/tongxun_learn/install/student_interfaces/include/student_interfaces/student_interfaces/msg/detail/student__traits.hpp\n'}
[1.404426] (student_interfaces) StdoutLine: {'line': b'-- Up-to-date: /home/huangbo/ros2_learn/tongxun_learn/install/student_interfaces/include/student_interfaces/student_interfaces/msg/detail/student__struct.hpp\n'}
[1.404677] (student_interfaces) StdoutLine: {'line': b'-- Up-to-date: /home/huangbo/ros2_learn/tongxun_learn/install/student_interfaces/include/student_interfaces/student_interfaces/msg/detail/student__type_support.hpp\n'}
[1.404758] (student_interfaces) StdoutLine: {'line': b'-- Up-to-date: /home/huangbo/ros2_learn/tongxun_learn/install/student_interfaces/include/student_interfaces/student_interfaces/msg/student.hpp\n'}
[1.404895] (student_interfaces) StdoutLine: {'line': b'-- Up-to-date: /home/huangbo/ros2_learn/tongxun_learn/install/student_interfaces/include/student_interfaces/student_interfaces/msg/rosidl_generator_cpp__visibility_control.hpp\n'}
[1.405108] (student_interfaces) StdoutLine: {'line': b'-- Up-to-date: /home/huangbo/ros2_learn/tongxun_learn/install/student_interfaces/include/student_interfaces/student_interfaces\n'}
[1.405180] (student_interfaces) StdoutLine: {'line': b'-- Up-to-date: /home/huangbo/ros2_learn/tongxun_learn/install/student_interfaces/include/student_interfaces/student_interfaces/action\n'}
[1.405388] (student_interfaces) StdoutLine: {'line': b'-- Up-to-date: /home/huangbo/ros2_learn/tongxun_learn/install/student_interfaces/include/student_interfaces/student_interfaces/action/detail\n'}
[1.405620] (student_interfaces) StdoutLine: {'line': b'-- Up-to-date: /home/huangbo/ros2_learn/tongxun_learn/install/student_interfaces/include/student_interfaces/student_interfaces/action/detail/progress__rosidl_typesupport_fastrtps_cpp.hpp\n'}
[1.405814] (student_interfaces) StdoutLine: {'line': b'-- Up-to-date: /home/huangbo/ros2_learn/tongxun_learn/install/student_interfaces/include/student_interfaces/student_interfaces/action/detail/dds_fastrtps\n'}
[1.405968] (student_interfaces) StdoutLine: {'line': b'-- Up-to-date: /home/huangbo/ros2_learn/tongxun_learn/install/student_interfaces/include/student_interfaces/student_interfaces/srv\n'}
[1.406200] (student_interfaces) StdoutLine: {'line': b'-- Up-to-date: /home/huangbo/ros2_learn/tongxun_learn/install/student_interfaces/include/student_interfaces/student_interfaces/srv/detail\n'}
[1.406438] (student_interfaces) StdoutLine: {'line': b'-- Up-to-date: /home/huangbo/ros2_learn/tongxun_learn/install/student_interfaces/include/student_interfaces/student_interfaces/srv/detail/addints__rosidl_typesupport_fastrtps_cpp.hpp\n'}
[1.406500] (student_interfaces) StdoutLine: {'line': b'-- Up-to-date: /home/huangbo/ros2_learn/tongxun_learn/install/student_interfaces/include/student_interfaces/student_interfaces/srv/detail/dds_fastrtps\n'}
[1.407075] (student_interfaces) StdoutLine: {'line': b'-- Up-to-date: /home/huangbo/ros2_learn/tongxun_learn/install/student_interfaces/include/student_interfaces/student_interfaces/msg\n'}
[1.407453] (student_interfaces) StdoutLine: {'line': b'-- Up-to-date: /home/huangbo/ros2_learn/tongxun_learn/install/student_interfaces/include/student_interfaces/student_interfaces/msg/detail\n'}
[1.407717] (student_interfaces) StdoutLine: {'line': b'-- Up-to-date: /home/huangbo/ros2_learn/tongxun_learn/install/student_interfaces/include/student_interfaces/student_interfaces/msg/detail/student__rosidl_typesupport_fastrtps_cpp.hpp\n'}
[1.407928] (student_interfaces) StdoutLine: {'line': b'-- Up-to-date: /home/huangbo/ros2_learn/tongxun_learn/install/student_interfaces/include/student_interfaces/student_interfaces/msg/detail/dds_fastrtps\n'}
[1.408018] (student_interfaces) StdoutLine: {'line': b'-- Up-to-date: /home/huangbo/ros2_learn/tongxun_learn/install/student_interfaces/include/student_interfaces/student_interfaces/msg/rosidl_typesupport_fastrtps_cpp__visibility_control.h\n'}
[1.409604] (student_interfaces) StdoutLine: {'line': b'-- Up-to-date: /home/huangbo/ros2_learn/tongxun_learn/install/student_interfaces/lib/libstudent_interfaces__rosidl_typesupport_fastrtps_cpp.so\n'}
[1.410234] (student_interfaces) StdoutLine: {'line': b'-- Up-to-date: /home/huangbo/ros2_learn/tongxun_learn/install/student_interfaces/include/student_interfaces/student_interfaces\n'}
[1.411097] (student_interfaces) StdoutLine: {'line': b'-- Up-to-date: /home/huangbo/ros2_learn/tongxun_learn/install/student_interfaces/include/student_interfaces/student_interfaces/action\n'}
[1.411326] (student_interfaces) StdoutLine: {'line': b'-- Up-to-date: /home/huangbo/ros2_learn/tongxun_learn/install/student_interfaces/include/student_interfaces/student_interfaces/action/detail\n'}
[1.411545] (student_interfaces) StdoutLine: {'line': b'-- Up-to-date: /home/huangbo/ros2_learn/tongxun_learn/install/student_interfaces/include/student_interfaces/student_interfaces/action/detail/progress__type_support.cpp\n'}
[1.411676] (student_interfaces) StdoutLine: {'line': b'-- Up-to-date: /home/huangbo/ros2_learn/tongxun_learn/install/student_interfaces/include/student_interfaces/student_interfaces/action/detail/progress__rosidl_typesupport_introspection_cpp.hpp\n'}
[1.412126] (student_interfaces) StdoutLine: {'line': b'-- Up-to-date: /home/huangbo/ros2_learn/tongxun_learn/install/student_interfaces/include/student_interfaces/student_interfaces/srv\n'}
[1.412297] (student_interfaces) StdoutLine: {'line': b'-- Up-to-date: /home/huangbo/ros2_learn/tongxun_learn/install/student_interfaces/include/student_interfaces/student_interfaces/srv/detail\n'}
[1.412401] (student_interfaces) StdoutLine: {'line': b'-- Up-to-date: /home/huangbo/ros2_learn/tongxun_learn/install/student_interfaces/include/student_interfaces/student_interfaces/srv/detail/addints__type_support.cpp\n'}
[1.412647] (student_interfaces) StdoutLine: {'line': b'-- Up-to-date: /home/huangbo/ros2_learn/tongxun_learn/install/student_interfaces/include/student_interfaces/student_interfaces/srv/detail/addints__rosidl_typesupport_introspection_cpp.hpp\n'}
[1.412777] (student_interfaces) StdoutLine: {'line': b'-- Up-to-date: /home/huangbo/ros2_learn/tongxun_learn/install/student_interfaces/include/student_interfaces/student_interfaces/msg\n'}
[1.412911] (student_interfaces) StdoutLine: {'line': b'-- Up-to-date: /home/huangbo/ros2_learn/tongxun_learn/install/student_interfaces/include/student_interfaces/student_interfaces/msg/detail\n'}
[1.413013] (student_interfaces) StdoutLine: {'line': b'-- Up-to-date: /home/huangbo/ros2_learn/tongxun_learn/install/student_interfaces/include/student_interfaces/student_interfaces/msg/detail/student__type_support.cpp\n'}
[1.413255] (student_interfaces) StdoutLine: {'line': b'-- Up-to-date: /home/huangbo/ros2_learn/tongxun_learn/install/student_interfaces/include/student_interfaces/student_interfaces/msg/detail/student__rosidl_typesupport_introspection_cpp.hpp\n'}
[1.414972] (student_interfaces) StdoutLine: {'line': b'-- Up-to-date: /home/huangbo/ros2_learn/tongxun_learn/install/student_interfaces/lib/libstudent_interfaces__rosidl_typesupport_introspection_cpp.so\n'}
[1.416836] (student_interfaces) StdoutLine: {'line': b'-- Up-to-date: /home/huangbo/ros2_learn/tongxun_learn/install/student_interfaces/lib/libstudent_interfaces__rosidl_typesupport_cpp.so\n'}
[1.417731] (student_interfaces) StdoutLine: {'line': b'-- Up-to-date: /home/huangbo/ros2_learn/tongxun_learn/install/student_interfaces/share/student_interfaces/environment/pythonpath.sh\n'}
[1.417831] (student_interfaces) StdoutLine: {'line': b'-- Up-to-date: /home/huangbo/ros2_learn/tongxun_learn/install/student_interfaces/share/student_interfaces/environment/pythonpath.dsv\n'}
[1.418105] (student_interfaces) StdoutLine: {'line': b'-- Up-to-date: /home/huangbo/ros2_learn/tongxun_learn/install/student_interfaces/lib/python3.12/site-packages/student_interfaces-0.0.0-py3.12.egg-info\n'}
[1.418222] (student_interfaces) StdoutLine: {'line': b'-- Installing: /home/huangbo/ros2_learn/tongxun_learn/install/student_interfaces/lib/python3.12/site-packages/student_interfaces-0.0.0-py3.12.egg-info/SOURCES.txt\n'}
[1.418305] (-) TimerEvent: {}
[1.418836] (student_interfaces) StdoutLine: {'line': b'-- Installing: /home/huangbo/ros2_learn/tongxun_learn/install/student_interfaces/lib/python3.12/site-packages/student_interfaces-0.0.0-py3.12.egg-info/dependency_links.txt\n'}
[1.419685] (student_interfaces) StdoutLine: {'line': b'-- Installing: /home/huangbo/ros2_learn/tongxun_learn/install/student_interfaces/lib/python3.12/site-packages/student_interfaces-0.0.0-py3.12.egg-info/PKG-INFO\n'}
[1.420236] (student_interfaces) StdoutLine: {'line': b'-- Installing: /home/huangbo/ros2_learn/tongxun_learn/install/student_interfaces/lib/python3.12/site-packages/student_interfaces-0.0.0-py3.12.egg-info/top_level.txt\n'}
[1.421110] (student_interfaces) StdoutLine: {'line': b'-- Up-to-date: /home/huangbo/ros2_learn/tongxun_learn/install/student_interfaces/lib/python3.12/site-packages/student_interfaces\n'}
[1.421418] (student_interfaces) StdoutLine: {'line': b'-- Up-to-date: /home/huangbo/ros2_learn/tongxun_learn/install/student_interfaces/lib/python3.12/site-packages/student_interfaces/student_interfaces_s__rosidl_typesupport_c.so\n'}
[1.421521] (student_interfaces) StdoutLine: {'line': b'-- Up-to-date: /home/huangbo/ros2_learn/tongxun_learn/install/student_interfaces/lib/python3.12/site-packages/student_interfaces/student_interfaces_s__rosidl_typesupport_fastrtps_c.so\n'}
[1.421931] (student_interfaces) StdoutLine: {'line': b'-- Up-to-date: /home/huangbo/ros2_learn/tongxun_learn/install/student_interfaces/lib/python3.12/site-packages/student_interfaces/_student_interfaces_s.ep.rosidl_typesupport_fastrtps_c.c\n'}
[1.422359] (student_interfaces) StdoutLine: {'line': b'-- Up-to-date: /home/huangbo/ros2_learn/tongxun_learn/install/student_interfaces/lib/python3.12/site-packages/student_interfaces/_student_interfaces_s.ep.rosidl_typesupport_introspection_c.c\n'}
[1.423485] (student_interfaces) StdoutLine: {'line': b'-- Up-to-date: /home/huangbo/ros2_learn/tongxun_learn/install/student_interfaces/lib/python3.12/site-packages/student_interfaces/action\n'}
[1.423672] (student_interfaces) StdoutLine: {'line': b'-- Up-to-date: /home/huangbo/ros2_learn/tongxun_learn/install/student_interfaces/lib/python3.12/site-packages/student_interfaces/action/_progress_s.c\n'}
[1.423744] (student_interfaces) StdoutLine: {'line': b'-- Up-to-date: /home/huangbo/ros2_learn/tongxun_learn/install/student_interfaces/lib/python3.12/site-packages/student_interfaces/action/_progress.py\n'}
[1.423801] (student_interfaces) StdoutLine: {'line': b'-- Up-to-date: /home/huangbo/ros2_learn/tongxun_learn/install/student_interfaces/lib/python3.12/site-packages/student_interfaces/action/__init__.py\n'}
[1.423857] (student_interfaces) StdoutLine: {'line': b'-- Up-to-date: /home/huangbo/ros2_learn/tongxun_learn/install/student_interfaces/lib/python3.12/site-packages/student_interfaces/_student_interfaces_s.ep.rosidl_typesupport_c.c\n'}
[1.423963] (student_interfaces) StdoutLine: {'line': b'-- Up-to-date: /home/huangbo/ros2_learn/tongxun_learn/install/student_interfaces/lib/python3.12/site-packages/student_interfaces/srv\n'}
[1.424026] (student_interfaces) StdoutLine: {'line': b'-- Up-to-date: /home/huangbo/ros2_learn/tongxun_learn/install/student_interfaces/lib/python3.12/site-packages/student_interfaces/srv/_addints.py\n'}
[1.424081] (student_interfaces) StdoutLine: {'line': b'-- Up-to-date: /home/huangbo/ros2_learn/tongxun_learn/install/student_interfaces/lib/python3.12/site-packages/student_interfaces/srv/_addints_s.c\n'}
[1.425157] (student_interfaces) StdoutLine: {'line': b'-- Up-to-date: /home/huangbo/ros2_learn/tongxun_learn/install/student_interfaces/lib/python3.12/site-packages/student_interfaces/srv/__init__.py\n'}
[1.425296] (student_interfaces) StdoutLine: {'line': b'-- Up-to-date: /home/huangbo/ros2_learn/tongxun_learn/install/student_interfaces/lib/python3.12/site-packages/student_interfaces/msg\n'}
[1.425427] (student_interfaces) StdoutLine: {'line': b'-- Up-to-date: /home/huangbo/ros2_learn/tongxun_learn/install/student_interfaces/lib/python3.12/site-packages/student_interfaces/msg/_student.py\n'}
[1.425519] (student_interfaces) StdoutLine: {'line': b'-- Up-to-date: /home/huangbo/ros2_learn/tongxun_learn/install/student_interfaces/lib/python3.12/site-packages/student_interfaces/msg/_student_s.c\n'}
[1.425689] (student_interfaces) StdoutLine: {'line': b'-- Up-to-date: /home/huangbo/ros2_learn/tongxun_learn/install/student_interfaces/lib/python3.12/site-packages/student_interfaces/msg/__init__.py\n'}
[1.425789] (student_interfaces) StdoutLine: {'line': b'-- Up-to-date: /home/huangbo/ros2_learn/tongxun_learn/install/student_interfaces/lib/python3.12/site-packages/student_interfaces/__init__.py\n'}
[1.425979] (student_interfaces) StdoutLine: {'line': b'-- Up-to-date: /home/huangbo/ros2_learn/tongxun_learn/install/student_interfaces/lib/python3.12/site-packages/student_interfaces/student_interfaces_s__rosidl_typesupport_introspection_c.so\n'}
[1.486130] (student_interfaces) StdoutLine: {'line': b"Listing '/home/huangbo/ros2_learn/tongxun_learn/install/student_interfaces/lib/python3.12/site-packages/student_interfaces'...\n"}
[1.486356] (student_interfaces) StdoutLine: {'line': b"Listing '/home/huangbo/ros2_learn/tongxun_learn/install/student_interfaces/lib/python3.12/site-packages/student_interfaces/action'...\n"}
[1.486453] (student_interfaces) StdoutLine: {'line': b"Listing '/home/huangbo/ros2_learn/tongxun_learn/install/student_interfaces/lib/python3.12/site-packages/student_interfaces/msg'...\n"}
[1.486517] (student_interfaces) StdoutLine: {'line': b"Listing '/home/huangbo/ros2_learn/tongxun_learn/install/student_interfaces/lib/python3.12/site-packages/student_interfaces/srv'...\n"}
[1.497858] (student_interfaces) StdoutLine: {'line': b'-- Up-to-date: /home/huangbo/ros2_learn/tongxun_learn/install/student_interfaces/lib/python3.12/site-packages/student_interfaces/student_interfaces_s__rosidl_typesupport_fastrtps_c.so\n'}
[1.499093] (student_interfaces) StdoutLine: {'line': b'-- Up-to-date: /home/huangbo/ros2_learn/tongxun_learn/install/student_interfaces/lib/python3.12/site-packages/student_interfaces/student_interfaces_s__rosidl_typesupport_introspection_c.so\n'}
[1.502527] (student_interfaces) StdoutLine: {'line': b'-- Up-to-date: /home/huangbo/ros2_learn/tongxun_learn/install/student_interfaces/lib/python3.12/site-packages/student_interfaces/student_interfaces_s__rosidl_typesupport_c.so\n'}
[1.503816] (student_interfaces) StdoutLine: {'line': b'-- Up-to-date: /home/huangbo/ros2_learn/tongxun_learn/install/student_interfaces/lib/libstudent_interfaces__rosidl_generator_py.so\n'}
[1.504245] (student_interfaces) StdoutLine: {'line': b'-- Up-to-date: /home/huangbo/ros2_learn/tongxun_learn/install/student_interfaces/share/student_interfaces/rust\n'}
[1.505189] (student_interfaces) StdoutLine: {'line': b'-- Up-to-date: /home/huangbo/ros2_learn/tongxun_learn/install/student_interfaces/share/student_interfaces/rust/src\n'}
[1.505300] (student_interfaces) StdoutLine: {'line': b'-- Up-to-date: /home/huangbo/ros2_learn/tongxun_learn/install/student_interfaces/share/student_interfaces/rust/src/srv.rs\n'}
[1.505824] (student_interfaces) StdoutLine: {'line': b'-- Up-to-date: /home/huangbo/ros2_learn/tongxun_learn/install/student_interfaces/share/student_interfaces/rust/src/action\n'}
[1.505924] (student_interfaces) StdoutLine: {'line': b'-- Up-to-date: /home/huangbo/ros2_learn/tongxun_learn/install/student_interfaces/share/student_interfaces/rust/src/action/rmw.rs\n'}
[1.508501] (student_interfaces) StdoutLine: {'line': b'-- Up-to-date: /home/huangbo/ros2_learn/tongxun_learn/install/student_interfaces/share/student_interfaces/rust/src/msg.rs\n'}
[1.508615] (student_interfaces) StdoutLine: {'line': b'-- Up-to-date: /home/huangbo/ros2_learn/tongxun_learn/install/student_interfaces/share/student_interfaces/rust/src/action.rs\n'}
[1.508834] (student_interfaces) StdoutLine: {'line': b'-- Up-to-date: /home/huangbo/ros2_learn/tongxun_learn/install/student_interfaces/share/student_interfaces/rust/src/srv\n'}
[1.508979] (student_interfaces) StdoutLine: {'line': b'-- Up-to-date: /home/huangbo/ros2_learn/tongxun_learn/install/student_interfaces/share/student_interfaces/rust/src/srv/rmw.rs\n'}
[1.509049] (student_interfaces) StdoutLine: {'line': b'-- Up-to-date: /home/huangbo/ros2_learn/tongxun_learn/install/student_interfaces/share/student_interfaces/rust/src/msg\n'}
[1.509106] (student_interfaces) StdoutLine: {'line': b'-- Up-to-date: /home/huangbo/ros2_learn/tongxun_learn/install/student_interfaces/share/student_interfaces/rust/src/msg/rmw.rs\n'}
[1.509160] (student_interfaces) StdoutLine: {'line': b'-- Up-to-date: /home/huangbo/ros2_learn/tongxun_learn/install/student_interfaces/share/student_interfaces/rust/src/lib.rs\n'}
[1.509215] (student_interfaces) StdoutLine: {'line': b'-- Up-to-date: /home/huangbo/ros2_learn/tongxun_learn/install/student_interfaces/share/student_interfaces/rust/Cargo.toml\n'}
[1.509274] (student_interfaces) StdoutLine: {'line': b'-- Up-to-date: /home/huangbo/ros2_learn/tongxun_learn/install/student_interfaces/share/student_interfaces/rust/build.rs\n'}
[1.509328] (student_interfaces) StdoutLine: {'line': b'-- Up-to-date: /home/huangbo/ros2_learn/tongxun_learn/install/student_interfaces/share/student_interfaces/msg/Student.idl\n'}
[1.509381] (student_interfaces) StdoutLine: {'line': b'-- Up-to-date: /home/huangbo/ros2_learn/tongxun_learn/install/student_interfaces/share/student_interfaces/srv/Addints.idl\n'}
[1.509468] (student_interfaces) StdoutLine: {'line': b'-- Up-to-date: /home/huangbo/ros2_learn/tongxun_learn/install/student_interfaces/share/student_interfaces/action/Progress.idl\n'}
[1.509527] (student_interfaces) StdoutLine: {'line': b'-- Up-to-date: /home/huangbo/ros2_learn/tongxun_learn/install/student_interfaces/share/student_interfaces/msg/Student.msg\n'}
[1.509580] (student_interfaces) StdoutLine: {'line': b'-- Up-to-date: /home/huangbo/ros2_learn/tongxun_learn/install/student_interfaces/share/student_interfaces/srv/Addints.srv\n'}
[1.512858] (student_interfaces) StdoutLine: {'line': b'-- Up-to-date: /home/huangbo/ros2_learn/tongxun_learn/install/student_interfaces/share/student_interfaces/action/Progress.action\n'}
[1.513015] (student_interfaces) StdoutLine: {'line': b'-- Up-to-date: /home/huangbo/ros2_learn/tongxun_learn/install/student_interfaces/share/ament_index/resource_index/package_run_dependencies/student_interfaces\n'}
[1.513090] (student_interfaces) StdoutLine: {'line': b'-- Up-to-date: /home/huangbo/ros2_learn/tongxun_learn/install/student_interfaces/share/ament_index/resource_index/parent_prefix_path/student_interfaces\n'}
[1.513244] (student_interfaces) StdoutLine: {'line': b'-- Up-to-date: /home/huangbo/ros2_learn/tongxun_learn/install/student_interfaces/share/student_interfaces/environment/ament_prefix_path.sh\n'}
[1.513310] (student_interfaces) StdoutLine: {'line': b'-- Up-to-date: /home/huangbo/ros2_learn/tongxun_learn/install/student_interfaces/share/student_interfaces/environment/ament_prefix_path.dsv\n'}
[1.513368] (student_interfaces) StdoutLine: {'line': b'-- Up-to-date: /home/huangbo/ros2_learn/tongxun_learn/install/student_interfaces/share/student_interfaces/environment/path.sh\n'}
[1.513424] (student_interfaces) StdoutLine: {'line': b'-- Up-to-date: /home/huangbo/ros2_learn/tongxun_learn/install/student_interfaces/share/student_interfaces/environment/path.dsv\n'}
[1.513478] (student_interfaces) StdoutLine: {'line': b'-- Up-to-date: /home/huangbo/ros2_learn/tongxun_learn/install/student_interfaces/share/student_interfaces/local_setup.bash\n'}
[1.513531] (student_interfaces) StdoutLine: {'line': b'-- Up-to-date: /home/huangbo/ros2_learn/tongxun_learn/install/student_interfaces/share/student_interfaces/local_setup.sh\n'}
[1.513583] (student_interfaces) StdoutLine: {'line': b'-- Up-to-date: /home/huangbo/ros2_learn/tongxun_learn/install/student_interfaces/share/student_interfaces/local_setup.zsh\n'}
[1.513638] (student_interfaces) StdoutLine: {'line': b'-- Up-to-date: /home/huangbo/ros2_learn/tongxun_learn/install/student_interfaces/share/student_interfaces/local_setup.dsv\n'}
[1.513705] (student_interfaces) StdoutLine: {'line': b'-- Installing: /home/huangbo/ros2_learn/tongxun_learn/install/student_interfaces/share/student_interfaces/package.dsv\n'}
[1.519958] (student_interfaces) StdoutLine: {'line': b'-- Up-to-date: /home/huangbo/ros2_learn/tongxun_learn/install/student_interfaces/share/ament_index/resource_index/packages/student_interfaces\n'}
[1.520125] (-) TimerEvent: {}
[1.520225] (student_interfaces) StdoutLine: {'line': b'-- Up-to-date: /home/huangbo/ros2_learn/tongxun_learn/install/student_interfaces/share/student_interfaces/cmake/export_student_interfaces__rosidl_generator_cExport.cmake\n'}
[1.520329] (student_interfaces) StdoutLine: {'line': b'-- Up-to-date: /home/huangbo/ros2_learn/tongxun_learn/install/student_interfaces/share/student_interfaces/cmake/export_student_interfaces__rosidl_generator_cExport-noconfig.cmake\n'}
[1.523426] (student_interfaces) StdoutLine: {'line': b'-- Up-to-date: /home/huangbo/ros2_learn/tongxun_learn/install/student_interfaces/share/student_interfaces/cmake/export_student_interfaces__rosidl_typesupport_fastrtps_cExport.cmake\n'}
[1.523708] (student_interfaces) StdoutLine: {'line': b'-- Up-to-date: /home/huangbo/ros2_learn/tongxun_learn/install/student_interfaces/share/student_interfaces/cmake/export_student_interfaces__rosidl_typesupport_fastrtps_cExport-noconfig.cmake\n'}
[1.524339] (student_interfaces) StdoutLine: {'line': b'-- Up-to-date: /home/huangbo/ros2_learn/tongxun_learn/install/student_interfaces/share/student_interfaces/cmake/student_interfaces__rosidl_typesupport_introspection_cExport.cmake\n'}
[1.524546] (student_interfaces) StdoutLine: {'line': b'-- Up-to-date: /home/huangbo/ros2_learn/tongxun_learn/install/student_interfaces/share/student_interfaces/cmake/student_interfaces__rosidl_typesupport_introspection_cExport-noconfig.cmake\n'}
[1.524944] (student_interfaces) StdoutLine: {'line': b'-- Up-to-date: /home/huangbo/ros2_learn/tongxun_learn/install/student_interfaces/share/student_interfaces/cmake/student_interfaces__rosidl_typesupport_cExport.cmake\n'}
[1.526440] (student_interfaces) StdoutLine: {'line': b'-- Up-to-date: /home/huangbo/ros2_learn/tongxun_learn/install/student_interfaces/share/student_interfaces/cmake/student_interfaces__rosidl_typesupport_cExport-noconfig.cmake\n'}
[1.526546] (student_interfaces) StdoutLine: {'line': b'-- Up-to-date: /home/huangbo/ros2_learn/tongxun_learn/install/student_interfaces/share/student_interfaces/cmake/export_student_interfaces__rosidl_generator_cppExport.cmake\n'}
[1.531257] (student_interfaces) StdoutLine: {'line': b'-- Up-to-date: /home/huangbo/ros2_learn/tongxun_learn/install/student_interfaces/share/student_interfaces/cmake/export_student_interfaces__rosidl_typesupport_fastrtps_cppExport.cmake\n'}
[1.531623] (student_interfaces) StdoutLine: {'line': b'-- Up-to-date: /home/huangbo/ros2_learn/tongxun_learn/install/student_interfaces/share/student_interfaces/cmake/export_student_interfaces__rosidl_typesupport_fastrtps_cppExport-noconfig.cmake\n'}
[1.535009] (student_interfaces) StdoutLine: {'line': b'-- Up-to-date: /home/huangbo/ros2_learn/tongxun_learn/install/student_interfaces/share/student_interfaces/cmake/student_interfaces__rosidl_typesupport_introspection_cppExport.cmake\n'}
[1.535185] (student_interfaces) StdoutLine: {'line': b'-- Up-to-date: /home/huangbo/ros2_learn/tongxun_learn/install/student_interfaces/share/student_interfaces/cmake/student_interfaces__rosidl_typesupport_introspection_cppExport-noconfig.cmake\n'}
[1.535897] (student_interfaces) StdoutLine: {'line': b'-- Up-to-date: /home/huangbo/ros2_learn/tongxun_learn/install/student_interfaces/share/student_interfaces/cmake/student_interfaces__rosidl_typesupport_cppExport.cmake\n'}
[1.536334] (student_interfaces) StdoutLine: {'line': b'-- Up-to-date: /home/huangbo/ros2_learn/tongxun_learn/install/student_interfaces/share/student_interfaces/cmake/student_interfaces__rosidl_typesupport_cppExport-noconfig.cmake\n'}
[1.544242] (student_interfaces) StdoutLine: {'line': b'-- Up-to-date: /home/huangbo/ros2_learn/tongxun_learn/install/student_interfaces/share/student_interfaces/cmake/export_student_interfaces__rosidl_generator_pyExport.cmake\n'}
[1.544546] (student_interfaces) StdoutLine: {'line': b'-- Up-to-date: /home/huangbo/ros2_learn/tongxun_learn/install/student_interfaces/share/student_interfaces/cmake/export_student_interfaces__rosidl_generator_pyExport-noconfig.cmake\n'}
[1.544633] (student_interfaces) StdoutLine: {'line': b'-- Up-to-date: /home/huangbo/ros2_learn/tongxun_learn/install/student_interfaces/share/student_interfaces/cmake/rosidl_cmake-extras.cmake\n'}
[1.544698] (student_interfaces) StdoutLine: {'line': b'-- Up-to-date: /home/huangbo/ros2_learn/tongxun_learn/install/student_interfaces/share/student_interfaces/cmake/ament_cmake_export_dependencies-extras.cmake\n'}
[1.544845] (student_interfaces) StdoutLine: {'line': b'-- Up-to-date: /home/huangbo/ros2_learn/tongxun_learn/install/student_interfaces/share/student_interfaces/cmake/ament_cmake_export_include_directories-extras.cmake\n'}
[1.544911] (student_interfaces) StdoutLine: {'line': b'-- Up-to-date: /home/huangbo/ros2_learn/tongxun_learn/install/student_interfaces/share/student_interfaces/cmake/ament_cmake_export_libraries-extras.cmake\n'}
[1.544967] (student_interfaces) StdoutLine: {'line': b'-- Up-to-date: /home/huangbo/ros2_learn/tongxun_learn/install/student_interfaces/share/student_interfaces/cmake/ament_cmake_export_targets-extras.cmake\n'}
[1.545021] (student_interfaces) StdoutLine: {'line': b'-- Up-to-date: /home/huangbo/ros2_learn/tongxun_learn/install/student_interfaces/share/student_interfaces/cmake/rosidl_cmake_export_typesupport_targets-extras.cmake\n'}
[1.545075] (student_interfaces) StdoutLine: {'line': b'-- Up-to-date: /home/huangbo/ros2_learn/tongxun_learn/install/student_interfaces/share/student_interfaces/cmake/rosidl_cmake_export_typesupport_libraries-extras.cmake\n'}
[1.545129] (student_interfaces) StdoutLine: {'line': b'-- Up-to-date: /home/huangbo/ros2_learn/tongxun_learn/install/student_interfaces/share/student_interfaces/cmake/rosidl_cmake_aggregate_target-extras.cmake\n'}
[1.545197] (student_interfaces) StdoutLine: {'line': b'-- Up-to-date: /home/huangbo/ros2_learn/tongxun_learn/install/student_interfaces/share/student_interfaces/cmake/student_interfacesConfig.cmake\n'}
[1.545251] (student_interfaces) StdoutLine: {'line': b'-- Up-to-date: /home/huangbo/ros2_learn/tongxun_learn/install/student_interfaces/share/student_interfaces/cmake/student_interfacesConfig-version.cmake\n'}
[1.545332] (student_interfaces) StdoutLine: {'line': b'-- Up-to-date: /home/huangbo/ros2_learn/tongxun_learn/install/student_interfaces/share/student_interfaces/package.xml\n'}
[1.552922] (student_interfaces) CommandEnded: {'returncode': 0}
[1.620277] (-) TimerEvent: {}
[1.658671] (student_interfaces) JobEnded: {'identifier': 'student_interfaces', 'rc': 0}
[1.659859] (py02_service) JobStarted: {'identifier': 'py02_service'}
[1.721953] (-) TimerEvent: {}
[1.822893] (-) TimerEvent: {}
[1.923337] (-) TimerEvent: {}
[1.959881] (base_tongxun_s) Command: {'cmd': ['/usr/bin/python3', '-W', 'ignore:setup.py install is deprecated', '-W', 'ignore:easy_install command is deprecated', 'setup.py', 'egg_info', '--egg-base', '../../build/base_tongxun_s', 'build', '--build-base', '/home/huangbo/ros2_learn/tongxun_learn/build/base_tongxun_s/build', 'install', '--record', '/home/huangbo/ros2_learn/tongxun_learn/build/base_tongxun_s/install.log', '--install-scripts', '$base/lib/base_tongxun_s', '--single-version-externally-managed', 'install_data'], 'cwd': '/home/huangbo/ros2_learn/tongxun_learn/src/base_tongxun_s', 'env': OrderedDict({'PYTHON_BASIC_REPL': '1', 'LESSOPEN': '| /usr/bin/lesspipe %s', 'USER': 'huangbo', 'SSH_CLIENT': '192.168.91.1 2349 22', 'XDG_SESSION_TYPE': 'tty', 'GIT_ASKPASS': '/home/huangbo/.vscode-server/cli/servers/Stable-7debcd0e2acdea1c52de81bf9ee1620444407dda/server/extensions/git/dist/askpass.sh', 'SHLVL': '1', 'LD_LIBRARY_PATH': '/opt/ros/jazzy/opt/rviz_ogre_vendor/lib:/opt/ros/jazzy/lib/x86_64-linux-gnu:/opt/ros/jazzy/opt/gz_math_vendor/lib:/opt/ros/jazzy/opt/gz_utils_vendor/lib:/opt/ros/jazzy/opt/gz_cmake_vendor/lib:/opt/ros/jazzy/lib', 'BROWSER': '/home/huangbo/.vscode-server/cli/servers/Stable-7debcd0e2acdea1c52de81bf9ee1620444407dda/server/bin/helpers/browser.sh', 'HOME': '/home/huangbo', 'TERM_PROGRAM_VERSION': '1.138.0', 'VSCODE_IPC_HOOK_CLI': '/run/user/1000/vscode-ipc-0dc43ae0-db17-4c58-8170-6f41f05b4e5e.sock', 'ROS_PYTHON_VERSION': '3', 'VSCODE_GIT_ASKPASS_MAIN': '/home/huangbo/.vscode-server/cli/servers/Stable-7debcd0e2acdea1c52de81bf9ee1620444407dda/server/extensions/git/dist/askpass-main.js', 'VSCODE_GIT_ASKPASS_NODE': '/home/huangbo/.vscode-server/cli/servers/Stable-7debcd0e2acdea1c52de81bf9ee1620444407dda/server/node', 'PYDEVD_DISABLE_FILE_VALIDATION': '1', 'BUNDLED_DEBUGPY_PATH': '/home/huangbo/.vscode-server/extensions/ms-python.debugpy-2026.6.0-linux-x64/bundled/libs/debugpy', 'VSCODE_PYTHON_AUTOACTIVATE_GUARD': '1', 'DBUS_SESSION_BUS_ADDRESS': 'unix:path=/run/user/1000/bus', 'COLORTERM': 'truecolor', 'DEBUGINFOD_URLS': 'https://debuginfod.ubuntu.com', 'ROS_DISTRO': 'jazzy', 'LOGNAME': 'huangbo', '_': '/usr/bin/colcon', 'ROS_VERSION': '2', 'XDG_SESSION_CLASS': 'user', 'TERM': 'xterm-256color', 'XDG_SESSION_ID': '4', 'PATH': '/home/huangbo/.vscode-server/data/User/globalStorage/github.copilot-chat/debugCommand:/home/huangbo/.vscode-server/data/User/globalStorage/github.copilot-chat/copilotCli:/home/huangbo/.vscode-server/cli/servers/Stable-7debcd0e2acdea1c52de81bf9ee1620444407dda/server/bin/remote-cli:/opt/ros/jazzy/bin:/usr/local/sbin:/usr/local/bin:/usr/sbin:/usr/bin:/sbin:/bin:/usr/games:/usr/local/games:/snap/bin:/home/huangbo/.vscode-server/extensions/ms-python.debugpy-2026.6.0-linux-x64/bundled/scripts/noConfigScripts', 'XDG_RUNTIME_DIR': '/run/user/1000', 'VSCODE_DEBUGPY_ADAPTER_ENDPOINTS': '/home/huangbo/.vscode-server/extensions/ms-python.debugpy-2026.6.0-linux-x64/.noConfigDebugAdapterEndpoints/endpoint-6c2380fe732802f1.txt', 'LANG': 'zh_CN.UTF-8', 'PYTHONSTARTUP': '/home/huangbo/.vscode-server/data/User/workspaceStorage/c358a63721801e90ff5d3c048722ef27/ms-python.python/pythonrc.py', 'LS_COLORS': 'rs=0:di=01;34:ln=01;36:mh=00:pi=40;33:so=01;35:do=01;35:bd=40;33;01:cd=40;33;01:or=40;31;01:mi=00:su=37;41:sg=30;43:ca=00:tw=30;42:ow=34;42:st=37;44:ex=01;32:*.tar=01;31:*.tgz=01;31:*.arc=01;31:*.arj=01;31:*.taz=01;31:*.lha=01;31:*.lz4=01;31:*.lzh=01;31:*.lzma=01;31:*.tlz=01;31:*.txz=01;31:*.tzo=01;31:*.t7z=01;31:*.zip=01;31:*.z=01;31:*.dz=01;31:*.gz=01;31:*.lrz=01;31:*.lz=01;31:*.lzo=01;31:*.xz=01;31:*.zst=01;31:*.tzst=01;31:*.bz2=01;31:*.bz=01;31:*.tbz=01;31:*.tbz2=01;31:*.tz=01;31:*.deb=01;31:*.rpm=01;31:*.jar=01;31:*.war=01;31:*.ear=01;31:*.sar=01;31:*.rar=01;31:*.alz=01;31:*.ace=01;31:*.zoo=01;31:*.cpio=01;31:*.7z=01;31:*.rz=01;31:*.cab=01;31:*.wim=01;31:*.swm=01;31:*.dwm=01;31:*.esd=01;31:*.avif=01;35:*.jpg=01;35:*.jpeg=01;35:*.mjpg=01;35:*.mjpeg=01;35:*.gif=01;35:*.bmp=01;35:*.pbm=01;35:*.pgm=01;35:*.ppm=01;35:*.tga=01;35:*.xbm=01;35:*.xpm=01;35:*.tif=01;35:*.tiff=01;35:*.png=01;35:*.svg=01;35:*.svgz=01;35:*.mng=01;35:*.pcx=01;35:*.mov=01;35:*.mpg=01;35:*.mpeg=01;35:*.m2v=01;35:*.mkv=01;35:*.webm=01;35:*.webp=01;35:*.ogm=01;35:*.mp4=01;35:*.m4v=01;35:*.mp4v=01;35:*.vob=01;35:*.qt=01;35:*.nuv=01;35:*.wmv=01;35:*.asf=01;35:*.rm=01;35:*.rmvb=01;35:*.flc=01;35:*.avi=01;35:*.fli=01;35:*.flv=01;35:*.gl=01;35:*.dl=01;35:*.xcf=01;35:*.xwd=01;35:*.yuv=01;35:*.cgm=01;35:*.emf=01;35:*.ogv=01;35:*.ogx=01;35:*.aac=00;36:*.au=00;36:*.flac=00;36:*.m4a=00;36:*.mid=00;36:*.midi=00;36:*.mka=00;36:*.mp3=00;36:*.mpc=00;36:*.ogg=00;36:*.ra=00;36:*.wav=00;36:*.oga=00;36:*.opus=00;36:*.spx=00;36:*.xspf=00;36:*~=00;90:*#=00;90:*.bak=00;90:*.crdownload=00;90:*.dpkg-dist=00;90:*.dpkg-new=00;90:*.dpkg-old=00;90:*.dpkg-tmp=00;90:*.old=00;90:*.orig=00;90:*.part=00;90:*.rej=00;90:*.rpmnew=00;90:*.rpmorig=00;90:*.rpmsave=00;90:*.swp=00;90:*.tmp=00;90:*.ucf-dist=00;90:*.ucf-new=00;90:*.ucf-old=00;90:', 'VSCODE_GIT_IPC_HANDLE': '/run/user/1000/vscode-git-b3ba6a87e1.sock', 'TERM_PROGRAM': 'vscode', 'AMENT_PREFIX_PATH': '/opt/ros/jazzy', 'SHELL': '/bin/bash', 'LESSCLOSE': '/usr/bin/lesspipe %s %s', 'ROS_AUTOMATIC_DISCOVERY_RANGE': 'SUBNET', 'VSCODE_GIT_ASKPASS_EXTRA_ARGS': '', 'PWD': '/home/huangbo/ros2_learn/tongxun_learn/build/base_tongxun_s', 'COPILOT_DEBUG_NONCE': '0eaae38a08eb9b17f52bd7ed955eaf75', 'SSH_CONNECTION': '192.168.91.1 2349 192.168.91.129 22', 'XDG_DATA_DIRS': '/usr/share/gnome:/usr/local/share:/usr/share:/var/lib/snapd/desktop', 'PYTHONPATH': '/home/huangbo/ros2_learn/tongxun_learn/build/base_tongxun_s/prefix_override:/usr/lib/python3/dist-packages/colcon_core/task/python/colcon_distutils_commands:/home/huangbo/ros2_learn/tongxun_learn/install/base_tongxun_s/lib/python3.12/site-packages:/opt/ros/jazzy/opt/gz_math_vendor/lib/python:/opt/ros/jazzy/lib/python3.12/site-packages', 'COLCON': '1', 'CMAKE_PREFIX_PATH': '/opt/ros/jazzy/opt/gz_math_vendor:/opt/ros/jazzy/opt/gz_utils_vendor:/opt/ros/jazzy/opt/gz_cmake_vendor'}), 'shell': False}
[2.023991] (-) TimerEvent: {}
[2.126209] (-) TimerEvent: {}
[2.226772] (-) TimerEvent: {}
[2.274459] (base_tongxun_s) StdoutLine: {'line': b'running egg_info\n'}
[2.296698] (base_tongxun_s) StdoutLine: {'line': b'writing ../../build/base_tongxun_s/base_tongxun_s.egg-info/PKG-INFO\n'}
[2.297727] (base_tongxun_s) StdoutLine: {'line': b'writing dependency_links to ../../build/base_tongxun_s/base_tongxun_s.egg-info/dependency_links.txt\n'}
[2.298284] (base_tongxun_s) StdoutLine: {'line': b'writing requirements to ../../build/base_tongxun_s/base_tongxun_s.egg-info/requires.txt\n'}
[2.298835] (base_tongxun_s) StdoutLine: {'line': b'writing top-level names to ../../build/base_tongxun_s/base_tongxun_s.egg-info/top_level.txt\n'}
[2.327190] (-) TimerEvent: {}
[2.343005] (base_tongxun_s) StdoutLine: {'line': b"reading manifest file '../../build/base_tongxun_s/base_tongxun_s.egg-info/SOURCES.txt'\n"}
[2.345164] (base_tongxun_s) StdoutLine: {'line': b"writing manifest file '../../build/base_tongxun_s/base_tongxun_s.egg-info/SOURCES.txt'\n"}
[2.345702] (base_tongxun_s) StdoutLine: {'line': b'running build\n'}
[2.346461] (base_tongxun_s) StdoutLine: {'line': b'running build_py\n'}
[2.348922] (base_tongxun_s) StdoutLine: {'line': b'running install\n'}
[2.355470] (base_tongxun_s) StdoutLine: {'line': b'running install_lib\n'}
[2.376449] (base_tongxun_s) StdoutLine: {'line': b'running install_data\n'}
[2.376854] (base_tongxun_s) StdoutLine: {'line': b'running install_egg_info\n'}
[2.402800] (base_tongxun_s) StdoutLine: {'line': b"removing '/home/huangbo/ros2_learn/tongxun_learn/install/base_tongxun_s/lib/python3.12/site-packages/base_tongxun_s-0.0.0-py3.12.egg-info' (and everything under it)\n"}
[2.406140] (base_tongxun_s) StdoutLine: {'line': b'Copying ../../build/base_tongxun_s/base_tongxun_s.egg-info to /home/huangbo/ros2_learn/tongxun_learn/install/base_tongxun_s/lib/python3.12/site-packages/base_tongxun_s-0.0.0-py3.12.egg-info\n'}
[2.408214] (base_tongxun_s) StdoutLine: {'line': b'running install_scripts\n'}
[2.427366] (-) TimerEvent: {}
[2.528608] (-) TimerEvent: {}
[2.629459] (-) TimerEvent: {}
[2.650002] (base_tongxun_s) StdoutLine: {'line': b"writing list of installed files to '/home/huangbo/ros2_learn/tongxun_learn/build/base_tongxun_s/install.log'\n"}
[2.705493] (py02_service) Command: {'cmd': ['/usr/bin/python3', '-W', 'ignore:setup.py install is deprecated', '-W', 'ignore:easy_install command is deprecated', 'setup.py', 'egg_info', '--egg-base', '../../build/py02_service', 'build', '--build-base', '/home/huangbo/ros2_learn/tongxun_learn/build/py02_service/build', 'install', '--record', '/home/huangbo/ros2_learn/tongxun_learn/build/py02_service/install.log', '--install-scripts', '$base/lib/py02_service', '--single-version-externally-managed', 'install_data'], 'cwd': '/home/huangbo/ros2_learn/tongxun_learn/src/py02_service', 'env': OrderedDict({'PYTHON_BASIC_REPL': '1', 'LESSOPEN': '| /usr/bin/lesspipe %s', 'USER': 'huangbo', 'SSH_CLIENT': '192.168.91.1 2349 22', 'XDG_SESSION_TYPE': 'tty', 'GIT_ASKPASS': '/home/huangbo/.vscode-server/cli/servers/Stable-7debcd0e2acdea1c52de81bf9ee1620444407dda/server/extensions/git/dist/askpass.sh', 'SHLVL': '1', 'LD_LIBRARY_PATH': '/opt/ros/jazzy/opt/rviz_ogre_vendor/lib:/opt/ros/jazzy/lib/x86_64-linux-gnu:/opt/ros/jazzy/opt/gz_math_vendor/lib:/opt/ros/jazzy/opt/gz_utils_vendor/lib:/opt/ros/jazzy/opt/gz_cmake_vendor/lib:/opt/ros/jazzy/lib', 'BROWSER': '/home/huangbo/.vscode-server/cli/servers/Stable-7debcd0e2acdea1c52de81bf9ee1620444407dda/server/bin/helpers/browser.sh', 'HOME': '/home/huangbo', 'TERM_PROGRAM_VERSION': '1.138.0', 'VSCODE_IPC_HOOK_CLI': '/run/user/1000/vscode-ipc-0dc43ae0-db17-4c58-8170-6f41f05b4e5e.sock', 'ROS_PYTHON_VERSION': '3', 'VSCODE_GIT_ASKPASS_MAIN': '/home/huangbo/.vscode-server/cli/servers/Stable-7debcd0e2acdea1c52de81bf9ee1620444407dda/server/extensions/git/dist/askpass-main.js', 'VSCODE_GIT_ASKPASS_NODE': '/home/huangbo/.vscode-server/cli/servers/Stable-7debcd0e2acdea1c52de81bf9ee1620444407dda/server/node', 'PYDEVD_DISABLE_FILE_VALIDATION': '1', 'BUNDLED_DEBUGPY_PATH': '/home/huangbo/.vscode-server/extensions/ms-python.debugpy-2026.6.0-linux-x64/bundled/libs/debugpy', 'VSCODE_PYTHON_AUTOACTIVATE_GUARD': '1', 'DBUS_SESSION_BUS_ADDRESS': 'unix:path=/run/user/1000/bus', 'COLORTERM': 'truecolor', 'DEBUGINFOD_URLS': 'https://debuginfod.ubuntu.com', 'ROS_DISTRO': 'jazzy', 'LOGNAME': 'huangbo', '_': '/usr/bin/colcon', 'ROS_VERSION': '2', 'XDG_SESSION_CLASS': 'user', 'TERM': 'xterm-256color', 'XDG_SESSION_ID': '4', 'PATH': '/home/huangbo/.vscode-server/data/User/globalStorage/github.copilot-chat/debugCommand:/home/huangbo/.vscode-server/data/User/globalStorage/github.copilot-chat/copilotCli:/home/huangbo/.vscode-server/cli/servers/Stable-7debcd0e2acdea1c52de81bf9ee1620444407dda/server/bin/remote-cli:/opt/ros/jazzy/bin:/usr/local/sbin:/usr/local/bin:/usr/sbin:/usr/bin:/sbin:/bin:/usr/games:/usr/local/games:/snap/bin:/home/huangbo/.vscode-server/extensions/ms-python.debugpy-2026.6.0-linux-x64/bundled/scripts/noConfigScripts', 'XDG_RUNTIME_DIR': '/run/user/1000', 'VSCODE_DEBUGPY_ADAPTER_ENDPOINTS': '/home/huangbo/.vscode-server/extensions/ms-python.debugpy-2026.6.0-linux-x64/.noConfigDebugAdapterEndpoints/endpoint-6c2380fe732802f1.txt', 'LANG': 'zh_CN.UTF-8', 'PYTHONSTARTUP': '/home/huangbo/.vscode-server/data/User/workspaceStorage/c358a63721801e90ff5d3c048722ef27/ms-python.python/pythonrc.py', 'LS_COLORS': 'rs=0:di=01;34:ln=01;36:mh=00:pi=40;33:so=01;35:do=01;35:bd=40;33;01:cd=40;33;01:or=40;31;01:mi=00:su=37;41:sg=30;43:ca=00:tw=30;42:ow=34;42:st=37;44:ex=01;32:*.tar=01;31:*.tgz=01;31:*.arc=01;31:*.arj=01;31:*.taz=01;31:*.lha=01;31:*.lz4=01;31:*.lzh=01;31:*.lzma=01;31:*.tlz=01;31:*.txz=01;31:*.tzo=01;31:*.t7z=01;31:*.zip=01;31:*.z=01;31:*.dz=01;31:*.gz=01;31:*.lrz=01;31:*.lz=01;31:*.lzo=01;31:*.xz=01;31:*.zst=01;31:*.tzst=01;31:*.bz2=01;31:*.bz=01;31:*.tbz=01;31:*.tbz2=01;31:*.tz=01;31:*.deb=01;31:*.rpm=01;31:*.jar=01;31:*.war=01;31:*.ear=01;31:*.sar=01;31:*.rar=01;31:*.alz=01;31:*.ace=01;31:*.zoo=01;31:*.cpio=01;31:*.7z=01;31:*.rz=01;31:*.cab=01;31:*.wim=01;31:*.swm=01;31:*.dwm=01;31:*.esd=01;31:*.avif=01;35:*.jpg=01;35:*.jpeg=01;35:*.mjpg=01;35:*.mjpeg=01;35:*.gif=01;35:*.bmp=01;35:*.pbm=01;35:*.pgm=01;35:*.ppm=01;35:*.tga=01;35:*.xbm=01;35:*.xpm=01;35:*.tif=01;35:*.tiff=01;35:*.png=01;35:*.svg=01;35:*.svgz=01;35:*.mng=01;35:*.pcx=01;35:*.mov=01;35:*.mpg=01;35:*.mpeg=01;35:*.m2v=01;35:*.mkv=01;35:*.webm=01;35:*.webp=01;35:*.ogm=01;35:*.mp4=01;35:*.m4v=01;35:*.mp4v=01;35:*.vob=01;35:*.qt=01;35:*.nuv=01;35:*.wmv=01;35:*.asf=01;35:*.rm=01;35:*.rmvb=01;35:*.flc=01;35:*.avi=01;35:*.fli=01;35:*.flv=01;35:*.gl=01;35:*.dl=01;35:*.xcf=01;35:*.xwd=01;35:*.yuv=01;35:*.cgm=01;35:*.emf=01;35:*.ogv=01;35:*.ogx=01;35:*.aac=00;36:*.au=00;36:*.flac=00;36:*.m4a=00;36:*.mid=00;36:*.midi=00;36:*.mka=00;36:*.mp3=00;36:*.mpc=00;36:*.ogg=00;36:*.ra=00;36:*.wav=00;36:*.oga=00;36:*.opus=00;36:*.spx=00;36:*.xspf=00;36:*~=00;90:*#=00;90:*.bak=00;90:*.crdownload=00;90:*.dpkg-dist=00;90:*.dpkg-new=00;90:*.dpkg-old=00;90:*.dpkg-tmp=00;90:*.old=00;90:*.orig=00;90:*.part=00;90:*.rej=00;90:*.rpmnew=00;90:*.rpmorig=00;90:*.rpmsave=00;90:*.swp=00;90:*.tmp=00;90:*.ucf-dist=00;90:*.ucf-new=00;90:*.ucf-old=00;90:', 'VSCODE_GIT_IPC_HANDLE': '/run/user/1000/vscode-git-b3ba6a87e1.sock', 'TERM_PROGRAM': 'vscode', 'AMENT_PREFIX_PATH': '/opt/ros/jazzy', 'SHELL': '/bin/bash', 'LESSCLOSE': '/usr/bin/lesspipe %s %s', 'ROS_AUTOMATIC_DISCOVERY_RANGE': 'SUBNET', 'VSCODE_GIT_ASKPASS_EXTRA_ARGS': '', 'PWD': '/home/huangbo/ros2_learn/tongxun_learn/build/py02_service', 'COPILOT_DEBUG_NONCE': '0eaae38a08eb9b17f52bd7ed955eaf75', 'SSH_CONNECTION': '192.168.91.1 2349 192.168.91.129 22', 'XDG_DATA_DIRS': '/usr/share/gnome:/usr/local/share:/usr/share:/var/lib/snapd/desktop', 'PYTHONPATH': '/home/huangbo/ros2_learn/tongxun_learn/build/py02_service/prefix_override:/usr/lib/python3/dist-packages/colcon_core/task/python/colcon_distutils_commands:/home/huangbo/ros2_learn/tongxun_learn/install/py02_service/lib/python3.12/site-packages:/opt/ros/jazzy/opt/gz_math_vendor/lib/python:/opt/ros/jazzy/lib/python3.12/site-packages', 'COLCON': '1', 'CMAKE_PREFIX_PATH': '/opt/ros/jazzy/opt/gz_math_vendor:/opt/ros/jazzy/opt/gz_utils_vendor:/opt/ros/jazzy/opt/gz_cmake_vendor'}), 'shell': False}
[2.731102] (-) TimerEvent: {}
[2.797538] (base_tongxun_s) CommandEnded: {'returncode': 0}
[2.822270] (base_tongxun_s) JobEnded: {'identifier': 'base_tongxun_s', 'rc': 0}
[2.823558] (py02_service_my) JobStarted: {'identifier': 'py02_service_my'}
[2.832540] (-) TimerEvent: {}
[2.935312] (-) TimerEvent: {}
[3.036923] (-) TimerEvent: {}
[3.137314] (-) TimerEvent: {}
[3.233004] (py02_service) StdoutLine: {'line': b'running egg_info\n'}
[3.237520] (-) TimerEvent: {}
[3.292832] (py02_service) StdoutLine: {'line': b'writing ../../build/py02_service/py02_service.egg-info/PKG-INFO\n'}
[3.294875] (py02_service) StdoutLine: {'line': b'writing dependency_links to ../../build/py02_service/py02_service.egg-info/dependency_links.txt\n'}
[3.296662] (py02_service) StdoutLine: {'line': b'writing entry points to ../../build/py02_service/py02_service.egg-info/entry_points.txt\n'}
[3.298289] (py02_service) StdoutLine: {'line': b'writing requirements to ../../build/py02_service/py02_service.egg-info/requires.txt\n'}
[3.300434] (py02_service) StdoutLine: {'line': b'writing top-level names to ../../build/py02_service/py02_service.egg-info/top_level.txt\n'}
[3.338198] (-) TimerEvent: {}
[3.410474] (py02_service) StdoutLine: {'line': b"reading manifest file '../../build/py02_service/py02_service.egg-info/SOURCES.txt'\n"}
[3.413353] (py02_service) StdoutLine: {'line': b"writing manifest file '../../build/py02_service/py02_service.egg-info/SOURCES.txt'\n"}
[3.419275] (py02_service) StdoutLine: {'line': b'running build\n'}
[3.419582] (py02_service) StdoutLine: {'line': b'running build_py\n'}
[3.419740] (py02_service) StdoutLine: {'line': b'running install\n'}
[3.427020] (py02_service) StdoutLine: {'line': b'running install_lib\n'}
[3.439707] (-) TimerEvent: {}
[3.483715] (py02_service) StdoutLine: {'line': b'running install_data\n'}
[3.484190] (py02_service) StdoutLine: {'line': b'running install_egg_info\n'}
[3.533004] (py02_service) StdoutLine: {'line': b"removing '/home/huangbo/ros2_learn/tongxun_learn/install/py02_service/lib/python3.12/site-packages/py02_service-0.0.0-py3.12.egg-info' (and everything under it)\n"}
[3.535456] (py02_service) StdoutLine: {'line': b'Copying ../../build/py02_service/py02_service.egg-info to /home/huangbo/ros2_learn/tongxun_learn/install/py02_service/lib/python3.12/site-packages/py02_service-0.0.0-py3.12.egg-info\n'}
[3.537760] (py02_service) StdoutLine: {'line': b'running install_scripts\n'}
[3.540046] (-) TimerEvent: {}
[3.642452] (-) TimerEvent: {}
[3.743164] (-) TimerEvent: {}
[3.772580] (py02_service) StdoutLine: {'line': b'Installing demo01_server_py script to /home/huangbo/ros2_learn/tongxun_learn/install/py02_service/lib/py02_service\n'}
[3.777834] (py02_service) StdoutLine: {'line': b'Installing demo02_client_py script to /home/huangbo/ros2_learn/tongxun_learn/install/py02_service/lib/py02_service\n'}
[3.778192] (py02_service) StdoutLine: {'line': b"writing list of installed files to '/home/huangbo/ros2_learn/tongxun_learn/build/py02_service/install.log'\n"}
[3.848742] (-) TimerEvent: {}
[3.853769] (py02_service) CommandEnded: {'returncode': 0}
[3.880509] (py02_service) JobEnded: {'identifier': 'py02_service', 'rc': 0}
[3.884404] (py04_param) JobStarted: {'identifier': 'py04_param'}
[3.951832] (-) TimerEvent: {}
[4.052210] (-) TimerEvent: {}
[4.152643] (-) TimerEvent: {}
[4.253818] (-) TimerEvent: {}
[4.356053] (-) TimerEvent: {}
[4.456860] (-) TimerEvent: {}
[4.557660] (-) TimerEvent: {}
[4.658242] (-) TimerEvent: {}
[4.758999] (-) TimerEvent: {}
[4.793474] (py02_service_my) Command: {'cmd': ['/usr/bin/python3', '-W', 'ignore:setup.py install is deprecated', '-W', 'ignore:easy_install command is deprecated', 'setup.py', 'egg_info', '--egg-base', '../../build/py02_service_my', 'build', '--build-base', '/home/huangbo/ros2_learn/tongxun_learn/build/py02_service_my/build', 'install', '--record', '/home/huangbo/ros2_learn/tongxun_learn/build/py02_service_my/install.log', '--install-scripts', '$base/lib/py02_service_my', '--single-version-externally-managed', 'install_data'], 'cwd': '/home/huangbo/ros2_learn/tongxun_learn/src/py02_service_my', 'env': OrderedDict({'PYTHON_BASIC_REPL': '1', 'LESSOPEN': '| /usr/bin/lesspipe %s', 'USER': 'huangbo', 'SSH_CLIENT': '192.168.91.1 2349 22', 'XDG_SESSION_TYPE': 'tty', 'GIT_ASKPASS': '/home/huangbo/.vscode-server/cli/servers/Stable-7debcd0e2acdea1c52de81bf9ee1620444407dda/server/extensions/git/dist/askpass.sh', 'SHLVL': '1', 'LD_LIBRARY_PATH': '/opt/ros/jazzy/opt/rviz_ogre_vendor/lib:/opt/ros/jazzy/lib/x86_64-linux-gnu:/opt/ros/jazzy/opt/gz_math_vendor/lib:/opt/ros/jazzy/opt/gz_utils_vendor/lib:/opt/ros/jazzy/opt/gz_cmake_vendor/lib:/opt/ros/jazzy/lib', 'BROWSER': '/home/huangbo/.vscode-server/cli/servers/Stable-7debcd0e2acdea1c52de81bf9ee1620444407dda/server/bin/helpers/browser.sh', 'HOME': '/home/huangbo', 'TERM_PROGRAM_VERSION': '1.138.0', 'VSCODE_IPC_HOOK_CLI': '/run/user/1000/vscode-ipc-0dc43ae0-db17-4c58-8170-6f41f05b4e5e.sock', 'ROS_PYTHON_VERSION': '3', 'VSCODE_GIT_ASKPASS_MAIN': '/home/huangbo/.vscode-server/cli/servers/Stable-7debcd0e2acdea1c52de81bf9ee1620444407dda/server/extensions/git/dist/askpass-main.js', 'VSCODE_GIT_ASKPASS_NODE': '/home/huangbo/.vscode-server/cli/servers/Stable-7debcd0e2acdea1c52de81bf9ee1620444407dda/server/node', 'PYDEVD_DISABLE_FILE_VALIDATION': '1', 'BUNDLED_DEBUGPY_PATH': '/home/huangbo/.vscode-server/extensions/ms-python.debugpy-2026.6.0-linux-x64/bundled/libs/debugpy', 'VSCODE_PYTHON_AUTOACTIVATE_GUARD': '1', 'DBUS_SESSION_BUS_ADDRESS': 'unix:path=/run/user/1000/bus', 'COLORTERM': 'truecolor', 'DEBUGINFOD_URLS': 'https://debuginfod.ubuntu.com', 'ROS_DISTRO': 'jazzy', 'LOGNAME': 'huangbo', '_': '/usr/bin/colcon', 'ROS_VERSION': '2', 'XDG_SESSION_CLASS': 'user', 'TERM': 'xterm-256color', 'XDG_SESSION_ID': '4', 'PATH': '/home/huangbo/.vscode-server/data/User/globalStorage/github.copilot-chat/debugCommand:/home/huangbo/.vscode-server/data/User/globalStorage/github.copilot-chat/copilotCli:/home/huangbo/.vscode-server/cli/servers/Stable-7debcd0e2acdea1c52de81bf9ee1620444407dda/server/bin/remote-cli:/opt/ros/jazzy/bin:/usr/local/sbin:/usr/local/bin:/usr/sbin:/usr/bin:/sbin:/bin:/usr/games:/usr/local/games:/snap/bin:/home/huangbo/.vscode-server/extensions/ms-python.debugpy-2026.6.0-linux-x64/bundled/scripts/noConfigScripts', 'XDG_RUNTIME_DIR': '/run/user/1000', 'VSCODE_DEBUGPY_ADAPTER_ENDPOINTS': '/home/huangbo/.vscode-server/extensions/ms-python.debugpy-2026.6.0-linux-x64/.noConfigDebugAdapterEndpoints/endpoint-6c2380fe732802f1.txt', 'LANG': 'zh_CN.UTF-8', 'PYTHONSTARTUP': '/home/huangbo/.vscode-server/data/User/workspaceStorage/c358a63721801e90ff5d3c048722ef27/ms-python.python/pythonrc.py', 'LS_COLORS': 'rs=0:di=01;34:ln=01;36:mh=00:pi=40;33:so=01;35:do=01;35:bd=40;33;01:cd=40;33;01:or=40;31;01:mi=00:su=37;41:sg=30;43:ca=00:tw=30;42:ow=34;42:st=37;44:ex=01;32:*.tar=01;31:*.tgz=01;31:*.arc=01;31:*.arj=01;31:*.taz=01;31:*.lha=01;31:*.lz4=01;31:*.lzh=01;31:*.lzma=01;31:*.tlz=01;31:*.txz=01;31:*.tzo=01;31:*.t7z=01;31:*.zip=01;31:*.z=01;31:*.dz=01;31:*.gz=01;31:*.lrz=01;31:*.lz=01;31:*.lzo=01;31:*.xz=01;31:*.zst=01;31:*.tzst=01;31:*.bz2=01;31:*.bz=01;31:*.tbz=01;31:*.tbz2=01;31:*.tz=01;31:*.deb=01;31:*.rpm=01;31:*.jar=01;31:*.war=01;31:*.ear=01;31:*.sar=01;31:*.rar=01;31:*.alz=01;31:*.ace=01;31:*.zoo=01;31:*.cpio=01;31:*.7z=01;31:*.rz=01;31:*.cab=01;31:*.wim=01;31:*.swm=01;31:*.dwm=01;31:*.esd=01;31:*.avif=01;35:*.jpg=01;35:*.jpeg=01;35:*.mjpg=01;35:*.mjpeg=01;35:*.gif=01;35:*.bmp=01;35:*.pbm=01;35:*.pgm=01;35:*.ppm=01;35:*.tga=01;35:*.xbm=01;35:*.xpm=01;35:*.tif=01;35:*.tiff=01;35:*.png=01;35:*.svg=01;35:*.svgz=01;35:*.mng=01;35:*.pcx=01;35:*.mov=01;35:*.mpg=01;35:*.mpeg=01;35:*.m2v=01;35:*.mkv=01;35:*.webm=01;35:*.webp=01;35:*.ogm=01;35:*.mp4=01;35:*.m4v=01;35:*.mp4v=01;35:*.vob=01;35:*.qt=01;35:*.nuv=01;35:*.wmv=01;35:*.asf=01;35:*.rm=01;35:*.rmvb=01;35:*.flc=01;35:*.avi=01;35:*.fli=01;35:*.flv=01;35:*.gl=01;35:*.dl=01;35:*.xcf=01;35:*.xwd=01;35:*.yuv=01;35:*.cgm=01;35:*.emf=01;35:*.ogv=01;35:*.ogx=01;35:*.aac=00;36:*.au=00;36:*.flac=00;36:*.m4a=00;36:*.mid=00;36:*.midi=00;36:*.mka=00;36:*.mp3=00;36:*.mpc=00;36:*.ogg=00;36:*.ra=00;36:*.wav=00;36:*.oga=00;36:*.opus=00;36:*.spx=00;36:*.xspf=00;36:*~=00;90:*#=00;90:*.bak=00;90:*.crdownload=00;90:*.dpkg-dist=00;90:*.dpkg-new=00;90:*.dpkg-old=00;90:*.dpkg-tmp=00;90:*.old=00;90:*.orig=00;90:*.part=00;90:*.rej=00;90:*.rpmnew=00;90:*.rpmorig=00;90:*.rpmsave=00;90:*.swp=00;90:*.tmp=00;90:*.ucf-dist=00;90:*.ucf-new=00;90:*.ucf-old=00;90:', 'VSCODE_GIT_IPC_HANDLE': '/run/user/1000/vscode-git-b3ba6a87e1.sock', 'TERM_PROGRAM': 'vscode', 'AMENT_PREFIX_PATH': '/opt/ros/jazzy', 'SHELL': '/bin/bash', 'LESSCLOSE': '/usr/bin/lesspipe %s %s', 'ROS_AUTOMATIC_DISCOVERY_RANGE': 'SUBNET', 'VSCODE_GIT_ASKPASS_EXTRA_ARGS': '', 'PWD': '/home/huangbo/ros2_learn/tongxun_learn/build/py02_service_my', 'COPILOT_DEBUG_NONCE': '0eaae38a08eb9b17f52bd7ed955eaf75', 'SSH_CONNECTION': '192.168.91.1 2349 192.168.91.129 22', 'XDG_DATA_DIRS': '/usr/share/gnome:/usr/local/share:/usr/share:/var/lib/snapd/desktop', 'PYTHONPATH': '/home/huangbo/ros2_learn/tongxun_learn/build/py02_service_my/prefix_override:/usr/lib/python3/dist-packages/colcon_core/task/python/colcon_distutils_commands:/home/huangbo/ros2_learn/tongxun_learn/install/py02_service_my/lib/python3.12/site-packages:/opt/ros/jazzy/opt/gz_math_vendor/lib/python:/opt/ros/jazzy/lib/python3.12/site-packages', 'COLCON': '1', 'CMAKE_PREFIX_PATH': '/opt/ros/jazzy/opt/gz_math_vendor:/opt/ros/jazzy/opt/gz_utils_vendor:/opt/ros/jazzy/opt/gz_cmake_vendor'}), 'shell': False}
[4.859585] (-) TimerEvent: {}
[4.961222] (-) TimerEvent: {}
[5.062032] (-) TimerEvent: {}
[5.092003] (py02_service_my) StdoutLine: {'line': b'running egg_info\n'}
[5.113788] (py02_service_my) StdoutLine: {'line': b'writing ../../build/py02_service_my/py02_service_my.egg-info/PKG-INFO\n'}
[5.115966] (py02_service_my) StdoutLine: {'line': b'writing dependency_links to ../../build/py02_service_my/py02_service_my.egg-info/dependency_links.txt\n'}
[5.116219] (py02_service_my) StdoutLine: {'line': b'writing entry points to ../../build/py02_service_my/py02_service_my.egg-info/entry_points.txt\n'}
[5.116317] (py02_service_my) StdoutLine: {'line': b'writing requirements to ../../build/py02_service_my/py02_service_my.egg-info/requires.txt\n'}
[5.116403] (py02_service_my) StdoutLine: {'line': b'writing top-level names to ../../build/py02_service_my/py02_service_my.egg-info/top_level.txt\n'}
[5.158559] (py02_service_my) StdoutLine: {'line': b"reading manifest file '../../build/py02_service_my/py02_service_my.egg-info/SOURCES.txt'\n"}
[5.160514] (py02_service_my) StdoutLine: {'line': b"writing manifest file '../../build/py02_service_my/py02_service_my.egg-info/SOURCES.txt'\n"}
[5.160854] (py02_service_my) StdoutLine: {'line': b'running build\n'}
[5.161028] (py02_service_my) StdoutLine: {'line': b'running build_py\n'}
[5.161393] (py02_service_my) StdoutLine: {'line': b'running install\n'}
[5.163014] (-) TimerEvent: {}
[5.168248] (py02_service_my) StdoutLine: {'line': b'running install_lib\n'}
[5.191321] (py02_service_my) StdoutLine: {'line': b'running install_data\n'}
[5.193915] (py04_param) Command: {'cmd': ['/usr/bin/python3', '-W', 'ignore:setup.py install is deprecated', '-W', 'ignore:easy_install command is deprecated', 'setup.py', 'egg_info', '--egg-base', '../../build/py04_param', 'build', '--build-base', '/home/huangbo/ros2_learn/tongxun_learn/build/py04_param/build', 'install', '--record', '/home/huangbo/ros2_learn/tongxun_learn/build/py04_param/install.log', '--install-scripts', '$base/lib/py04_param', '--single-version-externally-managed', 'install_data'], 'cwd': '/home/huangbo/ros2_learn/tongxun_learn/src/py04_param', 'env': OrderedDict({'PYTHON_BASIC_REPL': '1', 'LESSOPEN': '| /usr/bin/lesspipe %s', 'USER': 'huangbo', 'SSH_CLIENT': '192.168.91.1 2349 22', 'XDG_SESSION_TYPE': 'tty', 'GIT_ASKPASS': '/home/huangbo/.vscode-server/cli/servers/Stable-7debcd0e2acdea1c52de81bf9ee1620444407dda/server/extensions/git/dist/askpass.sh', 'SHLVL': '1', 'LD_LIBRARY_PATH': '/opt/ros/jazzy/opt/rviz_ogre_vendor/lib:/opt/ros/jazzy/lib/x86_64-linux-gnu:/opt/ros/jazzy/opt/gz_math_vendor/lib:/opt/ros/jazzy/opt/gz_utils_vendor/lib:/opt/ros/jazzy/opt/gz_cmake_vendor/lib:/opt/ros/jazzy/lib', 'BROWSER': '/home/huangbo/.vscode-server/cli/servers/Stable-7debcd0e2acdea1c52de81bf9ee1620444407dda/server/bin/helpers/browser.sh', 'HOME': '/home/huangbo', 'TERM_PROGRAM_VERSION': '1.138.0', 'VSCODE_IPC_HOOK_CLI': '/run/user/1000/vscode-ipc-0dc43ae0-db17-4c58-8170-6f41f05b4e5e.sock', 'ROS_PYTHON_VERSION': '3', 'VSCODE_GIT_ASKPASS_MAIN': '/home/huangbo/.vscode-server/cli/servers/Stable-7debcd0e2acdea1c52de81bf9ee1620444407dda/server/extensions/git/dist/askpass-main.js', 'VSCODE_GIT_ASKPASS_NODE': '/home/huangbo/.vscode-server/cli/servers/Stable-7debcd0e2acdea1c52de81bf9ee1620444407dda/server/node', 'PYDEVD_DISABLE_FILE_VALIDATION': '1', 'BUNDLED_DEBUGPY_PATH': '/home/huangbo/.vscode-server/extensions/ms-python.debugpy-2026.6.0-linux-x64/bundled/libs/debugpy', 'VSCODE_PYTHON_AUTOACTIVATE_GUARD': '1', 'DBUS_SESSION_BUS_ADDRESS': 'unix:path=/run/user/1000/bus', 'COLORTERM': 'truecolor', 'DEBUGINFOD_URLS': 'https://debuginfod.ubuntu.com', 'ROS_DISTRO': 'jazzy', 'LOGNAME': 'huangbo', '_': '/usr/bin/colcon', 'ROS_VERSION': '2', 'XDG_SESSION_CLASS': 'user', 'TERM': 'xterm-256color', 'XDG_SESSION_ID': '4', 'PATH': '/home/huangbo/.vscode-server/data/User/globalStorage/github.copilot-chat/debugCommand:/home/huangbo/.vscode-server/data/User/globalStorage/github.copilot-chat/copilotCli:/home/huangbo/.vscode-server/cli/servers/Stable-7debcd0e2acdea1c52de81bf9ee1620444407dda/server/bin/remote-cli:/opt/ros/jazzy/bin:/usr/local/sbin:/usr/local/bin:/usr/sbin:/usr/bin:/sbin:/bin:/usr/games:/usr/local/games:/snap/bin:/home/huangbo/.vscode-server/extensions/ms-python.debugpy-2026.6.0-linux-x64/bundled/scripts/noConfigScripts', 'XDG_RUNTIME_DIR': '/run/user/1000', 'VSCODE_DEBUGPY_ADAPTER_ENDPOINTS': '/home/huangbo/.vscode-server/extensions/ms-python.debugpy-2026.6.0-linux-x64/.noConfigDebugAdapterEndpoints/endpoint-6c2380fe732802f1.txt', 'LANG': 'zh_CN.UTF-8', 'PYTHONSTARTUP': '/home/huangbo/.vscode-server/data/User/workspaceStorage/c358a63721801e90ff5d3c048722ef27/ms-python.python/pythonrc.py', 'LS_COLORS': 'rs=0:di=01;34:ln=01;36:mh=00:pi=40;33:so=01;35:do=01;35:bd=40;33;01:cd=40;33;01:or=40;31;01:mi=00:su=37;41:sg=30;43:ca=00:tw=30;42:ow=34;42:st=37;44:ex=01;32:*.tar=01;31:*.tgz=01;31:*.arc=01;31:*.arj=01;31:*.taz=01;31:*.lha=01;31:*.lz4=01;31:*.lzh=01;31:*.lzma=01;31:*.tlz=01;31:*.txz=01;31:*.tzo=01;31:*.t7z=01;31:*.zip=01;31:*.z=01;31:*.dz=01;31:*.gz=01;31:*.lrz=01;31:*.lz=01;31:*.lzo=01;31:*.xz=01;31:*.zst=01;31:*.tzst=01;31:*.bz2=01;31:*.bz=01;31:*.tbz=01;31:*.tbz2=01;31:*.tz=01;31:*.deb=01;31:*.rpm=01;31:*.jar=01;31:*.war=01;31:*.ear=01;31:*.sar=01;31:*.rar=01;31:*.alz=01;31:*.ace=01;31:*.zoo=01;31:*.cpio=01;31:*.7z=01;31:*.rz=01;31:*.cab=01;31:*.wim=01;31:*.swm=01;31:*.dwm=01;31:*.esd=01;31:*.avif=01;35:*.jpg=01;35:*.jpeg=01;35:*.mjpg=01;35:*.mjpeg=01;35:*.gif=01;35:*.bmp=01;35:*.pbm=01;35:*.pgm=01;35:*.ppm=01;35:*.tga=01;35:*.xbm=01;35:*.xpm=01;35:*.tif=01;35:*.tiff=01;35:*.png=01;35:*.svg=01;35:*.svgz=01;35:*.mng=01;35:*.pcx=01;35:*.mov=01;35:*.mpg=01;35:*.mpeg=01;35:*.m2v=01;35:*.mkv=01;35:*.webm=01;35:*.webp=01;35:*.ogm=01;35:*.mp4=01;35:*.m4v=01;35:*.mp4v=01;35:*.vob=01;35:*.qt=01;35:*.nuv=01;35:*.wmv=01;35:*.asf=01;35:*.rm=01;35:*.rmvb=01;35:*.flc=01;35:*.avi=01;35:*.fli=01;35:*.flv=01;35:*.gl=01;35:*.dl=01;35:*.xcf=01;35:*.xwd=01;35:*.yuv=01;35:*.cgm=01;35:*.emf=01;35:*.ogv=01;35:*.ogx=01;35:*.aac=00;36:*.au=00;36:*.flac=00;36:*.m4a=00;36:*.mid=00;36:*.midi=00;36:*.mka=00;36:*.mp3=00;36:*.mpc=00;36:*.ogg=00;36:*.ra=00;36:*.wav=00;36:*.oga=00;36:*.opus=00;36:*.spx=00;36:*.xspf=00;36:*~=00;90:*#=00;90:*.bak=00;90:*.crdownload=00;90:*.dpkg-dist=00;90:*.dpkg-new=00;90:*.dpkg-old=00;90:*.dpkg-tmp=00;90:*.old=00;90:*.orig=00;90:*.part=00;90:*.rej=00;90:*.rpmnew=00;90:*.rpmorig=00;90:*.rpmsave=00;90:*.swp=00;90:*.tmp=00;90:*.ucf-dist=00;90:*.ucf-new=00;90:*.ucf-old=00;90:', 'VSCODE_GIT_IPC_HANDLE': '/run/user/1000/vscode-git-b3ba6a87e1.sock', 'TERM_PROGRAM': 'vscode', 'AMENT_PREFIX_PATH': '/opt/ros/jazzy', 'SHELL': '/bin/bash', 'LESSCLOSE': '/usr/bin/lesspipe %s %s', 'ROS_AUTOMATIC_DISCOVERY_RANGE': 'SUBNET', 'VSCODE_GIT_ASKPASS_EXTRA_ARGS': '', 'PWD': '/home/huangbo/ros2_learn/tongxun_learn/build/py04_param', 'COPILOT_DEBUG_NONCE': '0eaae38a08eb9b17f52bd7ed955eaf75', 'SSH_CONNECTION': '192.168.91.1 2349 192.168.91.129 22', 'XDG_DATA_DIRS': '/usr/share/gnome:/usr/local/share:/usr/share:/var/lib/snapd/desktop', 'PYTHONPATH': '/home/huangbo/ros2_learn/tongxun_learn/build/py04_param/prefix_override:/usr/lib/python3/dist-packages/colcon_core/task/python/colcon_distutils_commands:/home/huangbo/ros2_learn/tongxun_learn/install/py04_param/lib/python3.12/site-packages:/opt/ros/jazzy/opt/gz_math_vendor/lib/python:/opt/ros/jazzy/lib/python3.12/site-packages', 'COLCON': '1', 'CMAKE_PREFIX_PATH': '/opt/ros/jazzy/opt/gz_math_vendor:/opt/ros/jazzy/opt/gz_utils_vendor:/opt/ros/jazzy/opt/gz_cmake_vendor'}), 'shell': False}
[5.195542] (py02_service_my) StdoutLine: {'line': b'running install_egg_info\n'}
[5.218674] (py02_service_my) StdoutLine: {'line': b"removing '/home/huangbo/ros2_learn/tongxun_learn/install/py02_service_my/lib/python3.12/site-packages/py02_service_my-0.0.0-py3.12.egg-info' (and everything under it)\n"}
[5.221192] (py02_service_my) StdoutLine: {'line': b'Copying ../../build/py02_service_my/py02_service_my.egg-info to /home/huangbo/ros2_learn/tongxun_learn/install/py02_service_my/lib/python3.12/site-packages/py02_service_my-0.0.0-py3.12.egg-info\n'}
[5.221504] (py02_service_my) StdoutLine: {'line': b'running install_scripts\n'}
[5.263180] (-) TimerEvent: {}
[5.364402] (-) TimerEvent: {}
[5.366747] (py02_service_my) StdoutLine: {'line': b'Installing demo_client_py script to /home/huangbo/ros2_learn/tongxun_learn/install/py02_service_my/lib/py02_service_my\n'}
[5.367453] (py02_service_my) StdoutLine: {'line': b'Installing demo_server_py script to /home/huangbo/ros2_learn/tongxun_learn/install/py02_service_my/lib/py02_service_my\n'}
[5.368233] (py02_service_my) StdoutLine: {'line': b"writing list of installed files to '/home/huangbo/ros2_learn/tongxun_learn/build/py02_service_my/install.log'\n"}
[5.428991] (py02_service_my) CommandEnded: {'returncode': 0}
[5.452985] (py02_service_my) JobEnded: {'identifier': 'py02_service_my', 'rc': 0}
[5.455916] (py01_topic) JobStarted: {'identifier': 'py01_topic'}
[5.467143] (-) TimerEvent: {}
[5.542939] (py04_param) StdoutLine: {'line': b'running egg_info\n'}
[5.565524] (py04_param) StdoutLine: {'line': b'writing ../../build/py04_param/py04_param.egg-info/PKG-INFO\n'}
[5.566297] (py04_param) StdoutLine: {'line': b'writing dependency_links to ../../build/py04_param/py04_param.egg-info/dependency_links.txt\n'}
[5.566515] (-) TimerEvent: {}
[5.566948] (py04_param) StdoutLine: {'line': b'writing entry points to ../../build/py04_param/py04_param.egg-info/entry_points.txt\n'}
[5.567678] (py04_param) StdoutLine: {'line': b'writing requirements to ../../build/py04_param/py04_param.egg-info/requires.txt\n'}
[5.568097] (py04_param) StdoutLine: {'line': b'writing top-level names to ../../build/py04_param/py04_param.egg-info/top_level.txt\n'}
[5.611158] (py04_param) StdoutLine: {'line': b"reading manifest file '../../build/py04_param/py04_param.egg-info/SOURCES.txt'\n"}
[5.613021] (py04_param) StdoutLine: {'line': b"writing manifest file '../../build/py04_param/py04_param.egg-info/SOURCES.txt'\n"}
[5.613689] (py04_param) StdoutLine: {'line': b'running build\n'}
[5.614454] (py04_param) StdoutLine: {'line': b'running build_py\n'}
[5.615039] (py04_param) StdoutLine: {'line': b'copying py04_param/demo01_param_server_py.py -> /home/huangbo/ros2_learn/tongxun_learn/build/py04_param/build/lib/py04_param\n'}
[5.616095] (py04_param) StdoutLine: {'line': b'running install\n'}
[5.625132] (py04_param) StdoutLine: {'line': b'running install_lib\n'}
[5.648438] (py04_param) StdoutLine: {'line': b'copying /home/huangbo/ros2_learn/tongxun_learn/build/py04_param/build/lib/py04_param/demo01_param_server_py.py -> /home/huangbo/ros2_learn/tongxun_learn/install/py04_param/lib/python3.12/site-packages/py04_param\n'}
[5.649375] (py04_param) StdoutLine: {'line': b'byte-compiling /home/huangbo/ros2_learn/tongxun_learn/install/py04_param/lib/python3.12/site-packages/py04_param/demo01_param_server_py.py to demo01_param_server_py.cpython-312.pyc\n'}
[5.650779] (py04_param) StdoutLine: {'line': b'running install_data\n'}
[5.651099] (py04_param) StdoutLine: {'line': b'running install_egg_info\n'}
[5.666799] (-) TimerEvent: {}
[5.675711] (py04_param) StdoutLine: {'line': b"removing '/home/huangbo/ros2_learn/tongxun_learn/install/py04_param/lib/python3.12/site-packages/py04_param-0.0.0-py3.12.egg-info' (and everything under it)\n"}
[5.676012] (py04_param) StdoutLine: {'line': b'Copying ../../build/py04_param/py04_param.egg-info to /home/huangbo/ros2_learn/tongxun_learn/install/py04_param/lib/python3.12/site-packages/py04_param-0.0.0-py3.12.egg-info\n'}
[5.676757] (py04_param) StdoutLine: {'line': b'running install_scripts\n'}
[5.767381] (-) TimerEvent: {}
[5.831685] (py04_param) StdoutLine: {'line': b'Installing demo00_param script to /home/huangbo/ros2_learn/tongxun_learn/install/py04_param/lib/py04_param\n'}
[5.834319] (py04_param) StdoutLine: {'line': b'Installing demo01_param_server_py script to /home/huangbo/ros2_learn/tongxun_learn/install/py04_param/lib/py04_param\n'}
[5.834477] (py04_param) StdoutLine: {'line': b"writing list of installed files to '/home/huangbo/ros2_learn/tongxun_learn/build/py04_param/install.log'\n"}
[5.869822] (-) TimerEvent: {}
[5.880491] (py04_param) CommandEnded: {'returncode': 0}
[5.893633] (py04_param) JobEnded: {'identifier': 'py04_param', 'rc': 0}
[5.897778] (py03_acton) JobStarted: {'identifier': 'py03_acton'}
[5.970219] (-) TimerEvent: {}
[6.070796] (-) TimerEvent: {}
[6.171295] (-) TimerEvent: {}
[6.272089] (-) TimerEvent: {}
[6.372844] (-) TimerEvent: {}
[6.473542] (-) TimerEvent: {}
[6.497460] (py01_topic) Command: {'cmd': ['/usr/bin/python3', '-W', 'ignore:setup.py install is deprecated', '-W', 'ignore:easy_install command is deprecated', 'setup.py', 'egg_info', '--egg-base', '../../build/py01_topic', 'build', '--build-base', '/home/huangbo/ros2_learn/tongxun_learn/build/py01_topic/build', 'install', '--record', '/home/huangbo/ros2_learn/tongxun_learn/build/py01_topic/install.log', '--install-scripts', '$base/lib/py01_topic', '--single-version-externally-managed', 'install_data'], 'cwd': '/home/huangbo/ros2_learn/tongxun_learn/src/py01_topic', 'env': OrderedDict({'PYTHON_BASIC_REPL': '1', 'LESSOPEN': '| /usr/bin/lesspipe %s', 'USER': 'huangbo', 'SSH_CLIENT': '192.168.91.1 2349 22', 'XDG_SESSION_TYPE': 'tty', 'GIT_ASKPASS': '/home/huangbo/.vscode-server/cli/servers/Stable-7debcd0e2acdea1c52de81bf9ee1620444407dda/server/extensions/git/dist/askpass.sh', 'SHLVL': '1', 'LD_LIBRARY_PATH': '/home/huangbo/ros2_learn/tongxun_learn/install/student_interfaces/lib:/opt/ros/jazzy/opt/rviz_ogre_vendor/lib:/opt/ros/jazzy/lib/x86_64-linux-gnu:/opt/ros/jazzy/opt/gz_math_vendor/lib:/opt/ros/jazzy/opt/gz_utils_vendor/lib:/opt/ros/jazzy/opt/gz_cmake_vendor/lib:/opt/ros/jazzy/lib', 'BROWSER': '/home/huangbo/.vscode-server/cli/servers/Stable-7debcd0e2acdea1c52de81bf9ee1620444407dda/server/bin/helpers/browser.sh', 'HOME': '/home/huangbo', 'TERM_PROGRAM_VERSION': '1.138.0', 'VSCODE_IPC_HOOK_CLI': '/run/user/1000/vscode-ipc-0dc43ae0-db17-4c58-8170-6f41f05b4e5e.sock', 'ROS_PYTHON_VERSION': '3', 'VSCODE_GIT_ASKPASS_MAIN': '/home/huangbo/.vscode-server/cli/servers/Stable-7debcd0e2acdea1c52de81bf9ee1620444407dda/server/extensions/git/dist/askpass-main.js', 'VSCODE_GIT_ASKPASS_NODE': '/home/huangbo/.vscode-server/cli/servers/Stable-7debcd0e2acdea1c52de81bf9ee1620444407dda/server/node', 'PYDEVD_DISABLE_FILE_VALIDATION': '1', 'BUNDLED_DEBUGPY_PATH': '/home/huangbo/.vscode-server/extensions/ms-python.debugpy-2026.6.0-linux-x64/bundled/libs/debugpy', 'VSCODE_PYTHON_AUTOACTIVATE_GUARD': '1', 'DBUS_SESSION_BUS_ADDRESS': 'unix:path=/run/user/1000/bus', 'COLORTERM': 'truecolor', 'DEBUGINFOD_URLS': 'https://debuginfod.ubuntu.com', 'ROS_DISTRO': 'jazzy', 'LOGNAME': 'huangbo', '_': '/usr/bin/colcon', 'ROS_VERSION': '2', 'XDG_SESSION_CLASS': 'user', 'TERM': 'xterm-256color', 'XDG_SESSION_ID': '4', 'PATH': '/home/huangbo/.vscode-server/data/User/globalStorage/github.copilot-chat/debugCommand:/home/huangbo/.vscode-server/data/User/globalStorage/github.copilot-chat/copilotCli:/home/huangbo/.vscode-server/cli/servers/Stable-7debcd0e2acdea1c52de81bf9ee1620444407dda/server/bin/remote-cli:/opt/ros/jazzy/bin:/usr/local/sbin:/usr/local/bin:/usr/sbin:/usr/bin:/sbin:/bin:/usr/games:/usr/local/games:/snap/bin:/home/huangbo/.vscode-server/extensions/ms-python.debugpy-2026.6.0-linux-x64/bundled/scripts/noConfigScripts', 'XDG_RUNTIME_DIR': '/run/user/1000', 'VSCODE_DEBUGPY_ADAPTER_ENDPOINTS': '/home/huangbo/.vscode-server/extensions/ms-python.debugpy-2026.6.0-linux-x64/.noConfigDebugAdapterEndpoints/endpoint-6c2380fe732802f1.txt', 'LANG': 'zh_CN.UTF-8', 'PYTHONSTARTUP': '/home/huangbo/.vscode-server/data/User/workspaceStorage/c358a63721801e90ff5d3c048722ef27/ms-python.python/pythonrc.py', 'LS_COLORS': 'rs=0:di=01;34:ln=01;36:mh=00:pi=40;33:so=01;35:do=01;35:bd=40;33;01:cd=40;33;01:or=40;31;01:mi=00:su=37;41:sg=30;43:ca=00:tw=30;42:ow=34;42:st=37;44:ex=01;32:*.tar=01;31:*.tgz=01;31:*.arc=01;31:*.arj=01;31:*.taz=01;31:*.lha=01;31:*.lz4=01;31:*.lzh=01;31:*.lzma=01;31:*.tlz=01;31:*.txz=01;31:*.tzo=01;31:*.t7z=01;31:*.zip=01;31:*.z=01;31:*.dz=01;31:*.gz=01;31:*.lrz=01;31:*.lz=01;31:*.lzo=01;31:*.xz=01;31:*.zst=01;31:*.tzst=01;31:*.bz2=01;31:*.bz=01;31:*.tbz=01;31:*.tbz2=01;31:*.tz=01;31:*.deb=01;31:*.rpm=01;31:*.jar=01;31:*.war=01;31:*.ear=01;31:*.sar=01;31:*.rar=01;31:*.alz=01;31:*.ace=01;31:*.zoo=01;31:*.cpio=01;31:*.7z=01;31:*.rz=01;31:*.cab=01;31:*.wim=01;31:*.swm=01;31:*.dwm=01;31:*.esd=01;31:*.avif=01;35:*.jpg=01;35:*.jpeg=01;35:*.mjpg=01;35:*.mjpeg=01;35:*.gif=01;35:*.bmp=01;35:*.pbm=01;35:*.pgm=01;35:*.ppm=01;35:*.tga=01;35:*.xbm=01;35:*.xpm=01;35:*.tif=01;35:*.tiff=01;35:*.png=01;35:*.svg=01;35:*.svgz=01;35:*.mng=01;35:*.pcx=01;35:*.mov=01;35:*.mpg=01;35:*.mpeg=01;35:*.m2v=01;35:*.mkv=01;35:*.webm=01;35:*.webp=01;35:*.ogm=01;35:*.mp4=01;35:*.m4v=01;35:*.mp4v=01;35:*.vob=01;35:*.qt=01;35:*.nuv=01;35:*.wmv=01;35:*.asf=01;35:*.rm=01;35:*.rmvb=01;35:*.flc=01;35:*.avi=01;35:*.fli=01;35:*.flv=01;35:*.gl=01;35:*.dl=01;35:*.xcf=01;35:*.xwd=01;35:*.yuv=01;35:*.cgm=01;35:*.emf=01;35:*.ogv=01;35:*.ogx=01;35:*.aac=00;36:*.au=00;36:*.flac=00;36:*.m4a=00;36:*.mid=00;36:*.midi=00;36:*.mka=00;36:*.mp3=00;36:*.mpc=00;36:*.ogg=00;36:*.ra=00;36:*.wav=00;36:*.oga=00;36:*.opus=00;36:*.spx=00;36:*.xspf=00;36:*~=00;90:*#=00;90:*.bak=00;90:*.crdownload=00;90:*.dpkg-dist=00;90:*.dpkg-new=00;90:*.dpkg-old=00;90:*.dpkg-tmp=00;90:*.old=00;90:*.orig=00;90:*.part=00;90:*.rej=00;90:*.rpmnew=00;90:*.rpmorig=00;90:*.rpmsave=00;90:*.swp=00;90:*.tmp=00;90:*.ucf-dist=00;90:*.ucf-new=00;90:*.ucf-old=00;90:', 'VSCODE_GIT_IPC_HANDLE': '/run/user/1000/vscode-git-b3ba6a87e1.sock', 'TERM_PROGRAM': 'vscode', 'AMENT_PREFIX_PATH': '/home/huangbo/ros2_learn/tongxun_learn/install/student_interfaces:/opt/ros/jazzy', 'SHELL': '/bin/bash', 'LESSCLOSE': '/usr/bin/lesspipe %s %s', 'ROS_AUTOMATIC_DISCOVERY_RANGE': 'SUBNET', 'VSCODE_GIT_ASKPASS_EXTRA_ARGS': '', 'PWD': '/home/huangbo/ros2_learn/tongxun_learn/build/py01_topic', 'COPILOT_DEBUG_NONCE': '0eaae38a08eb9b17f52bd7ed955eaf75', 'SSH_CONNECTION': '192.168.91.1 2349 192.168.91.129 22', 'XDG_DATA_DIRS': '/usr/share/gnome:/usr/local/share:/usr/share:/var/lib/snapd/desktop', 'PYTHONPATH': '/home/huangbo/ros2_learn/tongxun_learn/build/py01_topic/prefix_override:/usr/lib/python3/dist-packages/colcon_core/task/python/colcon_distutils_commands:/home/huangbo/ros2_learn/tongxun_learn/install/py01_topic/lib/python3.12/site-packages:/home/huangbo/ros2_learn/tongxun_learn/install/student_interfaces/lib/python3.12/site-packages:/opt/ros/jazzy/opt/gz_math_vendor/lib/python:/opt/ros/jazzy/lib/python3.12/site-packages', 'COLCON': '1', 'CMAKE_PREFIX_PATH': '/home/huangbo/ros2_learn/tongxun_learn/install/student_interfaces:/opt/ros/jazzy/opt/gz_math_vendor:/opt/ros/jazzy/opt/gz_utils_vendor:/opt/ros/jazzy/opt/gz_cmake_vendor'}), 'shell': False}
[6.575164] (-) TimerEvent: {}
[6.675883] (-) TimerEvent: {}
[6.776326] (-) TimerEvent: {}
[6.786038] (py01_topic) StdoutLine: {'line': b'running egg_info\n'}
[6.808853] (py01_topic) StdoutLine: {'line': b'writing ../../build/py01_topic/py01_topic.egg-info/PKG-INFO\n'}
[6.809887] (py01_topic) StdoutLine: {'line': b'writing dependency_links to ../../build/py01_topic/py01_topic.egg-info/dependency_links.txt\n'}
[6.810839] (py01_topic) StdoutLine: {'line': b'writing entry points to ../../build/py01_topic/py01_topic.egg-info/entry_points.txt\n'}
[6.811205] (py01_topic) StdoutLine: {'line': b'writing requirements to ../../build/py01_topic/py01_topic.egg-info/requires.txt\n'}
[6.811989] (py01_topic) StdoutLine: {'line': b'writing top-level names to ../../build/py01_topic/py01_topic.egg-info/top_level.txt\n'}
[6.856360] (py01_topic) StdoutLine: {'line': b"reading manifest file '../../build/py01_topic/py01_topic.egg-info/SOURCES.txt'\n"}
[6.857626] (py01_topic) StdoutLine: {'line': b"writing manifest file '../../build/py01_topic/py01_topic.egg-info/SOURCES.txt'\n"}
[6.858209] (py01_topic) StdoutLine: {'line': b'running build\n'}
[6.858455] (py01_topic) StdoutLine: {'line': b'running build_py\n'}
[6.859364] (py01_topic) StdoutLine: {'line': b'running install\n'}
[6.866291] (py01_topic) StdoutLine: {'line': b'running install_lib\n'}
[6.876995] (-) TimerEvent: {}
[6.888999] (py01_topic) StdoutLine: {'line': b'running install_data\n'}
[6.889485] (py01_topic) StdoutLine: {'line': b'running install_egg_info\n'}
[6.907288] (py03_acton) Command: {'cmd': ['/usr/bin/python3', '-W', 'ignore:setup.py install is deprecated', '-W', 'ignore:easy_install command is deprecated', 'setup.py', 'egg_info', '--egg-base', '../../build/py03_acton', 'build', '--build-base', '/home/huangbo/ros2_learn/tongxun_learn/build/py03_acton/build', 'install', '--record', '/home/huangbo/ros2_learn/tongxun_learn/build/py03_acton/install.log', '--install-scripts', '$base/lib/py03_acton', '--single-version-externally-managed', 'install_data'], 'cwd': '/home/huangbo/ros2_learn/tongxun_learn/src/py03_acton', 'env': OrderedDict({'PYTHON_BASIC_REPL': '1', 'LESSOPEN': '| /usr/bin/lesspipe %s', 'USER': 'huangbo', 'SSH_CLIENT': '192.168.91.1 2349 22', 'XDG_SESSION_TYPE': 'tty', 'GIT_ASKPASS': '/home/huangbo/.vscode-server/cli/servers/Stable-7debcd0e2acdea1c52de81bf9ee1620444407dda/server/extensions/git/dist/askpass.sh', 'SHLVL': '1', 'LD_LIBRARY_PATH': '/home/huangbo/ros2_learn/tongxun_learn/install/student_interfaces/lib:/opt/ros/jazzy/opt/rviz_ogre_vendor/lib:/opt/ros/jazzy/lib/x86_64-linux-gnu:/opt/ros/jazzy/opt/gz_math_vendor/lib:/opt/ros/jazzy/opt/gz_utils_vendor/lib:/opt/ros/jazzy/opt/gz_cmake_vendor/lib:/opt/ros/jazzy/lib', 'BROWSER': '/home/huangbo/.vscode-server/cli/servers/Stable-7debcd0e2acdea1c52de81bf9ee1620444407dda/server/bin/helpers/browser.sh', 'HOME': '/home/huangbo', 'TERM_PROGRAM_VERSION': '1.138.0', 'VSCODE_IPC_HOOK_CLI': '/run/user/1000/vscode-ipc-0dc43ae0-db17-4c58-8170-6f41f05b4e5e.sock', 'ROS_PYTHON_VERSION': '3', 'VSCODE_GIT_ASKPASS_MAIN': '/home/huangbo/.vscode-server/cli/servers/Stable-7debcd0e2acdea1c52de81bf9ee1620444407dda/server/extensions/git/dist/askpass-main.js', 'VSCODE_GIT_ASKPASS_NODE': '/home/huangbo/.vscode-server/cli/servers/Stable-7debcd0e2acdea1c52de81bf9ee1620444407dda/server/node', 'PYDEVD_DISABLE_FILE_VALIDATION': '1', 'BUNDLED_DEBUGPY_PATH': '/home/huangbo/.vscode-server/extensions/ms-python.debugpy-2026.6.0-linux-x64/bundled/libs/debugpy', 'VSCODE_PYTHON_AUTOACTIVATE_GUARD': '1', 'DBUS_SESSION_BUS_ADDRESS': 'unix:path=/run/user/1000/bus', 'COLORTERM': 'truecolor', 'DEBUGINFOD_URLS': 'https://debuginfod.ubuntu.com', 'ROS_DISTRO': 'jazzy', 'LOGNAME': 'huangbo', '_': '/usr/bin/colcon', 'ROS_VERSION': '2', 'XDG_SESSION_CLASS': 'user', 'TERM': 'xterm-256color', 'XDG_SESSION_ID': '4', 'PATH': '/home/huangbo/.vscode-server/data/User/globalStorage/github.copilot-chat/debugCommand:/home/huangbo/.vscode-server/data/User/globalStorage/github.copilot-chat/copilotCli:/home/huangbo/.vscode-server/cli/servers/Stable-7debcd0e2acdea1c52de81bf9ee1620444407dda/server/bin/remote-cli:/opt/ros/jazzy/bin:/usr/local/sbin:/usr/local/bin:/usr/sbin:/usr/bin:/sbin:/bin:/usr/games:/usr/local/games:/snap/bin:/home/huangbo/.vscode-server/extensions/ms-python.debugpy-2026.6.0-linux-x64/bundled/scripts/noConfigScripts', 'XDG_RUNTIME_DIR': '/run/user/1000', 'VSCODE_DEBUGPY_ADAPTER_ENDPOINTS': '/home/huangbo/.vscode-server/extensions/ms-python.debugpy-2026.6.0-linux-x64/.noConfigDebugAdapterEndpoints/endpoint-6c2380fe732802f1.txt', 'LANG': 'zh_CN.UTF-8', 'PYTHONSTARTUP': '/home/huangbo/.vscode-server/data/User/workspaceStorage/c358a63721801e90ff5d3c048722ef27/ms-python.python/pythonrc.py', 'LS_COLORS': 'rs=0:di=01;34:ln=01;36:mh=00:pi=40;33:so=01;35:do=01;35:bd=40;33;01:cd=40;33;01:or=40;31;01:mi=00:su=37;41:sg=30;43:ca=00:tw=30;42:ow=34;42:st=37;44:ex=01;32:*.tar=01;31:*.tgz=01;31:*.arc=01;31:*.arj=01;31:*.taz=01;31:*.lha=01;31:*.lz4=01;31:*.lzh=01;31:*.lzma=01;31:*.tlz=01;31:*.txz=01;31:*.tzo=01;31:*.t7z=01;31:*.zip=01;31:*.z=01;31:*.dz=01;31:*.gz=01;31:*.lrz=01;31:*.lz=01;31:*.lzo=01;31:*.xz=01;31:*.zst=01;31:*.tzst=01;31:*.bz2=01;31:*.bz=01;31:*.tbz=01;31:*.tbz2=01;31:*.tz=01;31:*.deb=01;31:*.rpm=01;31:*.jar=01;31:*.war=01;31:*.ear=01;31:*.sar=01;31:*.rar=01;31:*.alz=01;31:*.ace=01;31:*.zoo=01;31:*.cpio=01;31:*.7z=01;31:*.rz=01;31:*.cab=01;31:*.wim=01;31:*.swm=01;31:*.dwm=01;31:*.esd=01;31:*.avif=01;35:*.jpg=01;35:*.jpeg=01;35:*.mjpg=01;35:*.mjpeg=01;35:*.gif=01;35:*.bmp=01;35:*.pbm=01;35:*.pgm=01;35:*.ppm=01;35:*.tga=01;35:*.xbm=01;35:*.xpm=01;35:*.tif=01;35:*.tiff=01;35:*.png=01;35:*.svg=01;35:*.svgz=01;35:*.mng=01;35:*.pcx=01;35:*.mov=01;35:*.mpg=01;35:*.mpeg=01;35:*.m2v=01;35:*.mkv=01;35:*.webm=01;35:*.webp=01;35:*.ogm=01;35:*.mp4=01;35:*.m4v=01;35:*.mp4v=01;35:*.vob=01;35:*.qt=01;35:*.nuv=01;35:*.wmv=01;35:*.asf=01;35:*.rm=01;35:*.rmvb=01;35:*.flc=01;35:*.avi=01;35:*.fli=01;35:*.flv=01;35:*.gl=01;35:*.dl=01;35:*.xcf=01;35:*.xwd=01;35:*.yuv=01;35:*.cgm=01;35:*.emf=01;35:*.ogv=01;35:*.ogx=01;35:*.aac=00;36:*.au=00;36:*.flac=00;36:*.m4a=00;36:*.mid=00;36:*.midi=00;36:*.mka=00;36:*.mp3=00;36:*.mpc=00;36:*.ogg=00;36:*.ra=00;36:*.wav=00;36:*.oga=00;36:*.opus=00;36:*.spx=00;36:*.xspf=00;36:*~=00;90:*#=00;90:*.bak=00;90:*.crdownload=00;90:*.dpkg-dist=00;90:*.dpkg-new=00;90:*.dpkg-old=00;90:*.dpkg-tmp=00;90:*.old=00;90:*.orig=00;90:*.part=00;90:*.rej=00;90:*.rpmnew=00;90:*.rpmorig=00;90:*.rpmsave=00;90:*.swp=00;90:*.tmp=00;90:*.ucf-dist=00;90:*.ucf-new=00;90:*.ucf-old=00;90:', 'VSCODE_GIT_IPC_HANDLE': '/run/user/1000/vscode-git-b3ba6a87e1.sock', 'TERM_PROGRAM': 'vscode', 'AMENT_PREFIX_PATH': '/home/huangbo/ros2_learn/tongxun_learn/install/student_interfaces:/opt/ros/jazzy', 'SHELL': '/bin/bash', 'LESSCLOSE': '/usr/bin/lesspipe %s %s', 'ROS_AUTOMATIC_DISCOVERY_RANGE': 'SUBNET', 'VSCODE_GIT_ASKPASS_EXTRA_ARGS': '', 'PWD': '/home/huangbo/ros2_learn/tongxun_learn/build/py03_acton', 'COPILOT_DEBUG_NONCE': '0eaae38a08eb9b17f52bd7ed955eaf75', 'SSH_CONNECTION': '192.168.91.1 2349 192.168.91.129 22', 'XDG_DATA_DIRS': '/usr/share/gnome:/usr/local/share:/usr/share:/var/lib/snapd/desktop', 'PYTHONPATH': '/home/huangbo/ros2_learn/tongxun_learn/build/py03_acton/prefix_override:/usr/lib/python3/dist-packages/colcon_core/task/python/colcon_distutils_commands:/home/huangbo/ros2_learn/tongxun_learn/install/py03_acton/lib/python3.12/site-packages:/home/huangbo/ros2_learn/tongxun_learn/install/student_interfaces/lib/python3.12/site-packages:/opt/ros/jazzy/opt/gz_math_vendor/lib/python:/opt/ros/jazzy/lib/python3.12/site-packages', 'COLCON': '1', 'CMAKE_PREFIX_PATH': '/home/huangbo/ros2_learn/tongxun_learn/install/student_interfaces:/opt/ros/jazzy/opt/gz_math_vendor:/opt/ros/jazzy/opt/gz_utils_vendor:/opt/ros/jazzy/opt/gz_cmake_vendor'}), 'shell': False}
[6.913191] (py01_topic) StdoutLine: {'line': b"removing '/home/huangbo/ros2_learn/tongxun_learn/install/py01_topic/lib/python3.12/site-packages/py01_topic-0.0.0-py3.12.egg-info' (and everything under it)\n"}
[6.914122] (py01_topic) StdoutLine: {'line': b'Copying ../../build/py01_topic/py01_topic.egg-info to /home/huangbo/ros2_learn/tongxun_learn/install/py01_topic/lib/python3.12/site-packages/py01_topic-0.0.0-py3.12.egg-info\n'}
[6.916696] (py01_topic) StdoutLine: {'line': b'running install_scripts\n'}
[6.977604] (-) TimerEvent: {}
[7.059121] (py01_topic) StdoutLine: {'line': b'Installing addints_client_py script to /home/huangbo/ros2_learn/tongxun_learn/install/py01_topic/lib/py01_topic\n'}
[7.059484] (py01_topic) StdoutLine: {'line': b'Installing addints_server_py script to /home/huangbo/ros2_learn/tongxun_learn/install/py01_topic/lib/py01_topic\n'}
[7.060396] (py01_topic) StdoutLine: {'line': b'Installing demo01_talker_str_py script to /home/huangbo/ros2_learn/tongxun_learn/install/py01_topic/lib/py01_topic\n'}
[7.062144] (py01_topic) StdoutLine: {'line': b'Installing demo02_listener_str_py script to /home/huangbo/ros2_learn/tongxun_learn/install/py01_topic/lib/py01_topic\n'}
[7.064007] (py01_topic) StdoutLine: {'line': b'Installing student_listener_py script to /home/huangbo/ros2_learn/tongxun_learn/install/py01_topic/lib/py01_topic\n'}
[7.066049] (py01_topic) StdoutLine: {'line': b'Installing student_talker_py script to /home/huangbo/ros2_learn/tongxun_learn/install/py01_topic/lib/py01_topic\n'}
[7.068443] (py01_topic) StdoutLine: {'line': b"writing list of installed files to '/home/huangbo/ros2_learn/tongxun_learn/build/py01_topic/install.log'\n"}
[7.078263] (-) TimerEvent: {}
[7.125777] (py01_topic) CommandEnded: {'returncode': 0}
[7.137351] (py01_topic) JobEnded: {'identifier': 'py01_topic', 'rc': 0}
[7.178990] (-) TimerEvent: {}
[7.226053] (py03_acton) StdoutLine: {'line': b'running egg_info\n'}
[7.246056] (py03_acton) StdoutLine: {'line': b'writing ../../build/py03_acton/py03_acton.egg-info/PKG-INFO\n'}
[7.246920] (py03_acton) StdoutLine: {'line': b'writing dependency_links to ../../build/py03_acton/py03_acton.egg-info/dependency_links.txt\n'}
[7.247482] (py03_acton) StdoutLine: {'line': b'writing entry points to ../../build/py03_acton/py03_acton.egg-info/entry_points.txt\n'}
[7.248023] (py03_acton) StdoutLine: {'line': b'writing requirements to ../../build/py03_acton/py03_acton.egg-info/requires.txt\n'}
[7.248483] (py03_acton) StdoutLine: {'line': b'writing top-level names to ../../build/py03_acton/py03_acton.egg-info/top_level.txt\n'}
[7.279714] (-) TimerEvent: {}
[7.288705] (py03_acton) StdoutLine: {'line': b"reading manifest file '../../build/py03_acton/py03_acton.egg-info/SOURCES.txt'\n"}
[7.290025] (py03_acton) StdoutLine: {'line': b"writing manifest file '../../build/py03_acton/py03_acton.egg-info/SOURCES.txt'\n"}
[7.290423] (py03_acton) StdoutLine: {'line': b'running build\n'}
[7.290884] (py03_acton) StdoutLine: {'line': b'running build_py\n'}
[7.291286] (py03_acton) StdoutLine: {'line': b'running install\n'}
[7.297550] (py03_acton) StdoutLine: {'line': b'running install_lib\n'}
[7.341507] (py03_acton) StdoutLine: {'line': b'running install_data\n'}
[7.342259] (py03_acton) StdoutLine: {'line': b'running install_egg_info\n'}
[7.376167] (py03_acton) StdoutLine: {'line': b"removing '/home/huangbo/ros2_learn/tongxun_learn/install/py03_acton/lib/python3.12/site-packages/py03_acton-0.0.0-py3.12.egg-info' (and everything under it)\n"}
[7.379060] (py03_acton) StdoutLine: {'line': b'Copying ../../build/py03_acton/py03_acton.egg-info to /home/huangbo/ros2_learn/tongxun_learn/install/py03_acton/lib/python3.12/site-packages/py03_acton-0.0.0-py3.12.egg-info\n'}
[7.379217] (py03_acton) StdoutLine: {'line': b'running install_scripts\n'}
[7.379963] (-) TimerEvent: {}
[7.480902] (-) TimerEvent: {}
[7.542082] (py03_acton) StdoutLine: {'line': b'Installing demo_action_client_py script to /home/huangbo/ros2_learn/tongxun_learn/install/py03_acton/lib/py03_acton\n'}
[7.542378] (py03_acton) StdoutLine: {'line': b'Installing demo_action_server_py script to /home/huangbo/ros2_learn/tongxun_learn/install/py03_acton/lib/py03_acton\n'}
[7.543597] (py03_acton) StdoutLine: {'line': b"writing list of installed files to '/home/huangbo/ros2_learn/tongxun_learn/build/py03_acton/install.log'\n"}
[7.581317] (-) TimerEvent: {}
[7.610775] (py03_acton) CommandEnded: {'returncode': 0}
[7.620575] (py03_acton) JobEnded: {'identifier': 'py03_acton', 'rc': 0}
[7.622383] (-) EventReactorShutdown: {}
