[0.151s] DEBUG:colcon:Command line arguments: ['/usr/bin/colcon', 'build']
[0.151s] DEBUG:colcon:Parsed command line arguments: Namespace(log_base=None, log_level=None, verb_name='build', build_base='build', install_base='install', merge_install=False, symlink_install=False, test_result_base=None, continue_on_error=False, executor='parallel', parallel_workers=2, event_handlers=None, ignore_user_meta=False, metas=['./colcon.meta'], base_paths=['.'], packages_ignore=None, packages_ignore_regex=None, paths=None, packages_up_to=None, packages_up_to_regex=None, packages_above=None, packages_above_and_dependencies=None, packages_above_depth=None, packages_select_by_dep=None, packages_skip_by_dep=None, packages_skip_up_to=None, packages_select_build_failed=False, packages_skip_build_finished=False, packages_select_test_failures=False, packages_skip_test_passed=False, packages_select=None, packages_skip=None, packages_select_regex=None, packages_skip_regex=None, packages_start=None, packages_end=None, allow_overriding=[], cmake_args=None, cmake_target=None, cmake_target_skip_unavailable=False, cmake_clean_cache=False, cmake_clean_first=False, cmake_force_configure=False, ament_cmake_args=None, catkin_cmake_args=None, catkin_skip_building_tests=False, mixin_files=None, mixin=None, verb_parser=<colcon_mixin.mixin.mixin_argument.MixinArgumentDecorator object at 0x7eea9abad2e0>, verb_extension=<colcon_core.verb.build.BuildVerb object at 0x7eea9ab29910>, main=<bound method BuildVerb.main of <colcon_core.verb.build.BuildVerb object at 0x7eea9ab29910>>, mixin_verb=('build',))
[0.196s] Level 1:colcon.colcon_core.package_discovery:discover_packages(colcon_meta) check parameters
[0.196s] Level 1:colcon.colcon_core.package_discovery:discover_packages(recursive) check parameters
[0.196s] Level 1:colcon.colcon_core.package_discovery:discover_packages(ignore) check parameters
[0.197s] Level 1:colcon.colcon_core.package_discovery:discover_packages(path) check parameters
[0.197s] Level 1:colcon.colcon_core.package_discovery:discover_packages(colcon_meta) discover
[0.197s] Level 1:colcon.colcon_core.package_discovery:discover_packages(recursive) discover
[0.197s] INFO:colcon.colcon_core.package_discovery:Crawling recursively for packages in '/home/huangbo/ros2_learn/tongxun_learn'
[0.197s] Level 1:colcon.colcon_core.package_identification:_identify(.) by extensions ['ignore', 'ignore_ament_install']
[0.197s] Level 1:colcon.colcon_core.package_identification:_identify(.) by extension 'ignore'
[0.197s] Level 1:colcon.colcon_core.package_identification:_identify(.) by extension 'ignore_ament_install'
[0.197s] Level 1:colcon.colcon_core.package_identification:_identify(.) by extensions ['colcon_pkg']
[0.197s] Level 1:colcon.colcon_core.package_identification:_identify(.) by extension 'colcon_pkg'
[0.197s] Level 1:colcon.colcon_core.package_identification:_identify(.) by extensions ['colcon_meta']
[0.197s] Level 1:colcon.colcon_core.package_identification:_identify(.) by extension 'colcon_meta'
[0.197s] Level 1:colcon.colcon_core.package_identification:_identify(.) by extensions ['ros']
[0.197s] Level 1:colcon.colcon_core.package_identification:_identify(.) by extension 'ros'
[0.233s] Level 1:colcon.colcon_core.package_identification:_identify(.) by extensions ['cmake', 'python']
[0.233s] Level 1:colcon.colcon_core.package_identification:_identify(.) by extension 'cmake'
[0.233s] Level 1:colcon.colcon_core.package_identification:_identify(.) by extension 'python'
[0.233s] Level 1:colcon.colcon_core.package_identification:_identify(.) by extensions ['python_setup_py']
[0.233s] Level 1:colcon.colcon_core.package_identification:_identify(.) by extension 'python_setup_py'
[0.233s] Level 1:colcon.colcon_core.package_identification:_identify(build) by extensions ['ignore', 'ignore_ament_install']
[0.234s] Level 1:colcon.colcon_core.package_identification:_identify(build) by extension 'ignore'
[0.234s] Level 1:colcon.colcon_core.package_identification:_identify(build) ignored
[0.234s] Level 1:colcon.colcon_core.package_identification:_identify(install) by extensions ['ignore', 'ignore_ament_install']
[0.234s] Level 1:colcon.colcon_core.package_identification:_identify(install) by extension 'ignore'
[0.234s] Level 1:colcon.colcon_core.package_identification:_identify(install) ignored
[0.234s] Level 1:colcon.colcon_core.package_identification:_identify(log) by extensions ['ignore', 'ignore_ament_install']
[0.234s] Level 1:colcon.colcon_core.package_identification:_identify(log) by extension 'ignore'
[0.235s] Level 1:colcon.colcon_core.package_identification:_identify(log) ignored
[0.235s] Level 1:colcon.colcon_core.package_identification:_identify(src) by extensions ['ignore', 'ignore_ament_install']
[0.235s] Level 1:colcon.colcon_core.package_identification:_identify(src) by extension 'ignore'
[0.235s] Level 1:colcon.colcon_core.package_identification:_identify(src) by extension 'ignore_ament_install'
[0.235s] Level 1:colcon.colcon_core.package_identification:_identify(src) by extensions ['colcon_pkg']
[0.235s] Level 1:colcon.colcon_core.package_identification:_identify(src) by extension 'colcon_pkg'
[0.235s] Level 1:colcon.colcon_core.package_identification:_identify(src) by extensions ['colcon_meta']
[0.235s] Level 1:colcon.colcon_core.package_identification:_identify(src) by extension 'colcon_meta'
[0.235s] Level 1:colcon.colcon_core.package_identification:_identify(src) by extensions ['ros']
[0.235s] Level 1:colcon.colcon_core.package_identification:_identify(src) by extension 'ros'
[0.236s] Level 1:colcon.colcon_core.package_identification:_identify(src) by extensions ['cmake', 'python']
[0.236s] Level 1:colcon.colcon_core.package_identification:_identify(src) by extension 'cmake'
[0.236s] Level 1:colcon.colcon_core.package_identification:_identify(src) by extension 'python'
[0.236s] Level 1:colcon.colcon_core.package_identification:_identify(src) by extensions ['python_setup_py']
[0.236s] Level 1:colcon.colcon_core.package_identification:_identify(src) by extension 'python_setup_py'
[0.236s] Level 1:colcon.colcon_core.package_identification:_identify(src/base_tongxun_s) by extensions ['ignore', 'ignore_ament_install']
[0.236s] Level 1:colcon.colcon_core.package_identification:_identify(src/base_tongxun_s) by extension 'ignore'
[0.236s] Level 1:colcon.colcon_core.package_identification:_identify(src/base_tongxun_s) by extension 'ignore_ament_install'
[0.236s] Level 1:colcon.colcon_core.package_identification:_identify(src/base_tongxun_s) by extensions ['colcon_pkg']
[0.236s] Level 1:colcon.colcon_core.package_identification:_identify(src/base_tongxun_s) by extension 'colcon_pkg'
[0.236s] Level 1:colcon.colcon_core.package_identification:_identify(src/base_tongxun_s) by extensions ['colcon_meta']
[0.236s] Level 1:colcon.colcon_core.package_identification:_identify(src/base_tongxun_s) by extension 'colcon_meta'
[0.236s] Level 1:colcon.colcon_core.package_identification:_identify(src/base_tongxun_s) by extensions ['ros']
[0.236s] Level 1:colcon.colcon_core.package_identification:_identify(src/base_tongxun_s) by extension 'ros'
[0.242s] DEBUG:colcon.colcon_core.package_identification:Package 'src/base_tongxun_s' with type 'ros.ament_python' and name 'base_tongxun_s'
[0.242s] Level 1:colcon.colcon_core.package_identification:_identify(src/build) by extensions ['ignore', 'ignore_ament_install']
[0.242s] Level 1:colcon.colcon_core.package_identification:_identify(src/build) by extension 'ignore'
[0.242s] Level 1:colcon.colcon_core.package_identification:_identify(src/build) ignored
[0.242s] Level 1:colcon.colcon_core.package_identification:_identify(src/install) by extensions ['ignore', 'ignore_ament_install']
[0.243s] Level 1:colcon.colcon_core.package_identification:_identify(src/install) by extension 'ignore'
[0.243s] Level 1:colcon.colcon_core.package_identification:_identify(src/install) ignored
[0.243s] Level 1:colcon.colcon_core.package_identification:_identify(src/log) by extensions ['ignore', 'ignore_ament_install']
[0.243s] Level 1:colcon.colcon_core.package_identification:_identify(src/log) by extension 'ignore'
[0.243s] Level 1:colcon.colcon_core.package_identification:_identify(src/log) ignored
[0.243s] Level 1:colcon.colcon_core.package_identification:_identify(src/py01_topic) by extensions ['ignore', 'ignore_ament_install']
[0.243s] Level 1:colcon.colcon_core.package_identification:_identify(src/py01_topic) by extension 'ignore'
[0.243s] Level 1:colcon.colcon_core.package_identification:_identify(src/py01_topic) by extension 'ignore_ament_install'
[0.243s] Level 1:colcon.colcon_core.package_identification:_identify(src/py01_topic) by extensions ['colcon_pkg']
[0.244s] Level 1:colcon.colcon_core.package_identification:_identify(src/py01_topic) by extension 'colcon_pkg'
[0.244s] Level 1:colcon.colcon_core.package_identification:_identify(src/py01_topic) by extensions ['colcon_meta']
[0.244s] Level 1:colcon.colcon_core.package_identification:_identify(src/py01_topic) by extension 'colcon_meta'
[0.244s] Level 1:colcon.colcon_core.package_identification:_identify(src/py01_topic) by extensions ['ros']
[0.244s] Level 1:colcon.colcon_core.package_identification:_identify(src/py01_topic) by extension 'ros'
[0.244s] DEBUG:colcon.colcon_core.package_identification:Package 'src/py01_topic' with type 'ros.ament_python' and name 'py01_topic'
[0.245s] Level 1:colcon.colcon_core.package_identification:_identify(src/py02_service) by extensions ['ignore', 'ignore_ament_install']
[0.245s] Level 1:colcon.colcon_core.package_identification:_identify(src/py02_service) by extension 'ignore'
[0.245s] Level 1:colcon.colcon_core.package_identification:_identify(src/py02_service) by extension 'ignore_ament_install'
[0.245s] Level 1:colcon.colcon_core.package_identification:_identify(src/py02_service) by extensions ['colcon_pkg']
[0.245s] Level 1:colcon.colcon_core.package_identification:_identify(src/py02_service) by extension 'colcon_pkg'
[0.245s] Level 1:colcon.colcon_core.package_identification:_identify(src/py02_service) by extensions ['colcon_meta']
[0.245s] Level 1:colcon.colcon_core.package_identification:_identify(src/py02_service) by extension 'colcon_meta'
[0.245s] Level 1:colcon.colcon_core.package_identification:_identify(src/py02_service) by extensions ['ros']
[0.245s] Level 1:colcon.colcon_core.package_identification:_identify(src/py02_service) by extension 'ros'
[0.245s] DEBUG:colcon.colcon_core.package_identification:Package 'src/py02_service' with type 'ros.ament_python' and name 'py02_service'
[0.246s] Level 1:colcon.colcon_core.package_identification:_identify(src/py02_service_my) by extensions ['ignore', 'ignore_ament_install']
[0.246s] Level 1:colcon.colcon_core.package_identification:_identify(src/py02_service_my) by extension 'ignore'
[0.246s] Level 1:colcon.colcon_core.package_identification:_identify(src/py02_service_my) by extension 'ignore_ament_install'
[0.246s] Level 1:colcon.colcon_core.package_identification:_identify(src/py02_service_my) by extensions ['colcon_pkg']
[0.246s] Level 1:colcon.colcon_core.package_identification:_identify(src/py02_service_my) by extension 'colcon_pkg'
[0.246s] Level 1:colcon.colcon_core.package_identification:_identify(src/py02_service_my) by extensions ['colcon_meta']
[0.246s] Level 1:colcon.colcon_core.package_identification:_identify(src/py02_service_my) by extension 'colcon_meta'
[0.246s] Level 1:colcon.colcon_core.package_identification:_identify(src/py02_service_my) by extensions ['ros']
[0.246s] Level 1:colcon.colcon_core.package_identification:_identify(src/py02_service_my) by extension 'ros'
[0.246s] DEBUG:colcon.colcon_core.package_identification:Package 'src/py02_service_my' with type 'ros.ament_python' and name 'py02_service_my'
[0.247s] Level 1:colcon.colcon_core.package_identification:_identify(src/py03_acton) by extensions ['ignore', 'ignore_ament_install']
[0.247s] Level 1:colcon.colcon_core.package_identification:_identify(src/py03_acton) by extension 'ignore'
[0.247s] Level 1:colcon.colcon_core.package_identification:_identify(src/py03_acton) by extension 'ignore_ament_install'
[0.247s] Level 1:colcon.colcon_core.package_identification:_identify(src/py03_acton) by extensions ['colcon_pkg']
[0.247s] Level 1:colcon.colcon_core.package_identification:_identify(src/py03_acton) by extension 'colcon_pkg'
[0.247s] Level 1:colcon.colcon_core.package_identification:_identify(src/py03_acton) by extensions ['colcon_meta']
[0.247s] Level 1:colcon.colcon_core.package_identification:_identify(src/py03_acton) by extension 'colcon_meta'
[0.247s] Level 1:colcon.colcon_core.package_identification:_identify(src/py03_acton) by extensions ['ros']
[0.247s] Level 1:colcon.colcon_core.package_identification:_identify(src/py03_acton) by extension 'ros'
[0.248s] DEBUG:colcon.colcon_core.package_identification:Package 'src/py03_acton' with type 'ros.ament_python' and name 'py03_acton'
[0.248s] Level 1:colcon.colcon_core.package_identification:_identify(src/py04_param) by extensions ['ignore', 'ignore_ament_install']
[0.248s] Level 1:colcon.colcon_core.package_identification:_identify(src/py04_param) by extension 'ignore'
[0.248s] Level 1:colcon.colcon_core.package_identification:_identify(src/py04_param) by extension 'ignore_ament_install'
[0.248s] Level 1:colcon.colcon_core.package_identification:_identify(src/py04_param) by extensions ['colcon_pkg']
[0.248s] Level 1:colcon.colcon_core.package_identification:_identify(src/py04_param) by extension 'colcon_pkg'
[0.248s] Level 1:colcon.colcon_core.package_identification:_identify(src/py04_param) by extensions ['colcon_meta']
[0.248s] Level 1:colcon.colcon_core.package_identification:_identify(src/py04_param) by extension 'colcon_meta'
[0.248s] Level 1:colcon.colcon_core.package_identification:_identify(src/py04_param) by extensions ['ros']
[0.249s] Level 1:colcon.colcon_core.package_identification:_identify(src/py04_param) by extension 'ros'
[0.249s] DEBUG:colcon.colcon_core.package_identification:Package 'src/py04_param' with type 'ros.ament_python' and name 'py04_param'
[0.249s] Level 1:colcon.colcon_core.package_identification:_identify(src/py05_time) by extensions ['ignore', 'ignore_ament_install']
[0.249s] Level 1:colcon.colcon_core.package_identification:_identify(src/py05_time) by extension 'ignore'
[0.249s] Level 1:colcon.colcon_core.package_identification:_identify(src/py05_time) by extension 'ignore_ament_install'
[0.249s] Level 1:colcon.colcon_core.package_identification:_identify(src/py05_time) by extensions ['colcon_pkg']
[0.249s] Level 1:colcon.colcon_core.package_identification:_identify(src/py05_time) by extension 'colcon_pkg'
[0.249s] Level 1:colcon.colcon_core.package_identification:_identify(src/py05_time) by extensions ['colcon_meta']
[0.249s] Level 1:colcon.colcon_core.package_identification:_identify(src/py05_time) by extension 'colcon_meta'
[0.249s] Level 1:colcon.colcon_core.package_identification:_identify(src/py05_time) by extensions ['ros']
[0.249s] Level 1:colcon.colcon_core.package_identification:_identify(src/py05_time) by extension 'ros'
[0.250s] DEBUG:colcon.colcon_core.package_identification:Package 'src/py05_time' with type 'ros.ament_python' and name 'py05_time'
[0.250s] Level 1:colcon.colcon_core.package_identification:_identify(src/py06_lianxi) by extensions ['ignore', 'ignore_ament_install']
[0.250s] Level 1:colcon.colcon_core.package_identification:_identify(src/py06_lianxi) by extension 'ignore'
[0.250s] Level 1:colcon.colcon_core.package_identification:_identify(src/py06_lianxi) by extension 'ignore_ament_install'
[0.250s] Level 1:colcon.colcon_core.package_identification:_identify(src/py06_lianxi) by extensions ['colcon_pkg']
[0.250s] Level 1:colcon.colcon_core.package_identification:_identify(src/py06_lianxi) by extension 'colcon_pkg'
[0.250s] Level 1:colcon.colcon_core.package_identification:_identify(src/py06_lianxi) by extensions ['colcon_meta']
[0.251s] Level 1:colcon.colcon_core.package_identification:_identify(src/py06_lianxi) by extension 'colcon_meta'
[0.251s] Level 1:colcon.colcon_core.package_identification:_identify(src/py06_lianxi) by extensions ['ros']
[0.251s] Level 1:colcon.colcon_core.package_identification:_identify(src/py06_lianxi) by extension 'ros'
[0.251s] DEBUG:colcon.colcon_core.package_identification:Package 'src/py06_lianxi' with type 'ros.ament_python' and name 'py06_lianxi'
[0.251s] Level 1:colcon.colcon_core.package_identification:_identify(src/py07_jx) by extensions ['ignore', 'ignore_ament_install']
[0.251s] Level 1:colcon.colcon_core.package_identification:_identify(src/py07_jx) by extension 'ignore'
[0.251s] Level 1:colcon.colcon_core.package_identification:_identify(src/py07_jx) by extension 'ignore_ament_install'
[0.251s] Level 1:colcon.colcon_core.package_identification:_identify(src/py07_jx) by extensions ['colcon_pkg']
[0.251s] Level 1:colcon.colcon_core.package_identification:_identify(src/py07_jx) by extension 'colcon_pkg'
[0.252s] Level 1:colcon.colcon_core.package_identification:_identify(src/py07_jx) by extensions ['colcon_meta']
[0.252s] Level 1:colcon.colcon_core.package_identification:_identify(src/py07_jx) by extension 'colcon_meta'
[0.252s] Level 1:colcon.colcon_core.package_identification:_identify(src/py07_jx) by extensions ['ros']
[0.252s] Level 1:colcon.colcon_core.package_identification:_identify(src/py07_jx) by extension 'ros'
[0.252s] DEBUG:colcon.colcon_core.package_identification:Package 'src/py07_jx' with type 'ros.ament_python' and name 'py07_jx'
[0.252s] Level 1:colcon.colcon_core.package_identification:_identify(src/student_interfaces) by extensions ['ignore', 'ignore_ament_install']
[0.253s] Level 1:colcon.colcon_core.package_identification:_identify(src/student_interfaces) by extension 'ignore'
[0.253s] Level 1:colcon.colcon_core.package_identification:_identify(src/student_interfaces) by extension 'ignore_ament_install'
[0.253s] Level 1:colcon.colcon_core.package_identification:_identify(src/student_interfaces) by extensions ['colcon_pkg']
[0.253s] Level 1:colcon.colcon_core.package_identification:_identify(src/student_interfaces) by extension 'colcon_pkg'
[0.253s] Level 1:colcon.colcon_core.package_identification:_identify(src/student_interfaces) by extensions ['colcon_meta']
[0.253s] Level 1:colcon.colcon_core.package_identification:_identify(src/student_interfaces) by extension 'colcon_meta'
[0.253s] Level 1:colcon.colcon_core.package_identification:_identify(src/student_interfaces) by extensions ['ros']
[0.253s] Level 1:colcon.colcon_core.package_identification:_identify(src/student_interfaces) by extension 'ros'
[0.253s] DEBUG:colcon.colcon_core.package_identification:Package 'src/student_interfaces' with type 'ros.ament_cmake' and name 'student_interfaces'
[0.253s] Level 1:colcon.colcon_core.package_discovery:discover_packages(recursive) using defaults
[0.253s] Level 1:colcon.colcon_core.package_discovery:discover_packages(ignore) discover
[0.253s] Level 1:colcon.colcon_core.package_discovery:discover_packages(ignore) using defaults
[0.253s] Level 1:colcon.colcon_core.package_discovery:discover_packages(path) discover
[0.253s] Level 1:colcon.colcon_core.package_discovery:discover_packages(path) using defaults
[0.277s] Level 1:colcon.colcon_core.package_discovery:discover_packages(prefix_path) check parameters
[0.277s] Level 1:colcon.colcon_core.package_discovery:discover_packages(prefix_path) discover
[0.280s] DEBUG:colcon.colcon_installed_package_information.package_discovery:Found 10 installed packages in /home/huangbo/ros2_learn/tongxun_learn/install
[0.282s] DEBUG:colcon.colcon_installed_package_information.package_discovery:Found 287 installed packages in /opt/ros/jazzy
[0.283s] Level 1:colcon.colcon_core.package_discovery:discover_packages(prefix_path) using defaults
[0.326s] Level 5:colcon.colcon_core.verb:set package 'base_tongxun_s' build argument 'cmake_args' from command line to 'None'
[0.326s] Level 5:colcon.colcon_core.verb:set package 'base_tongxun_s' build argument 'cmake_target' from command line to 'None'
[0.326s] Level 5:colcon.colcon_core.verb:set package 'base_tongxun_s' build argument 'cmake_target_skip_unavailable' from command line to 'False'
[0.326s] Level 5:colcon.colcon_core.verb:set package 'base_tongxun_s' build argument 'cmake_clean_cache' from command line to 'False'
[0.326s] Level 5:colcon.colcon_core.verb:set package 'base_tongxun_s' build argument 'cmake_clean_first' from command line to 'False'
[0.326s] Level 5:colcon.colcon_core.verb:set package 'base_tongxun_s' build argument 'cmake_force_configure' from command line to 'False'
[0.326s] Level 5:colcon.colcon_core.verb:set package 'base_tongxun_s' build argument 'ament_cmake_args' from command line to 'None'
[0.326s] Level 5:colcon.colcon_core.verb:set package 'base_tongxun_s' build argument 'catkin_cmake_args' from command line to 'None'
[0.326s] Level 5:colcon.colcon_core.verb:set package 'base_tongxun_s' build argument 'catkin_skip_building_tests' from command line to 'False'
[0.326s] DEBUG:colcon.colcon_core.verb:Building package 'base_tongxun_s' with the following arguments: {'ament_cmake_args': None, 'build_base': '/home/huangbo/ros2_learn/tongxun_learn/build/base_tongxun_s', 'catkin_cmake_args': None, 'catkin_skip_building_tests': False, 'cmake_args': None, 'cmake_clean_cache': False, 'cmake_clean_first': False, 'cmake_force_configure': False, 'cmake_target': None, 'cmake_target_skip_unavailable': False, 'install_base': '/home/huangbo/ros2_learn/tongxun_learn/install/base_tongxun_s', 'merge_install': False, 'path': '/home/huangbo/ros2_learn/tongxun_learn/src/base_tongxun_s', 'symlink_install': False, 'test_result_base': None}
[0.326s] Level 5:colcon.colcon_core.verb:set package 'py02_service' build argument 'cmake_args' from command line to 'None'
[0.326s] Level 5:colcon.colcon_core.verb:set package 'py02_service' build argument 'cmake_target' from command line to 'None'
[0.326s] Level 5:colcon.colcon_core.verb:set package 'py02_service' build argument 'cmake_target_skip_unavailable' from command line to 'False'
[0.326s] Level 5:colcon.colcon_core.verb:set package 'py02_service' build argument 'cmake_clean_cache' from command line to 'False'
[0.326s] Level 5:colcon.colcon_core.verb:set package 'py02_service' build argument 'cmake_clean_first' from command line to 'False'
[0.326s] Level 5:colcon.colcon_core.verb:set package 'py02_service' build argument 'cmake_force_configure' from command line to 'False'
[0.326s] Level 5:colcon.colcon_core.verb:set package 'py02_service' build argument 'ament_cmake_args' from command line to 'None'
[0.326s] Level 5:colcon.colcon_core.verb:set package 'py02_service' build argument 'catkin_cmake_args' from command line to 'None'
[0.326s] Level 5:colcon.colcon_core.verb:set package 'py02_service' build argument 'catkin_skip_building_tests' from command line to 'False'
[0.326s] DEBUG:colcon.colcon_core.verb:Building package 'py02_service' with the following arguments: {'ament_cmake_args': None, 'build_base': '/home/huangbo/ros2_learn/tongxun_learn/build/py02_service', 'catkin_cmake_args': None, 'catkin_skip_building_tests': False, 'cmake_args': None, 'cmake_clean_cache': False, 'cmake_clean_first': False, 'cmake_force_configure': False, 'cmake_target': None, 'cmake_target_skip_unavailable': False, 'install_base': '/home/huangbo/ros2_learn/tongxun_learn/install/py02_service', 'merge_install': False, 'path': '/home/huangbo/ros2_learn/tongxun_learn/src/py02_service', 'symlink_install': False, 'test_result_base': None}
[0.327s] Level 5:colcon.colcon_core.verb:set package 'py02_service_my' build argument 'cmake_args' from command line to 'None'
[0.327s] Level 5:colcon.colcon_core.verb:set package 'py02_service_my' build argument 'cmake_target' from command line to 'None'
[0.327s] Level 5:colcon.colcon_core.verb:set package 'py02_service_my' build argument 'cmake_target_skip_unavailable' from command line to 'False'
[0.327s] Level 5:colcon.colcon_core.verb:set package 'py02_service_my' build argument 'cmake_clean_cache' from command line to 'False'
[0.327s] Level 5:colcon.colcon_core.verb:set package 'py02_service_my' build argument 'cmake_clean_first' from command line to 'False'
[0.327s] Level 5:colcon.colcon_core.verb:set package 'py02_service_my' build argument 'cmake_force_configure' from command line to 'False'
[0.327s] Level 5:colcon.colcon_core.verb:set package 'py02_service_my' build argument 'ament_cmake_args' from command line to 'None'
[0.327s] Level 5:colcon.colcon_core.verb:set package 'py02_service_my' build argument 'catkin_cmake_args' from command line to 'None'
[0.327s] Level 5:colcon.colcon_core.verb:set package 'py02_service_my' build argument 'catkin_skip_building_tests' from command line to 'False'
[0.327s] DEBUG:colcon.colcon_core.verb:Building package 'py02_service_my' with the following arguments: {'ament_cmake_args': None, 'build_base': '/home/huangbo/ros2_learn/tongxun_learn/build/py02_service_my', 'catkin_cmake_args': None, 'catkin_skip_building_tests': False, 'cmake_args': None, 'cmake_clean_cache': False, 'cmake_clean_first': False, 'cmake_force_configure': False, 'cmake_target': None, 'cmake_target_skip_unavailable': False, 'install_base': '/home/huangbo/ros2_learn/tongxun_learn/install/py02_service_my', 'merge_install': False, 'path': '/home/huangbo/ros2_learn/tongxun_learn/src/py02_service_my', 'symlink_install': False, 'test_result_base': None}
[0.327s] Level 5:colcon.colcon_core.verb:set package 'py04_param' build argument 'cmake_args' from command line to 'None'
[0.327s] Level 5:colcon.colcon_core.verb:set package 'py04_param' build argument 'cmake_target' from command line to 'None'
[0.327s] Level 5:colcon.colcon_core.verb:set package 'py04_param' build argument 'cmake_target_skip_unavailable' from command line to 'False'
[0.327s] Level 5:colcon.colcon_core.verb:set package 'py04_param' build argument 'cmake_clean_cache' from command line to 'False'
[0.327s] Level 5:colcon.colcon_core.verb:set package 'py04_param' build argument 'cmake_clean_first' from command line to 'False'
[0.327s] Level 5:colcon.colcon_core.verb:set package 'py04_param' build argument 'cmake_force_configure' from command line to 'False'
[0.327s] Level 5:colcon.colcon_core.verb:set package 'py04_param' build argument 'ament_cmake_args' from command line to 'None'
[0.327s] Level 5:colcon.colcon_core.verb:set package 'py04_param' build argument 'catkin_cmake_args' from command line to 'None'
[0.327s] Level 5:colcon.colcon_core.verb:set package 'py04_param' build argument 'catkin_skip_building_tests' from command line to 'False'
[0.327s] DEBUG:colcon.colcon_core.verb:Building package 'py04_param' with the following arguments: {'ament_cmake_args': None, 'build_base': '/home/huangbo/ros2_learn/tongxun_learn/build/py04_param', 'catkin_cmake_args': None, 'catkin_skip_building_tests': False, 'cmake_args': None, 'cmake_clean_cache': False, 'cmake_clean_first': False, 'cmake_force_configure': False, 'cmake_target': None, 'cmake_target_skip_unavailable': False, 'install_base': '/home/huangbo/ros2_learn/tongxun_learn/install/py04_param', 'merge_install': False, 'path': '/home/huangbo/ros2_learn/tongxun_learn/src/py04_param', 'symlink_install': False, 'test_result_base': None}
[0.328s] Level 5:colcon.colcon_core.verb:set package 'py05_time' build argument 'cmake_args' from command line to 'None'
[0.328s] Level 5:colcon.colcon_core.verb:set package 'py05_time' build argument 'cmake_target' from command line to 'None'
[0.328s] Level 5:colcon.colcon_core.verb:set package 'py05_time' build argument 'cmake_target_skip_unavailable' from command line to 'False'
[0.328s] Level 5:colcon.colcon_core.verb:set package 'py05_time' build argument 'cmake_clean_cache' from command line to 'False'
[0.328s] Level 5:colcon.colcon_core.verb:set package 'py05_time' build argument 'cmake_clean_first' from command line to 'False'
[0.328s] Level 5:colcon.colcon_core.verb:set package 'py05_time' build argument 'cmake_force_configure' from command line to 'False'
[0.328s] Level 5:colcon.colcon_core.verb:set package 'py05_time' build argument 'ament_cmake_args' from command line to 'None'
[0.328s] Level 5:colcon.colcon_core.verb:set package 'py05_time' build argument 'catkin_cmake_args' from command line to 'None'
[0.328s] Level 5:colcon.colcon_core.verb:set package 'py05_time' build argument 'catkin_skip_building_tests' from command line to 'False'
[0.328s] DEBUG:colcon.colcon_core.verb:Building package 'py05_time' with the following arguments: {'ament_cmake_args': None, 'build_base': '/home/huangbo/ros2_learn/tongxun_learn/build/py05_time', 'catkin_cmake_args': None, 'catkin_skip_building_tests': False, 'cmake_args': None, 'cmake_clean_cache': False, 'cmake_clean_first': False, 'cmake_force_configure': False, 'cmake_target': None, 'cmake_target_skip_unavailable': False, 'install_base': '/home/huangbo/ros2_learn/tongxun_learn/install/py05_time', 'merge_install': False, 'path': '/home/huangbo/ros2_learn/tongxun_learn/src/py05_time', 'symlink_install': False, 'test_result_base': None}
[0.328s] Level 5:colcon.colcon_core.verb:set package 'py06_lianxi' build argument 'cmake_args' from command line to 'None'
[0.328s] Level 5:colcon.colcon_core.verb:set package 'py06_lianxi' build argument 'cmake_target' from command line to 'None'
[0.328s] Level 5:colcon.colcon_core.verb:set package 'py06_lianxi' build argument 'cmake_target_skip_unavailable' from command line to 'False'
[0.328s] Level 5:colcon.colcon_core.verb:set package 'py06_lianxi' build argument 'cmake_clean_cache' from command line to 'False'
[0.328s] Level 5:colcon.colcon_core.verb:set package 'py06_lianxi' build argument 'cmake_clean_first' from command line to 'False'
[0.328s] Level 5:colcon.colcon_core.verb:set package 'py06_lianxi' build argument 'cmake_force_configure' from command line to 'False'
[0.328s] Level 5:colcon.colcon_core.verb:set package 'py06_lianxi' build argument 'ament_cmake_args' from command line to 'None'
[0.328s] Level 5:colcon.colcon_core.verb:set package 'py06_lianxi' build argument 'catkin_cmake_args' from command line to 'None'
[0.328s] Level 5:colcon.colcon_core.verb:set package 'py06_lianxi' build argument 'catkin_skip_building_tests' from command line to 'False'
[0.328s] DEBUG:colcon.colcon_core.verb:Building package 'py06_lianxi' with the following arguments: {'ament_cmake_args': None, 'build_base': '/home/huangbo/ros2_learn/tongxun_learn/build/py06_lianxi', 'catkin_cmake_args': None, 'catkin_skip_building_tests': False, 'cmake_args': None, 'cmake_clean_cache': False, 'cmake_clean_first': False, 'cmake_force_configure': False, 'cmake_target': None, 'cmake_target_skip_unavailable': False, 'install_base': '/home/huangbo/ros2_learn/tongxun_learn/install/py06_lianxi', 'merge_install': False, 'path': '/home/huangbo/ros2_learn/tongxun_learn/src/py06_lianxi', 'symlink_install': False, 'test_result_base': None}
[0.329s] Level 5:colcon.colcon_core.verb:set package 'py07_jx' build argument 'cmake_args' from command line to 'None'
[0.329s] Level 5:colcon.colcon_core.verb:set package 'py07_jx' build argument 'cmake_target' from command line to 'None'
[0.329s] Level 5:colcon.colcon_core.verb:set package 'py07_jx' build argument 'cmake_target_skip_unavailable' from command line to 'False'
[0.329s] Level 5:colcon.colcon_core.verb:set package 'py07_jx' build argument 'cmake_clean_cache' from command line to 'False'
[0.329s] Level 5:colcon.colcon_core.verb:set package 'py07_jx' build argument 'cmake_clean_first' from command line to 'False'
[0.329s] Level 5:colcon.colcon_core.verb:set package 'py07_jx' build argument 'cmake_force_configure' from command line to 'False'
[0.329s] Level 5:colcon.colcon_core.verb:set package 'py07_jx' build argument 'ament_cmake_args' from command line to 'None'
[0.329s] Level 5:colcon.colcon_core.verb:set package 'py07_jx' build argument 'catkin_cmake_args' from command line to 'None'
[0.329s] Level 5:colcon.colcon_core.verb:set package 'py07_jx' build argument 'catkin_skip_building_tests' from command line to 'False'
[0.329s] DEBUG:colcon.colcon_core.verb:Building package 'py07_jx' with the following arguments: {'ament_cmake_args': None, 'build_base': '/home/huangbo/ros2_learn/tongxun_learn/build/py07_jx', 'catkin_cmake_args': None, 'catkin_skip_building_tests': False, 'cmake_args': None, 'cmake_clean_cache': False, 'cmake_clean_first': False, 'cmake_force_configure': False, 'cmake_target': None, 'cmake_target_skip_unavailable': False, 'install_base': '/home/huangbo/ros2_learn/tongxun_learn/install/py07_jx', 'merge_install': False, 'path': '/home/huangbo/ros2_learn/tongxun_learn/src/py07_jx', 'symlink_install': False, 'test_result_base': None}
[0.329s] Level 5:colcon.colcon_core.verb:set package 'student_interfaces' build argument 'cmake_args' from command line to 'None'
[0.329s] Level 5:colcon.colcon_core.verb:set package 'student_interfaces' build argument 'cmake_target' from command line to 'None'
[0.329s] Level 5:colcon.colcon_core.verb:set package 'student_interfaces' build argument 'cmake_target_skip_unavailable' from command line to 'False'
[0.329s] Level 5:colcon.colcon_core.verb:set package 'student_interfaces' build argument 'cmake_clean_cache' from command line to 'False'
[0.329s] Level 5:colcon.colcon_core.verb:set package 'student_interfaces' build argument 'cmake_clean_first' from command line to 'False'
[0.329s] Level 5:colcon.colcon_core.verb:set package 'student_interfaces' build argument 'cmake_force_configure' from command line to 'False'
[0.329s] Level 5:colcon.colcon_core.verb:set package 'student_interfaces' build argument 'ament_cmake_args' from command line to 'None'
[0.329s] Level 5:colcon.colcon_core.verb:set package 'student_interfaces' build argument 'catkin_cmake_args' from command line to 'None'
[0.329s] Level 5:colcon.colcon_core.verb:set package 'student_interfaces' build argument 'catkin_skip_building_tests' from command line to 'False'
[0.329s] DEBUG:colcon.colcon_core.verb:Building package 'student_interfaces' with the following arguments: {'ament_cmake_args': None, 'build_base': '/home/huangbo/ros2_learn/tongxun_learn/build/student_interfaces', 'catkin_cmake_args': None, 'catkin_skip_building_tests': False, 'cmake_args': None, 'cmake_clean_cache': False, 'cmake_clean_first': False, 'cmake_force_configure': False, 'cmake_target': None, 'cmake_target_skip_unavailable': False, 'install_base': '/home/huangbo/ros2_learn/tongxun_learn/install/student_interfaces', 'merge_install': False, 'path': '/home/huangbo/ros2_learn/tongxun_learn/src/student_interfaces', 'symlink_install': False, 'test_result_base': None}
[0.330s] Level 5:colcon.colcon_core.verb:set package 'py01_topic' build argument 'cmake_args' from command line to 'None'
[0.330s] Level 5:colcon.colcon_core.verb:set package 'py01_topic' build argument 'cmake_target' from command line to 'None'
[0.330s] Level 5:colcon.colcon_core.verb:set package 'py01_topic' build argument 'cmake_target_skip_unavailable' from command line to 'False'
[0.330s] Level 5:colcon.colcon_core.verb:set package 'py01_topic' build argument 'cmake_clean_cache' from command line to 'False'
[0.330s] Level 5:colcon.colcon_core.verb:set package 'py01_topic' build argument 'cmake_clean_first' from command line to 'False'
[0.330s] Level 5:colcon.colcon_core.verb:set package 'py01_topic' build argument 'cmake_force_configure' from command line to 'False'
[0.330s] Level 5:colcon.colcon_core.verb:set package 'py01_topic' build argument 'ament_cmake_args' from command line to 'None'
[0.330s] Level 5:colcon.colcon_core.verb:set package 'py01_topic' build argument 'catkin_cmake_args' from command line to 'None'
[0.330s] Level 5:colcon.colcon_core.verb:set package 'py01_topic' build argument 'catkin_skip_building_tests' from command line to 'False'
[0.330s] DEBUG:colcon.colcon_core.verb:Building package 'py01_topic' with the following arguments: {'ament_cmake_args': None, 'build_base': '/home/huangbo/ros2_learn/tongxun_learn/build/py01_topic', 'catkin_cmake_args': None, 'catkin_skip_building_tests': False, 'cmake_args': None, 'cmake_clean_cache': False, 'cmake_clean_first': False, 'cmake_force_configure': False, 'cmake_target': None, 'cmake_target_skip_unavailable': False, 'install_base': '/home/huangbo/ros2_learn/tongxun_learn/install/py01_topic', 'merge_install': False, 'path': '/home/huangbo/ros2_learn/tongxun_learn/src/py01_topic', 'symlink_install': False, 'test_result_base': None}
[0.330s] Level 5:colcon.colcon_core.verb:set package 'py03_acton' build argument 'cmake_args' from command line to 'None'
[0.330s] Level 5:colcon.colcon_core.verb:set package 'py03_acton' build argument 'cmake_target' from command line to 'None'
[0.330s] Level 5:colcon.colcon_core.verb:set package 'py03_acton' build argument 'cmake_target_skip_unavailable' from command line to 'False'
[0.330s] Level 5:colcon.colcon_core.verb:set package 'py03_acton' build argument 'cmake_clean_cache' from command line to 'False'
[0.330s] Level 5:colcon.colcon_core.verb:set package 'py03_acton' build argument 'cmake_clean_first' from command line to 'False'
[0.330s] Level 5:colcon.colcon_core.verb:set package 'py03_acton' build argument 'cmake_force_configure' from command line to 'False'
[0.330s] Level 5:colcon.colcon_core.verb:set package 'py03_acton' build argument 'ament_cmake_args' from command line to 'None'
[0.330s] Level 5:colcon.colcon_core.verb:set package 'py03_acton' build argument 'catkin_cmake_args' from command line to 'None'
[0.330s] Level 5:colcon.colcon_core.verb:set package 'py03_acton' build argument 'catkin_skip_building_tests' from command line to 'False'
[0.330s] DEBUG:colcon.colcon_core.verb:Building package 'py03_acton' with the following arguments: {'ament_cmake_args': None, 'build_base': '/home/huangbo/ros2_learn/tongxun_learn/build/py03_acton', 'catkin_cmake_args': None, 'catkin_skip_building_tests': False, 'cmake_args': None, 'cmake_clean_cache': False, 'cmake_clean_first': False, 'cmake_force_configure': False, 'cmake_target': None, 'cmake_target_skip_unavailable': False, 'install_base': '/home/huangbo/ros2_learn/tongxun_learn/install/py03_acton', 'merge_install': False, 'path': '/home/huangbo/ros2_learn/tongxun_learn/src/py03_acton', 'symlink_install': False, 'test_result_base': None}
[0.331s] INFO:colcon.colcon_core.executor:Executing jobs using 'parallel' executor
[0.333s] DEBUG:colcon.colcon_parallel_executor.executor.parallel:run_until_complete
[0.333s] INFO:colcon.colcon_ros.task.ament_cmake.build:Building ROS package in '/home/huangbo/ros2_learn/tongxun_learn/src/student_interfaces' with build type 'ament_cmake'
[0.333s] INFO:colcon.colcon_cmake.task.cmake.build:Building CMake package in '/home/huangbo/ros2_learn/tongxun_learn/src/student_interfaces'
[0.342s] INFO:colcon.colcon_core.plugin_system:Skipping extension 'colcon_core.shell.bat': Not used on non-Windows systems
[0.342s] INFO:colcon.colcon_core.shell:Skip shell extension 'powershell' for command environment: Not usable outside of PowerShell
[0.342s] DEBUG:colcon.colcon_core.shell:Skip shell extension 'dsv' for command environment
[0.349s] INFO:colcon.colcon_ros.task.ament_python.build:Building ROS package in '/home/huangbo/ros2_learn/tongxun_learn/src/base_tongxun_s' with build type 'ament_python'
[0.350s] Level 1:colcon.colcon_core.shell:create_environment_hook('base_tongxun_s', 'ament_prefix_path')
[0.350s] INFO:colcon.colcon_core.shell:Creating environment hook '/home/huangbo/ros2_learn/tongxun_learn/install/base_tongxun_s/share/base_tongxun_s/hook/ament_prefix_path.ps1'
[0.351s] INFO:colcon.colcon_core.shell:Creating environment descriptor '/home/huangbo/ros2_learn/tongxun_learn/install/base_tongxun_s/share/base_tongxun_s/hook/ament_prefix_path.dsv'
[0.352s] INFO:colcon.colcon_core.shell:Creating environment hook '/home/huangbo/ros2_learn/tongxun_learn/install/base_tongxun_s/share/base_tongxun_s/hook/ament_prefix_path.sh'
[0.353s] INFO:colcon.colcon_core.shell:Skip shell extension 'powershell' for command environment: Not usable outside of PowerShell
[0.353s] DEBUG:colcon.colcon_core.shell:Skip shell extension 'dsv' for command environment
[0.363s] DEBUG:colcon.colcon_core.event_handler.log_command:Invoking command in '/home/huangbo/ros2_learn/tongxun_learn/build/student_interfaces': CMAKE_PREFIX_PATH=/home/huangbo/ros2_learn/tongxun_learn/install/py03_acton:/home/huangbo/ros2_learn/tongxun_learn/install/py01_topic:/home/huangbo/ros2_learn/tongxun_learn/install/py07_jx:/home/huangbo/ros2_learn/tongxun_learn/install/py06_lianxi:/home/huangbo/ros2_learn/tongxun_learn/install/py05_time:/home/huangbo/ros2_learn/tongxun_learn/install/py04_param:/home/huangbo/ros2_learn/tongxun_learn/install/py02_service_my:/home/huangbo/ros2_learn/tongxun_learn/install/py02_service:/home/huangbo/ros2_learn/tongxun_learn/install/base_tongxun_s:/opt/ros/jazzy:${CMAKE_PREFIX_PATH} DEBUGINFOD_URLS=https://debuginfod.ubuntu.com /usr/bin/cmake --build /home/huangbo/ros2_learn/tongxun_learn/build/student_interfaces -- -j2 -l2
[0.699s] INFO:colcon.colcon_core.task.python.build:Building Python package in '/home/huangbo/ros2_learn/tongxun_learn/src/base_tongxun_s'
[0.700s] INFO:colcon.colcon_core.shell:Skip shell extension 'powershell' for command environment: Not usable outside of PowerShell
[0.700s] DEBUG:colcon.colcon_core.shell:Skip shell extension 'dsv' for command environment
[1.626s] DEBUG:colcon.colcon_core.event_handler.log_command:Invoked command in '/home/huangbo/ros2_learn/tongxun_learn/build/student_interfaces' returned '0': CMAKE_PREFIX_PATH=/home/huangbo/ros2_learn/tongxun_learn/install/py03_acton:/home/huangbo/ros2_learn/tongxun_learn/install/py01_topic:/home/huangbo/ros2_learn/tongxun_learn/install/py07_jx:/home/huangbo/ros2_learn/tongxun_learn/install/py06_lianxi:/home/huangbo/ros2_learn/tongxun_learn/install/py05_time:/home/huangbo/ros2_learn/tongxun_learn/install/py04_param:/home/huangbo/ros2_learn/tongxun_learn/install/py02_service_my:/home/huangbo/ros2_learn/tongxun_learn/install/py02_service:/home/huangbo/ros2_learn/tongxun_learn/install/base_tongxun_s:/opt/ros/jazzy:${CMAKE_PREFIX_PATH} DEBUGINFOD_URLS=https://debuginfod.ubuntu.com /usr/bin/cmake --build /home/huangbo/ros2_learn/tongxun_learn/build/student_interfaces -- -j2 -l2
[1.646s] DEBUG:colcon.colcon_core.event_handler.log_command:Invoking command in '/home/huangbo/ros2_learn/tongxun_learn/build/student_interfaces': CMAKE_PREFIX_PATH=/home/huangbo/ros2_learn/tongxun_learn/install/py03_acton:/home/huangbo/ros2_learn/tongxun_learn/install/py01_topic:/home/huangbo/ros2_learn/tongxun_learn/install/py07_jx:/home/huangbo/ros2_learn/tongxun_learn/install/py06_lianxi:/home/huangbo/ros2_learn/tongxun_learn/install/py05_time:/home/huangbo/ros2_learn/tongxun_learn/install/py04_param:/home/huangbo/ros2_learn/tongxun_learn/install/py02_service_my:/home/huangbo/ros2_learn/tongxun_learn/install/py02_service:/home/huangbo/ros2_learn/tongxun_learn/install/base_tongxun_s:/opt/ros/jazzy:${CMAKE_PREFIX_PATH} DEBUGINFOD_URLS=https://debuginfod.ubuntu.com /usr/bin/cmake --install /home/huangbo/ros2_learn/tongxun_learn/build/student_interfaces
[1.831s] Level 1:colcon.colcon_core.environment:create_environment_scripts_only(student_interfaces)
[1.832s] DEBUG:colcon.colcon_core.event_handler.log_command:Invoked command in '/home/huangbo/ros2_learn/tongxun_learn/build/student_interfaces' returned '0': CMAKE_PREFIX_PATH=/home/huangbo/ros2_learn/tongxun_learn/install/py03_acton:/home/huangbo/ros2_learn/tongxun_learn/install/py01_topic:/home/huangbo/ros2_learn/tongxun_learn/install/py07_jx:/home/huangbo/ros2_learn/tongxun_learn/install/py06_lianxi:/home/huangbo/ros2_learn/tongxun_learn/install/py05_time:/home/huangbo/ros2_learn/tongxun_learn/install/py04_param:/home/huangbo/ros2_learn/tongxun_learn/install/py02_service_my:/home/huangbo/ros2_learn/tongxun_learn/install/py02_service:/home/huangbo/ros2_learn/tongxun_learn/install/base_tongxun_s:/opt/ros/jazzy:${CMAKE_PREFIX_PATH} DEBUGINFOD_URLS=https://debuginfod.ubuntu.com /usr/bin/cmake --install /home/huangbo/ros2_learn/tongxun_learn/build/student_interfaces
[1.836s] Level 1:colcon.colcon_core.environment:checking '/home/huangbo/ros2_learn/tongxun_learn/install/student_interfaces' for CMake module files
[1.836s] Level 1:colcon.colcon_core.environment:checking '/home/huangbo/ros2_learn/tongxun_learn/install/student_interfaces' for CMake config files
[1.837s] Level 1:colcon.colcon_core.shell:create_environment_hook('student_interfaces', 'cmake_prefix_path')
[1.837s] INFO:colcon.colcon_core.shell:Creating environment hook '/home/huangbo/ros2_learn/tongxun_learn/install/student_interfaces/share/student_interfaces/hook/cmake_prefix_path.ps1'
[1.839s] INFO:colcon.colcon_core.shell:Creating environment descriptor '/home/huangbo/ros2_learn/tongxun_learn/install/student_interfaces/share/student_interfaces/hook/cmake_prefix_path.dsv'
[1.842s] INFO:colcon.colcon_core.shell:Creating environment hook '/home/huangbo/ros2_learn/tongxun_learn/install/student_interfaces/share/student_interfaces/hook/cmake_prefix_path.sh'
[1.846s] Level 1:colcon.colcon_core.environment:checking '/home/huangbo/ros2_learn/tongxun_learn/install/student_interfaces/lib'
[1.846s] Level 1:colcon.colcon_core.shell:create_environment_hook('student_interfaces', 'ld_library_path_lib')
[1.846s] INFO:colcon.colcon_core.shell:Creating environment hook '/home/huangbo/ros2_learn/tongxun_learn/install/student_interfaces/share/student_interfaces/hook/ld_library_path_lib.ps1'
[1.850s] INFO:colcon.colcon_core.shell:Creating environment descriptor '/home/huangbo/ros2_learn/tongxun_learn/install/student_interfaces/share/student_interfaces/hook/ld_library_path_lib.dsv'
[1.861s] INFO:colcon.colcon_core.shell:Creating environment hook '/home/huangbo/ros2_learn/tongxun_learn/install/student_interfaces/share/student_interfaces/hook/ld_library_path_lib.sh'
[1.864s] Level 1:colcon.colcon_core.environment:checking '/home/huangbo/ros2_learn/tongxun_learn/install/student_interfaces/bin'
[1.864s] Level 1:colcon.colcon_core.environment:checking '/home/huangbo/ros2_learn/tongxun_learn/install/student_interfaces/lib/pkgconfig/student_interfaces.pc'
[1.865s] Level 1:colcon.colcon_core.environment:checking '/home/huangbo/ros2_learn/tongxun_learn/install/student_interfaces/lib/python3.12/site-packages'
[1.865s] Level 1:colcon.colcon_core.shell:create_environment_hook('student_interfaces', 'pythonpath')
[1.865s] INFO:colcon.colcon_core.shell:Creating environment hook '/home/huangbo/ros2_learn/tongxun_learn/install/student_interfaces/share/student_interfaces/hook/pythonpath.ps1'
[1.876s] INFO:colcon.colcon_core.shell:Creating environment descriptor '/home/huangbo/ros2_learn/tongxun_learn/install/student_interfaces/share/student_interfaces/hook/pythonpath.dsv'
[1.878s] INFO:colcon.colcon_core.shell:Creating environment hook '/home/huangbo/ros2_learn/tongxun_learn/install/student_interfaces/share/student_interfaces/hook/pythonpath.sh'
[1.880s] Level 1:colcon.colcon_core.environment:checking '/home/huangbo/ros2_learn/tongxun_learn/install/student_interfaces/bin'
[1.881s] INFO:colcon.colcon_core.shell:Creating package script '/home/huangbo/ros2_learn/tongxun_learn/install/student_interfaces/share/student_interfaces/package.ps1'
[1.887s] INFO:colcon.colcon_core.shell:Creating package descriptor '/home/huangbo/ros2_learn/tongxun_learn/install/student_interfaces/share/student_interfaces/package.dsv'
[1.889s] INFO:colcon.colcon_core.shell:Creating package script '/home/huangbo/ros2_learn/tongxun_learn/install/student_interfaces/share/student_interfaces/package.sh'
[1.894s] INFO:colcon.colcon_core.shell:Creating package script '/home/huangbo/ros2_learn/tongxun_learn/install/student_interfaces/share/student_interfaces/package.bash'
[1.897s] INFO:colcon.colcon_core.shell:Creating package script '/home/huangbo/ros2_learn/tongxun_learn/install/student_interfaces/share/student_interfaces/package.zsh'
[1.899s] Level 1:colcon.colcon_core.environment:create_file_with_runtime_dependencies(/home/huangbo/ros2_learn/tongxun_learn/install/student_interfaces/share/colcon-core/packages/student_interfaces)
[1.903s] Level 1:colcon.colcon_core.environment:create_environment_scripts_only(student_interfaces)
[1.903s] Level 1:colcon.colcon_core.environment:checking '/home/huangbo/ros2_learn/tongxun_learn/install/student_interfaces' for CMake module files
[1.904s] Level 1:colcon.colcon_core.environment:checking '/home/huangbo/ros2_learn/tongxun_learn/install/student_interfaces' for CMake config files
[1.907s] Level 1:colcon.colcon_core.shell:create_environment_hook('student_interfaces', 'cmake_prefix_path')
[1.907s] INFO:colcon.colcon_core.shell:Creating environment hook '/home/huangbo/ros2_learn/tongxun_learn/install/student_interfaces/share/student_interfaces/hook/cmake_prefix_path.ps1'
[1.919s] INFO:colcon.colcon_core.shell:Creating environment descriptor '/home/huangbo/ros2_learn/tongxun_learn/install/student_interfaces/share/student_interfaces/hook/cmake_prefix_path.dsv'
[1.921s] INFO:colcon.colcon_core.shell:Creating environment hook '/home/huangbo/ros2_learn/tongxun_learn/install/student_interfaces/share/student_interfaces/hook/cmake_prefix_path.sh'
[1.927s] Level 1:colcon.colcon_core.environment:checking '/home/huangbo/ros2_learn/tongxun_learn/install/student_interfaces/lib'
[1.927s] Level 1:colcon.colcon_core.shell:create_environment_hook('student_interfaces', 'ld_library_path_lib')
[1.927s] INFO:colcon.colcon_core.shell:Creating environment hook '/home/huangbo/ros2_learn/tongxun_learn/install/student_interfaces/share/student_interfaces/hook/ld_library_path_lib.ps1'
[1.929s] INFO:colcon.colcon_core.shell:Creating environment descriptor '/home/huangbo/ros2_learn/tongxun_learn/install/student_interfaces/share/student_interfaces/hook/ld_library_path_lib.dsv'
[1.930s] INFO:colcon.colcon_core.shell:Creating environment hook '/home/huangbo/ros2_learn/tongxun_learn/install/student_interfaces/share/student_interfaces/hook/ld_library_path_lib.sh'
[1.932s] Level 1:colcon.colcon_core.environment:checking '/home/huangbo/ros2_learn/tongxun_learn/install/student_interfaces/bin'
[1.932s] Level 1:colcon.colcon_core.environment:checking '/home/huangbo/ros2_learn/tongxun_learn/install/student_interfaces/lib/pkgconfig/student_interfaces.pc'
[1.933s] Level 1:colcon.colcon_core.environment:checking '/home/huangbo/ros2_learn/tongxun_learn/install/student_interfaces/lib/python3.12/site-packages'
[1.933s] Level 1:colcon.colcon_core.shell:create_environment_hook('student_interfaces', 'pythonpath')
[1.934s] INFO:colcon.colcon_core.shell:Creating environment hook '/home/huangbo/ros2_learn/tongxun_learn/install/student_interfaces/share/student_interfaces/hook/pythonpath.ps1'
[1.936s] INFO:colcon.colcon_core.shell:Creating environment descriptor '/home/huangbo/ros2_learn/tongxun_learn/install/student_interfaces/share/student_interfaces/hook/pythonpath.dsv'
[1.938s] INFO:colcon.colcon_core.shell:Creating environment hook '/home/huangbo/ros2_learn/tongxun_learn/install/student_interfaces/share/student_interfaces/hook/pythonpath.sh'
[1.939s] Level 1:colcon.colcon_core.environment:checking '/home/huangbo/ros2_learn/tongxun_learn/install/student_interfaces/bin'
[1.940s] INFO:colcon.colcon_core.shell:Creating package script '/home/huangbo/ros2_learn/tongxun_learn/install/student_interfaces/share/student_interfaces/package.ps1'
[1.942s] INFO:colcon.colcon_core.shell:Creating package descriptor '/home/huangbo/ros2_learn/tongxun_learn/install/student_interfaces/share/student_interfaces/package.dsv'
[1.944s] INFO:colcon.colcon_core.shell:Creating package script '/home/huangbo/ros2_learn/tongxun_learn/install/student_interfaces/share/student_interfaces/package.sh'
[1.946s] INFO:colcon.colcon_core.shell:Creating package script '/home/huangbo/ros2_learn/tongxun_learn/install/student_interfaces/share/student_interfaces/package.bash'
[1.948s] INFO:colcon.colcon_core.shell:Creating package script '/home/huangbo/ros2_learn/tongxun_learn/install/student_interfaces/share/student_interfaces/package.zsh'
[1.949s] Level 1:colcon.colcon_core.environment:create_file_with_runtime_dependencies(/home/huangbo/ros2_learn/tongxun_learn/install/student_interfaces/share/colcon-core/packages/student_interfaces)
[1.954s] INFO:colcon.colcon_ros.task.ament_python.build:Building ROS package in '/home/huangbo/ros2_learn/tongxun_learn/src/py02_service' with build type 'ament_python'
[1.956s] Level 1:colcon.colcon_core.shell:create_environment_hook('py02_service', 'ament_prefix_path')
[1.957s] INFO:colcon.colcon_core.shell:Creating environment hook '/home/huangbo/ros2_learn/tongxun_learn/install/py02_service/share/py02_service/hook/ament_prefix_path.ps1'
[1.960s] INFO:colcon.colcon_core.shell:Creating environment descriptor '/home/huangbo/ros2_learn/tongxun_learn/install/py02_service/share/py02_service/hook/ament_prefix_path.dsv'
[1.965s] INFO:colcon.colcon_core.shell:Creating environment hook '/home/huangbo/ros2_learn/tongxun_learn/install/py02_service/share/py02_service/hook/ament_prefix_path.sh'
[1.967s] INFO:colcon.colcon_core.shell:Skip shell extension 'powershell' for command environment: Not usable outside of PowerShell
[1.967s] DEBUG:colcon.colcon_core.shell:Skip shell extension 'dsv' for command environment
[2.395s] INFO:colcon.colcon_core.task.python.build:Building Python package in '/home/huangbo/ros2_learn/tongxun_learn/src/py02_service'
[2.395s] INFO:colcon.colcon_core.shell:Skip shell extension 'powershell' for command environment: Not usable outside of PowerShell
[2.396s] DEBUG:colcon.colcon_core.shell:Skip shell extension 'dsv' for command environment
[2.401s] DEBUG:colcon.colcon_core.task.python.build:Available setuptools commands: rotate, compile_catalog, saveopts, develop, bdist_egg, register, easy_install, install_scripts, check, build_scripts, install_headers, test, update_catalog, upload, sdist, build, upload_docs, egg_info, symlink_data, build_clib, install_lib, install_egg_info, build_ext, clean, install_data, alias, init_catalog, install, bdist_rpm, bdist, build_py, editable_wheel, setopt, bdist_dumb, dist_info, extract_messages
[2.405s] DEBUG:colcon.colcon_core.event_handler.log_command:Invoking command in '/home/huangbo/ros2_learn/tongxun_learn/src/base_tongxun_s': DEBUGINFOD_URLS=https://debuginfod.ubuntu.com PYTHONPATH=/home/huangbo/ros2_learn/tongxun_learn/build/base_tongxun_s/prefix_override:/usr/lib/python3/dist-packages/colcon_core/task/python/colcon_distutils_commands:/home/huangbo/ros2_learn/tongxun_learn/install/base_tongxun_s/lib/python3.12/site-packages:${PYTHONPATH} /usr/bin/python3 -W ignore:setup.py install is deprecated -W ignore:easy_install command is deprecated setup.py egg_info --egg-base ../../build/base_tongxun_s build --build-base /home/huangbo/ros2_learn/tongxun_learn/build/base_tongxun_s/build install --record /home/huangbo/ros2_learn/tongxun_learn/build/base_tongxun_s/install.log --install-scripts $base/lib/base_tongxun_s --single-version-externally-managed install_data
[3.067s] Level 1:colcon.colcon_core.environment:checking '/home/huangbo/ros2_learn/tongxun_learn/install/base_tongxun_s' for CMake module files
[3.068s] DEBUG:colcon.colcon_core.event_handler.log_command:Invoked command in '/home/huangbo/ros2_learn/tongxun_learn/src/base_tongxun_s' returned '0': DEBUGINFOD_URLS=https://debuginfod.ubuntu.com PYTHONPATH=/home/huangbo/ros2_learn/tongxun_learn/build/base_tongxun_s/prefix_override:/usr/lib/python3/dist-packages/colcon_core/task/python/colcon_distutils_commands:/home/huangbo/ros2_learn/tongxun_learn/install/base_tongxun_s/lib/python3.12/site-packages:${PYTHONPATH} /usr/bin/python3 -W ignore:setup.py install is deprecated -W ignore:easy_install command is deprecated setup.py egg_info --egg-base ../../build/base_tongxun_s build --build-base /home/huangbo/ros2_learn/tongxun_learn/build/base_tongxun_s/build install --record /home/huangbo/ros2_learn/tongxun_learn/build/base_tongxun_s/install.log --install-scripts $base/lib/base_tongxun_s --single-version-externally-managed install_data
[3.070s] Level 1:colcon.colcon_core.environment:checking '/home/huangbo/ros2_learn/tongxun_learn/install/base_tongxun_s' for CMake config files
[3.070s] Level 1:colcon.colcon_core.environment:checking '/home/huangbo/ros2_learn/tongxun_learn/install/base_tongxun_s/lib'
[3.071s] Level 1:colcon.colcon_core.environment:checking '/home/huangbo/ros2_learn/tongxun_learn/install/base_tongxun_s/bin'
[3.071s] Level 1:colcon.colcon_core.environment:checking '/home/huangbo/ros2_learn/tongxun_learn/install/base_tongxun_s/lib/pkgconfig/base_tongxun_s.pc'
[3.071s] Level 1:colcon.colcon_core.environment:checking '/home/huangbo/ros2_learn/tongxun_learn/install/base_tongxun_s/lib/python3.12/site-packages'
[3.072s] Level 1:colcon.colcon_core.shell:create_environment_hook('base_tongxun_s', 'pythonpath')
[3.072s] INFO:colcon.colcon_core.shell:Creating environment hook '/home/huangbo/ros2_learn/tongxun_learn/install/base_tongxun_s/share/base_tongxun_s/hook/pythonpath.ps1'
[3.073s] INFO:colcon.colcon_core.shell:Creating environment descriptor '/home/huangbo/ros2_learn/tongxun_learn/install/base_tongxun_s/share/base_tongxun_s/hook/pythonpath.dsv'
[3.075s] INFO:colcon.colcon_core.shell:Creating environment hook '/home/huangbo/ros2_learn/tongxun_learn/install/base_tongxun_s/share/base_tongxun_s/hook/pythonpath.sh'
[3.076s] Level 1:colcon.colcon_core.environment:checking '/home/huangbo/ros2_learn/tongxun_learn/install/base_tongxun_s/bin'
[3.076s] Level 1:colcon.colcon_core.environment:create_environment_scripts_only(base_tongxun_s)
[3.077s] INFO:colcon.colcon_core.shell:Creating package script '/home/huangbo/ros2_learn/tongxun_learn/install/base_tongxun_s/share/base_tongxun_s/package.ps1'
[3.078s] INFO:colcon.colcon_core.shell:Creating package descriptor '/home/huangbo/ros2_learn/tongxun_learn/install/base_tongxun_s/share/base_tongxun_s/package.dsv'
[3.079s] INFO:colcon.colcon_core.shell:Creating package script '/home/huangbo/ros2_learn/tongxun_learn/install/base_tongxun_s/share/base_tongxun_s/package.sh'
[3.080s] INFO:colcon.colcon_core.shell:Creating package script '/home/huangbo/ros2_learn/tongxun_learn/install/base_tongxun_s/share/base_tongxun_s/package.bash'
[3.081s] INFO:colcon.colcon_core.shell:Creating package script '/home/huangbo/ros2_learn/tongxun_learn/install/base_tongxun_s/share/base_tongxun_s/package.zsh'
[3.082s] Level 1:colcon.colcon_core.environment:create_file_with_runtime_dependencies(/home/huangbo/ros2_learn/tongxun_learn/install/base_tongxun_s/share/colcon-core/packages/base_tongxun_s)
[3.084s] INFO:colcon.colcon_ros.task.ament_python.build:Building ROS package in '/home/huangbo/ros2_learn/tongxun_learn/src/py02_service_my' with build type 'ament_python'
[3.085s] Level 1:colcon.colcon_core.shell:create_environment_hook('py02_service_my', 'ament_prefix_path')
[3.085s] INFO:colcon.colcon_core.shell:Creating environment hook '/home/huangbo/ros2_learn/tongxun_learn/install/py02_service_my/share/py02_service_my/hook/ament_prefix_path.ps1'
[3.086s] INFO:colcon.colcon_core.shell:Creating environment descriptor '/home/huangbo/ros2_learn/tongxun_learn/install/py02_service_my/share/py02_service_my/hook/ament_prefix_path.dsv'
[3.088s] INFO:colcon.colcon_core.shell:Creating environment hook '/home/huangbo/ros2_learn/tongxun_learn/install/py02_service_my/share/py02_service_my/hook/ament_prefix_path.sh'
[3.089s] INFO:colcon.colcon_core.shell:Skip shell extension 'powershell' for command environment: Not usable outside of PowerShell
[3.090s] DEBUG:colcon.colcon_core.shell:Skip shell extension 'dsv' for command environment
[3.368s] INFO:colcon.colcon_core.task.python.build:Building Python package in '/home/huangbo/ros2_learn/tongxun_learn/src/py02_service_my'
[3.369s] INFO:colcon.colcon_core.shell:Skip shell extension 'powershell' for command environment: Not usable outside of PowerShell
[3.369s] DEBUG:colcon.colcon_core.shell:Skip shell extension 'dsv' for command environment
[3.375s] DEBUG:colcon.colcon_core.task.python.build:Available setuptools commands: rotate, compile_catalog, saveopts, develop, bdist_egg, register, easy_install, install_scripts, check, build_scripts, install_headers, test, update_catalog, upload, sdist, build, upload_docs, egg_info, symlink_data, build_clib, install_lib, install_egg_info, build_ext, clean, install_data, alias, init_catalog, install, bdist_rpm, bdist, build_py, editable_wheel, setopt, bdist_dumb, dist_info, extract_messages
[3.380s] DEBUG:colcon.colcon_core.event_handler.log_command:Invoking command in '/home/huangbo/ros2_learn/tongxun_learn/src/py02_service': DEBUGINFOD_URLS=https://debuginfod.ubuntu.com PYTHONPATH=/home/huangbo/ros2_learn/tongxun_learn/build/py02_service/prefix_override:/usr/lib/python3/dist-packages/colcon_core/task/python/colcon_distutils_commands:/home/huangbo/ros2_learn/tongxun_learn/install/py02_service/lib/python3.12/site-packages:${PYTHONPATH} /usr/bin/python3 -W ignore:setup.py install is deprecated -W ignore:easy_install command is deprecated setup.py egg_info --egg-base ../../build/py02_service build --build-base /home/huangbo/ros2_learn/tongxun_learn/build/py02_service/build install --record /home/huangbo/ros2_learn/tongxun_learn/build/py02_service/install.log --install-scripts $base/lib/py02_service --single-version-externally-managed install_data
[4.068s] Level 1:colcon.colcon_core.environment:checking '/home/huangbo/ros2_learn/tongxun_learn/install/py02_service' for CMake module files
[4.069s] DEBUG:colcon.colcon_core.event_handler.log_command:Invoked command in '/home/huangbo/ros2_learn/tongxun_learn/src/py02_service' returned '0': DEBUGINFOD_URLS=https://debuginfod.ubuntu.com PYTHONPATH=/home/huangbo/ros2_learn/tongxun_learn/build/py02_service/prefix_override:/usr/lib/python3/dist-packages/colcon_core/task/python/colcon_distutils_commands:/home/huangbo/ros2_learn/tongxun_learn/install/py02_service/lib/python3.12/site-packages:${PYTHONPATH} /usr/bin/python3 -W ignore:setup.py install is deprecated -W ignore:easy_install command is deprecated setup.py egg_info --egg-base ../../build/py02_service build --build-base /home/huangbo/ros2_learn/tongxun_learn/build/py02_service/build install --record /home/huangbo/ros2_learn/tongxun_learn/build/py02_service/install.log --install-scripts $base/lib/py02_service --single-version-externally-managed install_data
[4.071s] Level 1:colcon.colcon_core.environment:checking '/home/huangbo/ros2_learn/tongxun_learn/install/py02_service' for CMake config files
[4.072s] Level 1:colcon.colcon_core.environment:checking '/home/huangbo/ros2_learn/tongxun_learn/install/py02_service/lib'
[4.072s] Level 1:colcon.colcon_core.environment:checking '/home/huangbo/ros2_learn/tongxun_learn/install/py02_service/bin'
[4.073s] Level 1:colcon.colcon_core.environment:checking '/home/huangbo/ros2_learn/tongxun_learn/install/py02_service/lib/pkgconfig/py02_service.pc'
[4.073s] Level 1:colcon.colcon_core.environment:checking '/home/huangbo/ros2_learn/tongxun_learn/install/py02_service/lib/python3.12/site-packages'
[4.073s] Level 1:colcon.colcon_core.shell:create_environment_hook('py02_service', 'pythonpath')
[4.074s] INFO:colcon.colcon_core.shell:Creating environment hook '/home/huangbo/ros2_learn/tongxun_learn/install/py02_service/share/py02_service/hook/pythonpath.ps1'
[4.075s] INFO:colcon.colcon_core.shell:Creating environment descriptor '/home/huangbo/ros2_learn/tongxun_learn/install/py02_service/share/py02_service/hook/pythonpath.dsv'
[4.076s] INFO:colcon.colcon_core.shell:Creating environment hook '/home/huangbo/ros2_learn/tongxun_learn/install/py02_service/share/py02_service/hook/pythonpath.sh'
[4.077s] Level 1:colcon.colcon_core.environment:checking '/home/huangbo/ros2_learn/tongxun_learn/install/py02_service/bin'
[4.077s] Level 1:colcon.colcon_core.environment:create_environment_scripts_only(py02_service)
[4.078s] INFO:colcon.colcon_core.shell:Creating package script '/home/huangbo/ros2_learn/tongxun_learn/install/py02_service/share/py02_service/package.ps1'
[4.079s] INFO:colcon.colcon_core.shell:Creating package descriptor '/home/huangbo/ros2_learn/tongxun_learn/install/py02_service/share/py02_service/package.dsv'
[4.080s] INFO:colcon.colcon_core.shell:Creating package script '/home/huangbo/ros2_learn/tongxun_learn/install/py02_service/share/py02_service/package.sh'
[4.081s] INFO:colcon.colcon_core.shell:Creating package script '/home/huangbo/ros2_learn/tongxun_learn/install/py02_service/share/py02_service/package.bash'
[4.082s] INFO:colcon.colcon_core.shell:Creating package script '/home/huangbo/ros2_learn/tongxun_learn/install/py02_service/share/py02_service/package.zsh'
[4.083s] Level 1:colcon.colcon_core.environment:create_file_with_runtime_dependencies(/home/huangbo/ros2_learn/tongxun_learn/install/py02_service/share/colcon-core/packages/py02_service)
[4.084s] INFO:colcon.colcon_ros.task.ament_python.build:Building ROS package in '/home/huangbo/ros2_learn/tongxun_learn/src/py04_param' with build type 'ament_python'
[4.084s] Level 1:colcon.colcon_core.shell:create_environment_hook('py04_param', 'ament_prefix_path')
[4.085s] INFO:colcon.colcon_core.shell:Creating environment hook '/home/huangbo/ros2_learn/tongxun_learn/install/py04_param/share/py04_param/hook/ament_prefix_path.ps1'
[4.088s] INFO:colcon.colcon_core.shell:Creating environment descriptor '/home/huangbo/ros2_learn/tongxun_learn/install/py04_param/share/py04_param/hook/ament_prefix_path.dsv'
[4.089s] INFO:colcon.colcon_core.shell:Creating environment hook '/home/huangbo/ros2_learn/tongxun_learn/install/py04_param/share/py04_param/hook/ament_prefix_path.sh'
[4.090s] INFO:colcon.colcon_core.shell:Skip shell extension 'powershell' for command environment: Not usable outside of PowerShell
[4.090s] DEBUG:colcon.colcon_core.shell:Skip shell extension 'dsv' for command environment
[4.393s] INFO:colcon.colcon_core.task.python.build:Building Python package in '/home/huangbo/ros2_learn/tongxun_learn/src/py04_param'
[4.394s] INFO:colcon.colcon_core.shell:Skip shell extension 'powershell' for command environment: Not usable outside of PowerShell
[4.394s] DEBUG:colcon.colcon_core.shell:Skip shell extension 'dsv' for command environment
[4.399s] DEBUG:colcon.colcon_core.task.python.build:Available setuptools commands: rotate, compile_catalog, saveopts, develop, bdist_egg, register, easy_install, install_scripts, check, build_scripts, install_headers, test, update_catalog, upload, sdist, build, upload_docs, egg_info, symlink_data, build_clib, install_lib, install_egg_info, build_ext, clean, install_data, alias, init_catalog, install, bdist_rpm, bdist, build_py, editable_wheel, setopt, bdist_dumb, dist_info, extract_messages
[4.405s] DEBUG:colcon.colcon_core.event_handler.log_command:Invoking command in '/home/huangbo/ros2_learn/tongxun_learn/src/py02_service_my': DEBUGINFOD_URLS=https://debuginfod.ubuntu.com PYTHONPATH=/home/huangbo/ros2_learn/tongxun_learn/build/py02_service_my/prefix_override:/usr/lib/python3/dist-packages/colcon_core/task/python/colcon_distutils_commands:/home/huangbo/ros2_learn/tongxun_learn/install/py02_service_my/lib/python3.12/site-packages:${PYTHONPATH} /usr/bin/python3 -W ignore:setup.py install is deprecated -W ignore:easy_install command is deprecated setup.py egg_info --egg-base ../../build/py02_service_my build --build-base /home/huangbo/ros2_learn/tongxun_learn/build/py02_service_my/build install --record /home/huangbo/ros2_learn/tongxun_learn/build/py02_service_my/install.log --install-scripts $base/lib/py02_service_my --single-version-externally-managed install_data
[5.403s] Level 1:colcon.colcon_core.environment:checking '/home/huangbo/ros2_learn/tongxun_learn/install/py02_service_my' for CMake module files
[5.406s] Level 1:colcon.colcon_core.environment:checking '/home/huangbo/ros2_learn/tongxun_learn/install/py02_service_my' for CMake config files
[5.408s] DEBUG:colcon.colcon_core.event_handler.log_command:Invoked command in '/home/huangbo/ros2_learn/tongxun_learn/src/py02_service_my' returned '0': DEBUGINFOD_URLS=https://debuginfod.ubuntu.com PYTHONPATH=/home/huangbo/ros2_learn/tongxun_learn/build/py02_service_my/prefix_override:/usr/lib/python3/dist-packages/colcon_core/task/python/colcon_distutils_commands:/home/huangbo/ros2_learn/tongxun_learn/install/py02_service_my/lib/python3.12/site-packages:${PYTHONPATH} /usr/bin/python3 -W ignore:setup.py install is deprecated -W ignore:easy_install command is deprecated setup.py egg_info --egg-base ../../build/py02_service_my build --build-base /home/huangbo/ros2_learn/tongxun_learn/build/py02_service_my/build install --record /home/huangbo/ros2_learn/tongxun_learn/build/py02_service_my/install.log --install-scripts $base/lib/py02_service_my --single-version-externally-managed install_data
[5.408s] Level 1:colcon.colcon_core.environment:checking '/home/huangbo/ros2_learn/tongxun_learn/install/py02_service_my/lib'
[5.408s] Level 1:colcon.colcon_core.environment:checking '/home/huangbo/ros2_learn/tongxun_learn/install/py02_service_my/bin'
[5.409s] Level 1:colcon.colcon_core.environment:checking '/home/huangbo/ros2_learn/tongxun_learn/install/py02_service_my/lib/pkgconfig/py02_service_my.pc'
[5.410s] Level 1:colcon.colcon_core.environment:checking '/home/huangbo/ros2_learn/tongxun_learn/install/py02_service_my/lib/python3.12/site-packages'
[5.410s] Level 1:colcon.colcon_core.shell:create_environment_hook('py02_service_my', 'pythonpath')
[5.411s] INFO:colcon.colcon_core.shell:Creating environment hook '/home/huangbo/ros2_learn/tongxun_learn/install/py02_service_my/share/py02_service_my/hook/pythonpath.ps1'
[5.413s] INFO:colcon.colcon_core.shell:Creating environment descriptor '/home/huangbo/ros2_learn/tongxun_learn/install/py02_service_my/share/py02_service_my/hook/pythonpath.dsv'
[5.420s] INFO:colcon.colcon_core.shell:Creating environment hook '/home/huangbo/ros2_learn/tongxun_learn/install/py02_service_my/share/py02_service_my/hook/pythonpath.sh'
[5.430s] Level 1:colcon.colcon_core.environment:checking '/home/huangbo/ros2_learn/tongxun_learn/install/py02_service_my/bin'
[5.431s] Level 1:colcon.colcon_core.environment:create_environment_scripts_only(py02_service_my)
[5.431s] INFO:colcon.colcon_core.shell:Creating package script '/home/huangbo/ros2_learn/tongxun_learn/install/py02_service_my/share/py02_service_my/package.ps1'
[5.434s] INFO:colcon.colcon_core.shell:Creating package descriptor '/home/huangbo/ros2_learn/tongxun_learn/install/py02_service_my/share/py02_service_my/package.dsv'
[5.438s] INFO:colcon.colcon_core.shell:Creating package script '/home/huangbo/ros2_learn/tongxun_learn/install/py02_service_my/share/py02_service_my/package.sh'
[5.440s] INFO:colcon.colcon_core.shell:Creating package script '/home/huangbo/ros2_learn/tongxun_learn/install/py02_service_my/share/py02_service_my/package.bash'
[5.442s] INFO:colcon.colcon_core.shell:Creating package script '/home/huangbo/ros2_learn/tongxun_learn/install/py02_service_my/share/py02_service_my/package.zsh'
[5.444s] Level 1:colcon.colcon_core.environment:create_file_with_runtime_dependencies(/home/huangbo/ros2_learn/tongxun_learn/install/py02_service_my/share/colcon-core/packages/py02_service_my)
[5.447s] INFO:colcon.colcon_ros.task.ament_python.build:Building ROS package in '/home/huangbo/ros2_learn/tongxun_learn/src/py05_time' with build type 'ament_python'
[5.448s] Level 1:colcon.colcon_core.shell:create_environment_hook('py05_time', 'ament_prefix_path')
[5.448s] INFO:colcon.colcon_core.shell:Creating environment hook '/home/huangbo/ros2_learn/tongxun_learn/install/py05_time/share/py05_time/hook/ament_prefix_path.ps1'
[5.451s] INFO:colcon.colcon_core.shell:Creating environment descriptor '/home/huangbo/ros2_learn/tongxun_learn/install/py05_time/share/py05_time/hook/ament_prefix_path.dsv'
[5.452s] INFO:colcon.colcon_core.shell:Creating environment hook '/home/huangbo/ros2_learn/tongxun_learn/install/py05_time/share/py05_time/hook/ament_prefix_path.sh'
[5.459s] INFO:colcon.colcon_core.shell:Skip shell extension 'powershell' for command environment: Not usable outside of PowerShell
[5.459s] DEBUG:colcon.colcon_core.shell:Skip shell extension 'dsv' for command environment
[5.869s] INFO:colcon.colcon_core.task.python.build:Building Python package in '/home/huangbo/ros2_learn/tongxun_learn/src/py05_time'
[5.869s] INFO:colcon.colcon_core.shell:Skip shell extension 'powershell' for command environment: Not usable outside of PowerShell
[5.870s] DEBUG:colcon.colcon_core.shell:Skip shell extension 'dsv' for command environment
[5.879s] DEBUG:colcon.colcon_core.task.python.build:Available setuptools commands: rotate, compile_catalog, saveopts, develop, bdist_egg, register, easy_install, install_scripts, check, build_scripts, install_headers, test, update_catalog, upload, sdist, build, upload_docs, egg_info, symlink_data, build_clib, install_lib, install_egg_info, build_ext, clean, install_data, alias, init_catalog, install, bdist_rpm, bdist, build_py, editable_wheel, setopt, bdist_dumb, dist_info, extract_messages
[5.893s] DEBUG:colcon.colcon_core.event_handler.log_command:Invoking command in '/home/huangbo/ros2_learn/tongxun_learn/src/py04_param': DEBUGINFOD_URLS=https://debuginfod.ubuntu.com PYTHONPATH=/home/huangbo/ros2_learn/tongxun_learn/build/py04_param/prefix_override:/usr/lib/python3/dist-packages/colcon_core/task/python/colcon_distutils_commands:/home/huangbo/ros2_learn/tongxun_learn/install/py04_param/lib/python3.12/site-packages:${PYTHONPATH} /usr/bin/python3 -W ignore:setup.py install is deprecated -W ignore:easy_install command is deprecated setup.py egg_info --egg-base ../../build/py04_param build --build-base /home/huangbo/ros2_learn/tongxun_learn/build/py04_param/build install --record /home/huangbo/ros2_learn/tongxun_learn/build/py04_param/install.log --install-scripts $base/lib/py04_param --single-version-externally-managed install_data
[7.754s] Level 1:colcon.colcon_core.environment:checking '/home/huangbo/ros2_learn/tongxun_learn/install/py04_param' for CMake module files
[7.758s] Level 1:colcon.colcon_core.environment:checking '/home/huangbo/ros2_learn/tongxun_learn/install/py04_param' for CMake config files
[7.762s] DEBUG:colcon.colcon_core.event_handler.log_command:Invoked command in '/home/huangbo/ros2_learn/tongxun_learn/src/py04_param' returned '0': DEBUGINFOD_URLS=https://debuginfod.ubuntu.com PYTHONPATH=/home/huangbo/ros2_learn/tongxun_learn/build/py04_param/prefix_override:/usr/lib/python3/dist-packages/colcon_core/task/python/colcon_distutils_commands:/home/huangbo/ros2_learn/tongxun_learn/install/py04_param/lib/python3.12/site-packages:${PYTHONPATH} /usr/bin/python3 -W ignore:setup.py install is deprecated -W ignore:easy_install command is deprecated setup.py egg_info --egg-base ../../build/py04_param build --build-base /home/huangbo/ros2_learn/tongxun_learn/build/py04_param/build install --record /home/huangbo/ros2_learn/tongxun_learn/build/py04_param/install.log --install-scripts $base/lib/py04_param --single-version-externally-managed install_data
[7.765s] Level 1:colcon.colcon_core.environment:checking '/home/huangbo/ros2_learn/tongxun_learn/install/py04_param/lib'
[7.765s] Level 1:colcon.colcon_core.environment:checking '/home/huangbo/ros2_learn/tongxun_learn/install/py04_param/bin'
[7.765s] Level 1:colcon.colcon_core.environment:checking '/home/huangbo/ros2_learn/tongxun_learn/install/py04_param/lib/pkgconfig/py04_param.pc'
[7.766s] Level 1:colcon.colcon_core.environment:checking '/home/huangbo/ros2_learn/tongxun_learn/install/py04_param/lib/python3.12/site-packages'
[7.766s] Level 1:colcon.colcon_core.shell:create_environment_hook('py04_param', 'pythonpath')
[7.766s] INFO:colcon.colcon_core.shell:Creating environment hook '/home/huangbo/ros2_learn/tongxun_learn/install/py04_param/share/py04_param/hook/pythonpath.ps1'
[7.767s] INFO:colcon.colcon_core.shell:Creating environment descriptor '/home/huangbo/ros2_learn/tongxun_learn/install/py04_param/share/py04_param/hook/pythonpath.dsv'
[7.768s] INFO:colcon.colcon_core.shell:Creating environment hook '/home/huangbo/ros2_learn/tongxun_learn/install/py04_param/share/py04_param/hook/pythonpath.sh'
[7.769s] Level 1:colcon.colcon_core.environment:checking '/home/huangbo/ros2_learn/tongxun_learn/install/py04_param/bin'
[7.769s] Level 1:colcon.colcon_core.environment:create_environment_scripts_only(py04_param)
[7.769s] INFO:colcon.colcon_core.shell:Creating package script '/home/huangbo/ros2_learn/tongxun_learn/install/py04_param/share/py04_param/package.ps1'
[7.770s] INFO:colcon.colcon_core.shell:Creating package descriptor '/home/huangbo/ros2_learn/tongxun_learn/install/py04_param/share/py04_param/package.dsv'
[7.771s] INFO:colcon.colcon_core.shell:Creating package script '/home/huangbo/ros2_learn/tongxun_learn/install/py04_param/share/py04_param/package.sh'
[7.774s] INFO:colcon.colcon_core.shell:Creating package script '/home/huangbo/ros2_learn/tongxun_learn/install/py04_param/share/py04_param/package.bash'
[7.775s] INFO:colcon.colcon_core.shell:Creating package script '/home/huangbo/ros2_learn/tongxun_learn/install/py04_param/share/py04_param/package.zsh'
[7.777s] Level 1:colcon.colcon_core.environment:create_file_with_runtime_dependencies(/home/huangbo/ros2_learn/tongxun_learn/install/py04_param/share/colcon-core/packages/py04_param)
[7.780s] INFO:colcon.colcon_ros.task.ament_python.build:Building ROS package in '/home/huangbo/ros2_learn/tongxun_learn/src/py06_lianxi' with build type 'ament_python'
[7.780s] Level 1:colcon.colcon_core.shell:create_environment_hook('py06_lianxi', 'ament_prefix_path')
[7.780s] INFO:colcon.colcon_core.shell:Creating environment hook '/home/huangbo/ros2_learn/tongxun_learn/install/py06_lianxi/share/py06_lianxi/hook/ament_prefix_path.ps1'
[7.781s] INFO:colcon.colcon_core.shell:Creating environment descriptor '/home/huangbo/ros2_learn/tongxun_learn/install/py06_lianxi/share/py06_lianxi/hook/ament_prefix_path.dsv'
[7.782s] INFO:colcon.colcon_core.shell:Creating environment hook '/home/huangbo/ros2_learn/tongxun_learn/install/py06_lianxi/share/py06_lianxi/hook/ament_prefix_path.sh'
[7.782s] INFO:colcon.colcon_core.shell:Skip shell extension 'powershell' for command environment: Not usable outside of PowerShell
[7.782s] DEBUG:colcon.colcon_core.shell:Skip shell extension 'dsv' for command environment
[7.790s] DEBUG:colcon.colcon_core.task.python.build:Available setuptools commands: rotate, compile_catalog, saveopts, develop, bdist_egg, register, easy_install, install_scripts, check, build_scripts, install_headers, test, update_catalog, upload, sdist, build, upload_docs, egg_info, symlink_data, build_clib, install_lib, install_egg_info, build_ext, clean, install_data, alias, init_catalog, install, bdist_rpm, bdist, build_py, editable_wheel, setopt, bdist_dumb, dist_info, extract_messages
[7.806s] DEBUG:colcon.colcon_core.event_handler.log_command:Invoking command in '/home/huangbo/ros2_learn/tongxun_learn/src/py05_time': DEBUGINFOD_URLS=https://debuginfod.ubuntu.com PYTHONPATH=/home/huangbo/ros2_learn/tongxun_learn/build/py05_time/prefix_override:/usr/lib/python3/dist-packages/colcon_core/task/python/colcon_distutils_commands:/home/huangbo/ros2_learn/tongxun_learn/install/py05_time/lib/python3.12/site-packages:${PYTHONPATH} /usr/bin/python3 -W ignore:setup.py install is deprecated -W ignore:easy_install command is deprecated setup.py egg_info --egg-base ../../build/py05_time build --build-base /home/huangbo/ros2_learn/tongxun_learn/build/py05_time/build install --record /home/huangbo/ros2_learn/tongxun_learn/build/py05_time/install.log --install-scripts $base/lib/py05_time --single-version-externally-managed install_data
[8.499s] INFO:colcon.colcon_core.task.python.build:Building Python package in '/home/huangbo/ros2_learn/tongxun_learn/src/py06_lianxi'
[8.499s] INFO:colcon.colcon_core.shell:Skip shell extension 'powershell' for command environment: Not usable outside of PowerShell
[8.499s] DEBUG:colcon.colcon_core.shell:Skip shell extension 'dsv' for command environment
[8.842s] Level 1:colcon.colcon_core.environment:checking '/home/huangbo/ros2_learn/tongxun_learn/install/py05_time' for CMake module files
[8.843s] Level 1:colcon.colcon_core.environment:checking '/home/huangbo/ros2_learn/tongxun_learn/install/py05_time' for CMake config files
[8.844s] DEBUG:colcon.colcon_core.event_handler.log_command:Invoked command in '/home/huangbo/ros2_learn/tongxun_learn/src/py05_time' returned '0': DEBUGINFOD_URLS=https://debuginfod.ubuntu.com PYTHONPATH=/home/huangbo/ros2_learn/tongxun_learn/build/py05_time/prefix_override:/usr/lib/python3/dist-packages/colcon_core/task/python/colcon_distutils_commands:/home/huangbo/ros2_learn/tongxun_learn/install/py05_time/lib/python3.12/site-packages:${PYTHONPATH} /usr/bin/python3 -W ignore:setup.py install is deprecated -W ignore:easy_install command is deprecated setup.py egg_info --egg-base ../../build/py05_time build --build-base /home/huangbo/ros2_learn/tongxun_learn/build/py05_time/build install --record /home/huangbo/ros2_learn/tongxun_learn/build/py05_time/install.log --install-scripts $base/lib/py05_time --single-version-externally-managed install_data
[8.845s] Level 1:colcon.colcon_core.environment:checking '/home/huangbo/ros2_learn/tongxun_learn/install/py05_time/lib'
[8.845s] Level 1:colcon.colcon_core.environment:checking '/home/huangbo/ros2_learn/tongxun_learn/install/py05_time/bin'
[8.845s] Level 1:colcon.colcon_core.environment:checking '/home/huangbo/ros2_learn/tongxun_learn/install/py05_time/lib/pkgconfig/py05_time.pc'
[8.846s] Level 1:colcon.colcon_core.environment:checking '/home/huangbo/ros2_learn/tongxun_learn/install/py05_time/lib/python3.12/site-packages'
[8.846s] Level 1:colcon.colcon_core.shell:create_environment_hook('py05_time', 'pythonpath')
[8.846s] INFO:colcon.colcon_core.shell:Creating environment hook '/home/huangbo/ros2_learn/tongxun_learn/install/py05_time/share/py05_time/hook/pythonpath.ps1'
[8.847s] INFO:colcon.colcon_core.shell:Creating environment descriptor '/home/huangbo/ros2_learn/tongxun_learn/install/py05_time/share/py05_time/hook/pythonpath.dsv'
[8.848s] INFO:colcon.colcon_core.shell:Creating environment hook '/home/huangbo/ros2_learn/tongxun_learn/install/py05_time/share/py05_time/hook/pythonpath.sh'
[8.850s] Level 1:colcon.colcon_core.environment:checking '/home/huangbo/ros2_learn/tongxun_learn/install/py05_time/bin'
[8.850s] Level 1:colcon.colcon_core.environment:create_environment_scripts_only(py05_time)
[8.850s] INFO:colcon.colcon_core.shell:Creating package script '/home/huangbo/ros2_learn/tongxun_learn/install/py05_time/share/py05_time/package.ps1'
[8.851s] INFO:colcon.colcon_core.shell:Creating package descriptor '/home/huangbo/ros2_learn/tongxun_learn/install/py05_time/share/py05_time/package.dsv'
[8.852s] INFO:colcon.colcon_core.shell:Creating package script '/home/huangbo/ros2_learn/tongxun_learn/install/py05_time/share/py05_time/package.sh'
[8.853s] INFO:colcon.colcon_core.shell:Creating package script '/home/huangbo/ros2_learn/tongxun_learn/install/py05_time/share/py05_time/package.bash'
[8.854s] INFO:colcon.colcon_core.shell:Creating package script '/home/huangbo/ros2_learn/tongxun_learn/install/py05_time/share/py05_time/package.zsh'
[8.855s] Level 1:colcon.colcon_core.environment:create_file_with_runtime_dependencies(/home/huangbo/ros2_learn/tongxun_learn/install/py05_time/share/colcon-core/packages/py05_time)
[8.856s] INFO:colcon.colcon_ros.task.ament_python.build:Building ROS package in '/home/huangbo/ros2_learn/tongxun_learn/src/py07_jx' with build type 'ament_python'
[8.857s] Level 1:colcon.colcon_core.shell:create_environment_hook('py07_jx', 'ament_prefix_path')
[8.860s] INFO:colcon.colcon_core.shell:Creating environment hook '/home/huangbo/ros2_learn/tongxun_learn/install/py07_jx/share/py07_jx/hook/ament_prefix_path.ps1'
[8.862s] INFO:colcon.colcon_core.shell:Creating environment descriptor '/home/huangbo/ros2_learn/tongxun_learn/install/py07_jx/share/py07_jx/hook/ament_prefix_path.dsv'
[8.863s] INFO:colcon.colcon_core.shell:Creating environment hook '/home/huangbo/ros2_learn/tongxun_learn/install/py07_jx/share/py07_jx/hook/ament_prefix_path.sh'
[8.865s] INFO:colcon.colcon_core.shell:Skip shell extension 'powershell' for command environment: Not usable outside of PowerShell
[8.865s] DEBUG:colcon.colcon_core.shell:Skip shell extension 'dsv' for command environment
[9.192s] INFO:colcon.colcon_core.task.python.build:Building Python package in '/home/huangbo/ros2_learn/tongxun_learn/src/py07_jx'
[9.193s] INFO:colcon.colcon_core.shell:Skip shell extension 'powershell' for command environment: Not usable outside of PowerShell
[9.193s] DEBUG:colcon.colcon_core.shell:Skip shell extension 'dsv' for command environment
[9.323s] DEBUG:colcon.colcon_core.task.python.build:Available setuptools commands: rotate, compile_catalog, saveopts, develop, bdist_egg, register, easy_install, install_scripts, check, build_scripts, install_headers, test, update_catalog, upload, sdist, build, upload_docs, egg_info, symlink_data, build_clib, install_lib, install_egg_info, build_ext, clean, install_data, alias, init_catalog, install, bdist_rpm, bdist, build_py, editable_wheel, setopt, bdist_dumb, dist_info, extract_messages
[9.328s] DEBUG:colcon.colcon_core.event_handler.log_command:Invoking command in '/home/huangbo/ros2_learn/tongxun_learn/src/py06_lianxi': DEBUGINFOD_URLS=https://debuginfod.ubuntu.com PYTHONPATH=/home/huangbo/ros2_learn/tongxun_learn/build/py06_lianxi/prefix_override:/usr/lib/python3/dist-packages/colcon_core/task/python/colcon_distutils_commands:/home/huangbo/ros2_learn/tongxun_learn/install/py06_lianxi/lib/python3.12/site-packages:${PYTHONPATH} /usr/bin/python3 -W ignore:setup.py install is deprecated -W ignore:easy_install command is deprecated setup.py egg_info --egg-base ../../build/py06_lianxi build --build-base /home/huangbo/ros2_learn/tongxun_learn/build/py06_lianxi/build install --record /home/huangbo/ros2_learn/tongxun_learn/build/py06_lianxi/install.log --install-scripts $base/lib/py06_lianxi --single-version-externally-managed install_data
[9.949s] DEBUG:colcon.colcon_core.task.python.build:Available setuptools commands: rotate, compile_catalog, saveopts, develop, bdist_egg, register, easy_install, install_scripts, check, build_scripts, install_headers, test, update_catalog, upload, sdist, build, upload_docs, egg_info, symlink_data, build_clib, install_lib, install_egg_info, build_ext, clean, install_data, alias, init_catalog, install, bdist_rpm, bdist, build_py, editable_wheel, setopt, bdist_dumb, dist_info, extract_messages
[9.979s] DEBUG:colcon.colcon_core.event_handler.log_command:Invoking command in '/home/huangbo/ros2_learn/tongxun_learn/src/py07_jx': DEBUGINFOD_URLS=https://debuginfod.ubuntu.com PYTHONPATH=/home/huangbo/ros2_learn/tongxun_learn/build/py07_jx/prefix_override:/usr/lib/python3/dist-packages/colcon_core/task/python/colcon_distutils_commands:/home/huangbo/ros2_learn/tongxun_learn/install/py07_jx/lib/python3.12/site-packages:${PYTHONPATH} /usr/bin/python3 -W ignore:setup.py install is deprecated -W ignore:easy_install command is deprecated setup.py egg_info --egg-base ../../build/py07_jx build --build-base /home/huangbo/ros2_learn/tongxun_learn/build/py07_jx/build install --record /home/huangbo/ros2_learn/tongxun_learn/build/py07_jx/install.log --install-scripts $base/lib/py07_jx --single-version-externally-managed install_data
[10.109s] Level 1:colcon.colcon_core.environment:checking '/home/huangbo/ros2_learn/tongxun_learn/install/py06_lianxi' for CMake module files
[10.111s] DEBUG:colcon.colcon_core.event_handler.log_command:Invoked command in '/home/huangbo/ros2_learn/tongxun_learn/src/py06_lianxi' returned '0': DEBUGINFOD_URLS=https://debuginfod.ubuntu.com PYTHONPATH=/home/huangbo/ros2_learn/tongxun_learn/build/py06_lianxi/prefix_override:/usr/lib/python3/dist-packages/colcon_core/task/python/colcon_distutils_commands:/home/huangbo/ros2_learn/tongxun_learn/install/py06_lianxi/lib/python3.12/site-packages:${PYTHONPATH} /usr/bin/python3 -W ignore:setup.py install is deprecated -W ignore:easy_install command is deprecated setup.py egg_info --egg-base ../../build/py06_lianxi build --build-base /home/huangbo/ros2_learn/tongxun_learn/build/py06_lianxi/build install --record /home/huangbo/ros2_learn/tongxun_learn/build/py06_lianxi/install.log --install-scripts $base/lib/py06_lianxi --single-version-externally-managed install_data
[10.113s] Level 1:colcon.colcon_core.environment:checking '/home/huangbo/ros2_learn/tongxun_learn/install/py06_lianxi' for CMake config files
[10.114s] Level 1:colcon.colcon_core.environment:checking '/home/huangbo/ros2_learn/tongxun_learn/install/py06_lianxi/lib'
[10.114s] Level 1:colcon.colcon_core.environment:checking '/home/huangbo/ros2_learn/tongxun_learn/install/py06_lianxi/bin'
[10.114s] Level 1:colcon.colcon_core.environment:checking '/home/huangbo/ros2_learn/tongxun_learn/install/py06_lianxi/lib/pkgconfig/py06_lianxi.pc'
[10.115s] Level 1:colcon.colcon_core.environment:checking '/home/huangbo/ros2_learn/tongxun_learn/install/py06_lianxi/lib/python3.12/site-packages'
[10.115s] Level 1:colcon.colcon_core.shell:create_environment_hook('py06_lianxi', 'pythonpath')
[10.116s] INFO:colcon.colcon_core.shell:Creating environment hook '/home/huangbo/ros2_learn/tongxun_learn/install/py06_lianxi/share/py06_lianxi/hook/pythonpath.ps1'
[10.117s] INFO:colcon.colcon_core.shell:Creating environment descriptor '/home/huangbo/ros2_learn/tongxun_learn/install/py06_lianxi/share/py06_lianxi/hook/pythonpath.dsv'
[10.118s] INFO:colcon.colcon_core.shell:Creating environment hook '/home/huangbo/ros2_learn/tongxun_learn/install/py06_lianxi/share/py06_lianxi/hook/pythonpath.sh'
[10.120s] Level 1:colcon.colcon_core.environment:checking '/home/huangbo/ros2_learn/tongxun_learn/install/py06_lianxi/bin'
[10.120s] Level 1:colcon.colcon_core.environment:create_environment_scripts_only(py06_lianxi)
[10.120s] INFO:colcon.colcon_core.shell:Creating package script '/home/huangbo/ros2_learn/tongxun_learn/install/py06_lianxi/share/py06_lianxi/package.ps1'
[10.122s] INFO:colcon.colcon_core.shell:Creating package descriptor '/home/huangbo/ros2_learn/tongxun_learn/install/py06_lianxi/share/py06_lianxi/package.dsv'
[10.123s] INFO:colcon.colcon_core.shell:Creating package script '/home/huangbo/ros2_learn/tongxun_learn/install/py06_lianxi/share/py06_lianxi/package.sh'
[10.124s] INFO:colcon.colcon_core.shell:Creating package script '/home/huangbo/ros2_learn/tongxun_learn/install/py06_lianxi/share/py06_lianxi/package.bash'
[10.125s] INFO:colcon.colcon_core.shell:Creating package script '/home/huangbo/ros2_learn/tongxun_learn/install/py06_lianxi/share/py06_lianxi/package.zsh'
[10.126s] Level 1:colcon.colcon_core.environment:create_file_with_runtime_dependencies(/home/huangbo/ros2_learn/tongxun_learn/install/py06_lianxi/share/colcon-core/packages/py06_lianxi)
[10.127s] INFO:colcon.colcon_ros.task.ament_python.build:Building ROS package in '/home/huangbo/ros2_learn/tongxun_learn/src/py01_topic' with build type 'ament_python'
[10.128s] Level 1:colcon.colcon_core.shell:create_environment_hook('py01_topic', 'ament_prefix_path')
[10.128s] INFO:colcon.colcon_core.shell:Creating environment hook '/home/huangbo/ros2_learn/tongxun_learn/install/py01_topic/share/py01_topic/hook/ament_prefix_path.ps1'
[10.129s] INFO:colcon.colcon_core.shell:Creating environment descriptor '/home/huangbo/ros2_learn/tongxun_learn/install/py01_topic/share/py01_topic/hook/ament_prefix_path.dsv'
[10.130s] INFO:colcon.colcon_core.shell:Creating environment hook '/home/huangbo/ros2_learn/tongxun_learn/install/py01_topic/share/py01_topic/hook/ament_prefix_path.sh'
[10.132s] INFO:colcon.colcon_core.shell:Skip shell extension 'powershell' for command environment: Not usable outside of PowerShell
[10.132s] DEBUG:colcon.colcon_core.shell:Skip shell extension 'dsv' for command environment
[10.447s] INFO:colcon.colcon_core.task.python.build:Building Python package in '/home/huangbo/ros2_learn/tongxun_learn/src/py01_topic'
[10.447s] INFO:colcon.colcon_core.shell:Skip shell extension 'powershell' for command environment: Not usable outside of PowerShell
[10.448s] DEBUG:colcon.colcon_core.shell:Skip shell extension 'dsv' for command environment
[10.785s] Level 1:colcon.colcon_core.environment:checking '/home/huangbo/ros2_learn/tongxun_learn/install/py07_jx' for CMake module files
[10.786s] DEBUG:colcon.colcon_core.event_handler.log_command:Invoked command in '/home/huangbo/ros2_learn/tongxun_learn/src/py07_jx' returned '0': DEBUGINFOD_URLS=https://debuginfod.ubuntu.com PYTHONPATH=/home/huangbo/ros2_learn/tongxun_learn/build/py07_jx/prefix_override:/usr/lib/python3/dist-packages/colcon_core/task/python/colcon_distutils_commands:/home/huangbo/ros2_learn/tongxun_learn/install/py07_jx/lib/python3.12/site-packages:${PYTHONPATH} /usr/bin/python3 -W ignore:setup.py install is deprecated -W ignore:easy_install command is deprecated setup.py egg_info --egg-base ../../build/py07_jx build --build-base /home/huangbo/ros2_learn/tongxun_learn/build/py07_jx/build install --record /home/huangbo/ros2_learn/tongxun_learn/build/py07_jx/install.log --install-scripts $base/lib/py07_jx --single-version-externally-managed install_data
[10.787s] Level 1:colcon.colcon_core.environment:checking '/home/huangbo/ros2_learn/tongxun_learn/install/py07_jx' for CMake config files
[10.788s] Level 1:colcon.colcon_core.environment:checking '/home/huangbo/ros2_learn/tongxun_learn/install/py07_jx/lib'
[10.789s] Level 1:colcon.colcon_core.environment:checking '/home/huangbo/ros2_learn/tongxun_learn/install/py07_jx/bin'
[10.789s] Level 1:colcon.colcon_core.environment:checking '/home/huangbo/ros2_learn/tongxun_learn/install/py07_jx/lib/pkgconfig/py07_jx.pc'
[10.790s] Level 1:colcon.colcon_core.environment:checking '/home/huangbo/ros2_learn/tongxun_learn/install/py07_jx/lib/python3.12/site-packages'
[10.790s] Level 1:colcon.colcon_core.shell:create_environment_hook('py07_jx', 'pythonpath')
[10.790s] INFO:colcon.colcon_core.shell:Creating environment hook '/home/huangbo/ros2_learn/tongxun_learn/install/py07_jx/share/py07_jx/hook/pythonpath.ps1'
[10.792s] INFO:colcon.colcon_core.shell:Creating environment descriptor '/home/huangbo/ros2_learn/tongxun_learn/install/py07_jx/share/py07_jx/hook/pythonpath.dsv'
[10.793s] INFO:colcon.colcon_core.shell:Creating environment hook '/home/huangbo/ros2_learn/tongxun_learn/install/py07_jx/share/py07_jx/hook/pythonpath.sh'
[10.794s] Level 1:colcon.colcon_core.environment:checking '/home/huangbo/ros2_learn/tongxun_learn/install/py07_jx/bin'
[10.794s] Level 1:colcon.colcon_core.environment:create_environment_scripts_only(py07_jx)
[10.794s] INFO:colcon.colcon_core.shell:Creating package script '/home/huangbo/ros2_learn/tongxun_learn/install/py07_jx/share/py07_jx/package.ps1'
[10.795s] INFO:colcon.colcon_core.shell:Creating package descriptor '/home/huangbo/ros2_learn/tongxun_learn/install/py07_jx/share/py07_jx/package.dsv'
[10.796s] INFO:colcon.colcon_core.shell:Creating package script '/home/huangbo/ros2_learn/tongxun_learn/install/py07_jx/share/py07_jx/package.sh'
[10.796s] INFO:colcon.colcon_core.shell:Creating package script '/home/huangbo/ros2_learn/tongxun_learn/install/py07_jx/share/py07_jx/package.bash'
[10.797s] INFO:colcon.colcon_core.shell:Creating package script '/home/huangbo/ros2_learn/tongxun_learn/install/py07_jx/share/py07_jx/package.zsh'
[10.798s] Level 1:colcon.colcon_core.environment:create_file_with_runtime_dependencies(/home/huangbo/ros2_learn/tongxun_learn/install/py07_jx/share/colcon-core/packages/py07_jx)
[10.799s] INFO:colcon.colcon_ros.task.ament_python.build:Building ROS package in '/home/huangbo/ros2_learn/tongxun_learn/src/py03_acton' with build type 'ament_python'
[10.799s] Level 1:colcon.colcon_core.shell:create_environment_hook('py03_acton', 'ament_prefix_path')
[10.800s] INFO:colcon.colcon_core.shell:Creating environment hook '/home/huangbo/ros2_learn/tongxun_learn/install/py03_acton/share/py03_acton/hook/ament_prefix_path.ps1'
[10.801s] INFO:colcon.colcon_core.shell:Creating environment descriptor '/home/huangbo/ros2_learn/tongxun_learn/install/py03_acton/share/py03_acton/hook/ament_prefix_path.dsv'
[10.801s] INFO:colcon.colcon_core.shell:Creating environment hook '/home/huangbo/ros2_learn/tongxun_learn/install/py03_acton/share/py03_acton/hook/ament_prefix_path.sh'
[10.805s] INFO:colcon.colcon_core.shell:Skip shell extension 'powershell' for command environment: Not usable outside of PowerShell
[10.806s] DEBUG:colcon.colcon_core.shell:Skip shell extension 'dsv' for command environment
[11.099s] INFO:colcon.colcon_core.task.python.build:Building Python package in '/home/huangbo/ros2_learn/tongxun_learn/src/py03_acton'
[11.099s] INFO:colcon.colcon_core.shell:Skip shell extension 'powershell' for command environment: Not usable outside of PowerShell
[11.099s] DEBUG:colcon.colcon_core.shell:Skip shell extension 'dsv' for command environment
[11.217s] DEBUG:colcon.colcon_core.task.python.build:Available setuptools commands: rotate, compile_catalog, saveopts, develop, bdist_egg, register, easy_install, install_scripts, check, build_scripts, install_headers, test, update_catalog, upload, sdist, build, upload_docs, egg_info, symlink_data, build_clib, install_lib, install_egg_info, build_ext, clean, install_data, alias, init_catalog, install, bdist_rpm, bdist, build_py, editable_wheel, setopt, bdist_dumb, dist_info, extract_messages
[11.225s] DEBUG:colcon.colcon_core.event_handler.log_command:Invoking command in '/home/huangbo/ros2_learn/tongxun_learn/src/py01_topic': DEBUGINFOD_URLS=https://debuginfod.ubuntu.com PYTHONPATH=/home/huangbo/ros2_learn/tongxun_learn/build/py01_topic/prefix_override:/usr/lib/python3/dist-packages/colcon_core/task/python/colcon_distutils_commands:/home/huangbo/ros2_learn/tongxun_learn/install/py01_topic/lib/python3.12/site-packages:/home/huangbo/ros2_learn/tongxun_learn/install/student_interfaces/lib/python3.12/site-packages:/home/huangbo/ros2_learn/tongxun_learn/install/py03_acton/lib/python3.12/site-packages:/home/huangbo/ros2_learn/tongxun_learn/install/py01_topic/lib/python3.12/site-packages:/home/huangbo/ros2_learn/tongxun_learn/install/py07_jx/lib/python3.12/site-packages:/home/huangbo/ros2_learn/tongxun_learn/install/py06_lianxi/lib/python3.12/site-packages:/home/huangbo/ros2_learn/tongxun_learn/install/py05_time/lib/python3.12/site-packages:/home/huangbo/ros2_learn/tongxun_learn/install/py04_param/lib/python3.12/site-packages:/home/huangbo/ros2_learn/tongxun_learn/install/py02_service_my/lib/python3.12/site-packages:/home/huangbo/ros2_learn/tongxun_learn/install/py02_service/lib/python3.12/site-packages:/home/huangbo/ros2_learn/tongxun_learn/install/base_tongxun_s/lib/python3.12/site-packages:/opt/ros/jazzy/opt/gz_math_vendor/lib/python:/opt/ros/jazzy/lib/python3.12/site-packages /usr/bin/python3 -W ignore:setup.py install is deprecated -W ignore:easy_install command is deprecated setup.py egg_info --egg-base ../../build/py01_topic build --build-base /home/huangbo/ros2_learn/tongxun_learn/build/py01_topic/build install --record /home/huangbo/ros2_learn/tongxun_learn/build/py01_topic/install.log --install-scripts $base/lib/py01_topic --single-version-externally-managed install_data
[11.882s] DEBUG:colcon.colcon_core.task.python.build:Available setuptools commands: rotate, compile_catalog, saveopts, develop, bdist_egg, register, easy_install, install_scripts, check, build_scripts, install_headers, test, update_catalog, upload, sdist, build, upload_docs, egg_info, symlink_data, build_clib, install_lib, install_egg_info, build_ext, clean, install_data, alias, init_catalog, install, bdist_rpm, bdist, build_py, editable_wheel, setopt, bdist_dumb, dist_info, extract_messages
[11.889s] DEBUG:colcon.colcon_core.event_handler.log_command:Invoking command in '/home/huangbo/ros2_learn/tongxun_learn/src/py03_acton': DEBUGINFOD_URLS=https://debuginfod.ubuntu.com PYTHONPATH=/home/huangbo/ros2_learn/tongxun_learn/build/py03_acton/prefix_override:/usr/lib/python3/dist-packages/colcon_core/task/python/colcon_distutils_commands:/home/huangbo/ros2_learn/tongxun_learn/install/py03_acton/lib/python3.12/site-packages:/home/huangbo/ros2_learn/tongxun_learn/install/student_interfaces/lib/python3.12/site-packages:/home/huangbo/ros2_learn/tongxun_learn/install/py03_acton/lib/python3.12/site-packages:/home/huangbo/ros2_learn/tongxun_learn/install/py01_topic/lib/python3.12/site-packages:/home/huangbo/ros2_learn/tongxun_learn/install/py07_jx/lib/python3.12/site-packages:/home/huangbo/ros2_learn/tongxun_learn/install/py06_lianxi/lib/python3.12/site-packages:/home/huangbo/ros2_learn/tongxun_learn/install/py05_time/lib/python3.12/site-packages:/home/huangbo/ros2_learn/tongxun_learn/install/py04_param/lib/python3.12/site-packages:/home/huangbo/ros2_learn/tongxun_learn/install/py02_service_my/lib/python3.12/site-packages:/home/huangbo/ros2_learn/tongxun_learn/install/py02_service/lib/python3.12/site-packages:/home/huangbo/ros2_learn/tongxun_learn/install/base_tongxun_s/lib/python3.12/site-packages:/opt/ros/jazzy/opt/gz_math_vendor/lib/python:/opt/ros/jazzy/lib/python3.12/site-packages /usr/bin/python3 -W ignore:setup.py install is deprecated -W ignore:easy_install command is deprecated setup.py egg_info --egg-base ../../build/py03_acton build --build-base /home/huangbo/ros2_learn/tongxun_learn/build/py03_acton/build install --record /home/huangbo/ros2_learn/tongxun_learn/build/py03_acton/install.log --install-scripts $base/lib/py03_acton --single-version-externally-managed install_data
[11.953s] Level 1:colcon.colcon_core.environment:checking '/home/huangbo/ros2_learn/tongxun_learn/install/py01_topic' for CMake module files
[11.957s] DEBUG:colcon.colcon_core.event_handler.log_command:Invoked command in '/home/huangbo/ros2_learn/tongxun_learn/src/py01_topic' returned '0': DEBUGINFOD_URLS=https://debuginfod.ubuntu.com PYTHONPATH=/home/huangbo/ros2_learn/tongxun_learn/build/py01_topic/prefix_override:/usr/lib/python3/dist-packages/colcon_core/task/python/colcon_distutils_commands:/home/huangbo/ros2_learn/tongxun_learn/install/py01_topic/lib/python3.12/site-packages:/home/huangbo/ros2_learn/tongxun_learn/install/student_interfaces/lib/python3.12/site-packages:/home/huangbo/ros2_learn/tongxun_learn/install/py03_acton/lib/python3.12/site-packages:/home/huangbo/ros2_learn/tongxun_learn/install/py01_topic/lib/python3.12/site-packages:/home/huangbo/ros2_learn/tongxun_learn/install/py07_jx/lib/python3.12/site-packages:/home/huangbo/ros2_learn/tongxun_learn/install/py06_lianxi/lib/python3.12/site-packages:/home/huangbo/ros2_learn/tongxun_learn/install/py05_time/lib/python3.12/site-packages:/home/huangbo/ros2_learn/tongxun_learn/install/py04_param/lib/python3.12/site-packages:/home/huangbo/ros2_learn/tongxun_learn/install/py02_service_my/lib/python3.12/site-packages:/home/huangbo/ros2_learn/tongxun_learn/install/py02_service/lib/python3.12/site-packages:/home/huangbo/ros2_learn/tongxun_learn/install/base_tongxun_s/lib/python3.12/site-packages:/opt/ros/jazzy/opt/gz_math_vendor/lib/python:/opt/ros/jazzy/lib/python3.12/site-packages /usr/bin/python3 -W ignore:setup.py install is deprecated -W ignore:easy_install command is deprecated setup.py egg_info --egg-base ../../build/py01_topic build --build-base /home/huangbo/ros2_learn/tongxun_learn/build/py01_topic/build install --record /home/huangbo/ros2_learn/tongxun_learn/build/py01_topic/install.log --install-scripts $base/lib/py01_topic --single-version-externally-managed install_data
[11.959s] Level 1:colcon.colcon_core.environment:checking '/home/huangbo/ros2_learn/tongxun_learn/install/py01_topic' for CMake config files
[11.961s] Level 1:colcon.colcon_core.environment:checking '/home/huangbo/ros2_learn/tongxun_learn/install/py01_topic/lib'
[11.962s] Level 1:colcon.colcon_core.environment:checking '/home/huangbo/ros2_learn/tongxun_learn/install/py01_topic/bin'
[11.962s] Level 1:colcon.colcon_core.environment:checking '/home/huangbo/ros2_learn/tongxun_learn/install/py01_topic/lib/pkgconfig/py01_topic.pc'
[11.962s] Level 1:colcon.colcon_core.environment:checking '/home/huangbo/ros2_learn/tongxun_learn/install/py01_topic/lib/python3.12/site-packages'
[11.962s] Level 1:colcon.colcon_core.shell:create_environment_hook('py01_topic', 'pythonpath')
[11.963s] INFO:colcon.colcon_core.shell:Creating environment hook '/home/huangbo/ros2_learn/tongxun_learn/install/py01_topic/share/py01_topic/hook/pythonpath.ps1'
[11.964s] INFO:colcon.colcon_core.shell:Creating environment descriptor '/home/huangbo/ros2_learn/tongxun_learn/install/py01_topic/share/py01_topic/hook/pythonpath.dsv'
[11.965s] INFO:colcon.colcon_core.shell:Creating environment hook '/home/huangbo/ros2_learn/tongxun_learn/install/py01_topic/share/py01_topic/hook/pythonpath.sh'
[11.967s] Level 1:colcon.colcon_core.environment:checking '/home/huangbo/ros2_learn/tongxun_learn/install/py01_topic/bin'
[11.968s] Level 1:colcon.colcon_core.environment:create_environment_scripts_only(py01_topic)
[11.968s] INFO:colcon.colcon_core.shell:Creating package script '/home/huangbo/ros2_learn/tongxun_learn/install/py01_topic/share/py01_topic/package.ps1'
[11.969s] INFO:colcon.colcon_core.shell:Creating package descriptor '/home/huangbo/ros2_learn/tongxun_learn/install/py01_topic/share/py01_topic/package.dsv'
[11.971s] INFO:colcon.colcon_core.shell:Creating package script '/home/huangbo/ros2_learn/tongxun_learn/install/py01_topic/share/py01_topic/package.sh'
[11.976s] INFO:colcon.colcon_core.shell:Creating package script '/home/huangbo/ros2_learn/tongxun_learn/install/py01_topic/share/py01_topic/package.bash'
[11.978s] INFO:colcon.colcon_core.shell:Creating package script '/home/huangbo/ros2_learn/tongxun_learn/install/py01_topic/share/py01_topic/package.zsh'
[11.979s] Level 1:colcon.colcon_core.environment:create_file_with_runtime_dependencies(/home/huangbo/ros2_learn/tongxun_learn/install/py01_topic/share/colcon-core/packages/py01_topic)
[12.586s] Level 1:colcon.colcon_core.environment:checking '/home/huangbo/ros2_learn/tongxun_learn/install/py03_acton' for CMake module files
[12.588s] Level 1:colcon.colcon_core.environment:checking '/home/huangbo/ros2_learn/tongxun_learn/install/py03_acton' for CMake config files
[12.587s] DEBUG:colcon.colcon_core.event_handler.log_command:Invoked command in '/home/huangbo/ros2_learn/tongxun_learn/src/py03_acton' returned '0': DEBUGINFOD_URLS=https://debuginfod.ubuntu.com PYTHONPATH=/home/huangbo/ros2_learn/tongxun_learn/build/py03_acton/prefix_override:/usr/lib/python3/dist-packages/colcon_core/task/python/colcon_distutils_commands:/home/huangbo/ros2_learn/tongxun_learn/install/py03_acton/lib/python3.12/site-packages:/home/huangbo/ros2_learn/tongxun_learn/install/student_interfaces/lib/python3.12/site-packages:/home/huangbo/ros2_learn/tongxun_learn/install/py03_acton/lib/python3.12/site-packages:/home/huangbo/ros2_learn/tongxun_learn/install/py01_topic/lib/python3.12/site-packages:/home/huangbo/ros2_learn/tongxun_learn/install/py07_jx/lib/python3.12/site-packages:/home/huangbo/ros2_learn/tongxun_learn/install/py06_lianxi/lib/python3.12/site-packages:/home/huangbo/ros2_learn/tongxun_learn/install/py05_time/lib/python3.12/site-packages:/home/huangbo/ros2_learn/tongxun_learn/install/py04_param/lib/python3.12/site-packages:/home/huangbo/ros2_learn/tongxun_learn/install/py02_service_my/lib/python3.12/site-packages:/home/huangbo/ros2_learn/tongxun_learn/install/py02_service/lib/python3.12/site-packages:/home/huangbo/ros2_learn/tongxun_learn/install/base_tongxun_s/lib/python3.12/site-packages:/opt/ros/jazzy/opt/gz_math_vendor/lib/python:/opt/ros/jazzy/lib/python3.12/site-packages /usr/bin/python3 -W ignore:setup.py install is deprecated -W ignore:easy_install command is deprecated setup.py egg_info --egg-base ../../build/py03_acton build --build-base /home/huangbo/ros2_learn/tongxun_learn/build/py03_acton/build install --record /home/huangbo/ros2_learn/tongxun_learn/build/py03_acton/install.log --install-scripts $base/lib/py03_acton --single-version-externally-managed install_data
[12.588s] Level 1:colcon.colcon_core.environment:checking '/home/huangbo/ros2_learn/tongxun_learn/install/py03_acton/lib'
[12.589s] Level 1:colcon.colcon_core.environment:checking '/home/huangbo/ros2_learn/tongxun_learn/install/py03_acton/bin'
[12.589s] Level 1:colcon.colcon_core.environment:checking '/home/huangbo/ros2_learn/tongxun_learn/install/py03_acton/lib/pkgconfig/py03_acton.pc'
[12.589s] Level 1:colcon.colcon_core.environment:checking '/home/huangbo/ros2_learn/tongxun_learn/install/py03_acton/lib/python3.12/site-packages'
[12.590s] Level 1:colcon.colcon_core.shell:create_environment_hook('py03_acton', 'pythonpath')
[12.590s] INFO:colcon.colcon_core.shell:Creating environment hook '/home/huangbo/ros2_learn/tongxun_learn/install/py03_acton/share/py03_acton/hook/pythonpath.ps1'
[12.591s] INFO:colcon.colcon_core.shell:Creating environment descriptor '/home/huangbo/ros2_learn/tongxun_learn/install/py03_acton/share/py03_acton/hook/pythonpath.dsv'
[12.592s] INFO:colcon.colcon_core.shell:Creating environment hook '/home/huangbo/ros2_learn/tongxun_learn/install/py03_acton/share/py03_acton/hook/pythonpath.sh'
[12.593s] Level 1:colcon.colcon_core.environment:checking '/home/huangbo/ros2_learn/tongxun_learn/install/py03_acton/bin'
[12.593s] Level 1:colcon.colcon_core.environment:create_environment_scripts_only(py03_acton)
[12.594s] INFO:colcon.colcon_core.shell:Creating package script '/home/huangbo/ros2_learn/tongxun_learn/install/py03_acton/share/py03_acton/package.ps1'
[12.595s] INFO:colcon.colcon_core.shell:Creating package descriptor '/home/huangbo/ros2_learn/tongxun_learn/install/py03_acton/share/py03_acton/package.dsv'
[12.596s] INFO:colcon.colcon_core.shell:Creating package script '/home/huangbo/ros2_learn/tongxun_learn/install/py03_acton/share/py03_acton/package.sh'
[12.597s] INFO:colcon.colcon_core.shell:Creating package script '/home/huangbo/ros2_learn/tongxun_learn/install/py03_acton/share/py03_acton/package.bash'
[12.597s] INFO:colcon.colcon_core.shell:Creating package script '/home/huangbo/ros2_learn/tongxun_learn/install/py03_acton/share/py03_acton/package.zsh'
[12.598s] Level 1:colcon.colcon_core.environment:create_file_with_runtime_dependencies(/home/huangbo/ros2_learn/tongxun_learn/install/py03_acton/share/colcon-core/packages/py03_acton)
[12.600s] DEBUG:colcon.colcon_parallel_executor.executor.parallel:closing loop
[12.601s] DEBUG:colcon.colcon_parallel_executor.executor.parallel:loop closed
[12.601s] DEBUG:colcon.colcon_parallel_executor.executor.parallel:run_until_complete finished with '0'
[12.601s] DEBUG:colcon.colcon_core.event_reactor:joining thread
[12.609s] INFO:colcon.colcon_core.plugin_system:Skipping extension 'colcon_notification.desktop_notification.terminal_notifier': Not used on non-Darwin systems
[12.609s] INFO:colcon.colcon_core.plugin_system:Skipping extension 'colcon_notification.desktop_notification.win32': Not used on non-Windows systems
[12.609s] INFO:colcon.colcon_notification.desktop_notification:Sending desktop notification using 'notify2'
[12.628s] DEBUG:colcon.colcon_core.event_reactor:joined thread
[12.633s] INFO:colcon.colcon_core.shell:Creating prefix script '/home/huangbo/ros2_learn/tongxun_learn/install/local_setup.ps1'
[12.635s] INFO:colcon.colcon_core.shell:Creating prefix util module '/home/huangbo/ros2_learn/tongxun_learn/install/_local_setup_util_ps1.py'
[12.636s] INFO:colcon.colcon_core.shell:Creating prefix chain script '/home/huangbo/ros2_learn/tongxun_learn/install/setup.ps1'
[12.638s] INFO:colcon.colcon_core.shell:Creating prefix script '/home/huangbo/ros2_learn/tongxun_learn/install/local_setup.sh'
[12.639s] INFO:colcon.colcon_core.shell:Creating prefix util module '/home/huangbo/ros2_learn/tongxun_learn/install/_local_setup_util_sh.py'
[12.639s] INFO:colcon.colcon_core.shell:Creating prefix chain script '/home/huangbo/ros2_learn/tongxun_learn/install/setup.sh'
[12.641s] INFO:colcon.colcon_core.shell:Creating prefix script '/home/huangbo/ros2_learn/tongxun_learn/install/local_setup.bash'
[12.644s] INFO:colcon.colcon_core.shell:Creating prefix chain script '/home/huangbo/ros2_learn/tongxun_learn/install/setup.bash'
[12.646s] INFO:colcon.colcon_core.shell:Creating prefix script '/home/huangbo/ros2_learn/tongxun_learn/install/local_setup.zsh'
[12.646s] INFO:colcon.colcon_core.shell:Creating prefix chain script '/home/huangbo/ros2_learn/tongxun_learn/install/setup.zsh'
