[0.106s] DEBUG:colcon:Command line arguments: ['/usr/bin/colcon', 'build']
[0.107s] DEBUG:colcon:Parsed command line arguments: Namespace(log_base=None, log_level=None, verb_name='build', build_base='build', install_base='install', merge_install=False, symlink_install=False, test_result_base=None, continue_on_error=False, executor='parallel', parallel_workers=2, event_handlers=None, ignore_user_meta=False, metas=['./colcon.meta'], base_paths=['.'], packages_ignore=None, packages_ignore_regex=None, paths=None, packages_up_to=None, packages_up_to_regex=None, packages_above=None, packages_above_and_dependencies=None, packages_above_depth=None, packages_select_by_dep=None, packages_skip_by_dep=None, packages_skip_up_to=None, packages_select_build_failed=False, packages_skip_build_finished=False, packages_select_test_failures=False, packages_skip_test_passed=False, packages_select=None, packages_skip=None, packages_select_regex=None, packages_skip_regex=None, packages_start=None, packages_end=None, allow_overriding=[], cmake_args=None, cmake_target=None, cmake_target_skip_unavailable=False, cmake_clean_cache=False, cmake_clean_first=False, cmake_force_configure=False, ament_cmake_args=None, catkin_cmake_args=None, catkin_skip_building_tests=False, mixin_files=None, mixin=None, verb_parser=<colcon_mixin.mixin.mixin_argument.MixinArgumentDecorator object at 0x7216827a5550>, verb_extension=<colcon_core.verb.build.BuildVerb object at 0x721682877b90>, main=<bound method BuildVerb.main of <colcon_core.verb.build.BuildVerb object at 0x721682877b90>>, mixin_verb=('build',))
[0.147s] Level 1:colcon.colcon_core.package_discovery:discover_packages(colcon_meta) check parameters
[0.148s] Level 1:colcon.colcon_core.package_discovery:discover_packages(recursive) check parameters
[0.148s] Level 1:colcon.colcon_core.package_discovery:discover_packages(ignore) check parameters
[0.148s] Level 1:colcon.colcon_core.package_discovery:discover_packages(path) check parameters
[0.148s] Level 1:colcon.colcon_core.package_discovery:discover_packages(colcon_meta) discover
[0.148s] Level 1:colcon.colcon_core.package_discovery:discover_packages(recursive) discover
[0.149s] INFO:colcon.colcon_core.package_discovery:Crawling recursively for packages in '/home/huangbo/ros2_learn/tongxun_learn'
[0.149s] Level 1:colcon.colcon_core.package_identification:_identify(.) by extensions ['ignore', 'ignore_ament_install']
[0.149s] Level 1:colcon.colcon_core.package_identification:_identify(.) by extension 'ignore'
[0.149s] Level 1:colcon.colcon_core.package_identification:_identify(.) by extension 'ignore_ament_install'
[0.149s] Level 1:colcon.colcon_core.package_identification:_identify(.) by extensions ['colcon_pkg']
[0.149s] Level 1:colcon.colcon_core.package_identification:_identify(.) by extension 'colcon_pkg'
[0.149s] Level 1:colcon.colcon_core.package_identification:_identify(.) by extensions ['colcon_meta']
[0.149s] Level 1:colcon.colcon_core.package_identification:_identify(.) by extension 'colcon_meta'
[0.149s] Level 1:colcon.colcon_core.package_identification:_identify(.) by extensions ['ros']
[0.149s] Level 1:colcon.colcon_core.package_identification:_identify(.) by extension 'ros'
[0.173s] Level 1:colcon.colcon_core.package_identification:_identify(.) by extensions ['cmake', 'python']
[0.174s] Level 1:colcon.colcon_core.package_identification:_identify(.) by extension 'cmake'
[0.174s] Level 1:colcon.colcon_core.package_identification:_identify(.) by extension 'python'
[0.174s] Level 1:colcon.colcon_core.package_identification:_identify(.) by extensions ['python_setup_py']
[0.174s] Level 1:colcon.colcon_core.package_identification:_identify(.) by extension 'python_setup_py'
[0.174s] Level 1:colcon.colcon_core.package_identification:_identify(build) by extensions ['ignore', 'ignore_ament_install']
[0.174s] Level 1:colcon.colcon_core.package_identification:_identify(build) by extension 'ignore'
[0.174s] Level 1:colcon.colcon_core.package_identification:_identify(build) ignored
[0.175s] Level 1:colcon.colcon_core.package_identification:_identify(install) by extensions ['ignore', 'ignore_ament_install']
[0.175s] Level 1:colcon.colcon_core.package_identification:_identify(install) by extension 'ignore'
[0.175s] Level 1:colcon.colcon_core.package_identification:_identify(install) ignored
[0.175s] Level 1:colcon.colcon_core.package_identification:_identify(log) by extensions ['ignore', 'ignore_ament_install']
[0.175s] Level 1:colcon.colcon_core.package_identification:_identify(log) by extension 'ignore'
[0.175s] Level 1:colcon.colcon_core.package_identification:_identify(log) ignored
[0.176s] Level 1:colcon.colcon_core.package_identification:_identify(src) by extensions ['ignore', 'ignore_ament_install']
[0.176s] Level 1:colcon.colcon_core.package_identification:_identify(src) by extension 'ignore'
[0.176s] Level 1:colcon.colcon_core.package_identification:_identify(src) by extension 'ignore_ament_install'
[0.176s] Level 1:colcon.colcon_core.package_identification:_identify(src) by extensions ['colcon_pkg']
[0.176s] Level 1:colcon.colcon_core.package_identification:_identify(src) by extension 'colcon_pkg'
[0.176s] Level 1:colcon.colcon_core.package_identification:_identify(src) by extensions ['colcon_meta']
[0.176s] Level 1:colcon.colcon_core.package_identification:_identify(src) by extension 'colcon_meta'
[0.176s] Level 1:colcon.colcon_core.package_identification:_identify(src) by extensions ['ros']
[0.176s] Level 1:colcon.colcon_core.package_identification:_identify(src) by extension 'ros'
[0.177s] Level 1:colcon.colcon_core.package_identification:_identify(src) by extensions ['cmake', 'python']
[0.177s] Level 1:colcon.colcon_core.package_identification:_identify(src) by extension 'cmake'
[0.177s] Level 1:colcon.colcon_core.package_identification:_identify(src) by extension 'python'
[0.177s] Level 1:colcon.colcon_core.package_identification:_identify(src) by extensions ['python_setup_py']
[0.177s] Level 1:colcon.colcon_core.package_identification:_identify(src) by extension 'python_setup_py'
[0.177s] Level 1:colcon.colcon_core.package_identification:_identify(src/base_tongxun_s) by extensions ['ignore', 'ignore_ament_install']
[0.177s] Level 1:colcon.colcon_core.package_identification:_identify(src/base_tongxun_s) by extension 'ignore'
[0.178s] Level 1:colcon.colcon_core.package_identification:_identify(src/base_tongxun_s) by extension 'ignore_ament_install'
[0.178s] Level 1:colcon.colcon_core.package_identification:_identify(src/base_tongxun_s) by extensions ['colcon_pkg']
[0.178s] Level 1:colcon.colcon_core.package_identification:_identify(src/base_tongxun_s) by extension 'colcon_pkg'
[0.178s] Level 1:colcon.colcon_core.package_identification:_identify(src/base_tongxun_s) by extensions ['colcon_meta']
[0.178s] Level 1:colcon.colcon_core.package_identification:_identify(src/base_tongxun_s) by extension 'colcon_meta'
[0.178s] Level 1:colcon.colcon_core.package_identification:_identify(src/base_tongxun_s) by extensions ['ros']
[0.178s] Level 1:colcon.colcon_core.package_identification:_identify(src/base_tongxun_s) by extension 'ros'
[0.181s] DEBUG:colcon.colcon_core.package_identification:Package 'src/base_tongxun_s' with type 'ros.ament_python' and name 'base_tongxun_s'
[0.181s] Level 1:colcon.colcon_core.package_identification:_identify(src/build) by extensions ['ignore', 'ignore_ament_install']
[0.181s] Level 1:colcon.colcon_core.package_identification:_identify(src/build) by extension 'ignore'
[0.181s] Level 1:colcon.colcon_core.package_identification:_identify(src/build) ignored
[0.182s] Level 1:colcon.colcon_core.package_identification:_identify(src/install) by extensions ['ignore', 'ignore_ament_install']
[0.182s] Level 1:colcon.colcon_core.package_identification:_identify(src/install) by extension 'ignore'
[0.182s] Level 1:colcon.colcon_core.package_identification:_identify(src/install) ignored
[0.182s] Level 1:colcon.colcon_core.package_identification:_identify(src/log) by extensions ['ignore', 'ignore_ament_install']
[0.183s] Level 1:colcon.colcon_core.package_identification:_identify(src/log) by extension 'ignore'
[0.183s] Level 1:colcon.colcon_core.package_identification:_identify(src/log) ignored
[0.183s] Level 1:colcon.colcon_core.package_identification:_identify(src/py01_topic) by extensions ['ignore', 'ignore_ament_install']
[0.183s] Level 1:colcon.colcon_core.package_identification:_identify(src/py01_topic) by extension 'ignore'
[0.183s] Level 1:colcon.colcon_core.package_identification:_identify(src/py01_topic) by extension 'ignore_ament_install'
[0.183s] Level 1:colcon.colcon_core.package_identification:_identify(src/py01_topic) by extensions ['colcon_pkg']
[0.183s] Level 1:colcon.colcon_core.package_identification:_identify(src/py01_topic) by extension 'colcon_pkg'
[0.183s] Level 1:colcon.colcon_core.package_identification:_identify(src/py01_topic) by extensions ['colcon_meta']
[0.184s] Level 1:colcon.colcon_core.package_identification:_identify(src/py01_topic) by extension 'colcon_meta'
[0.184s] Level 1:colcon.colcon_core.package_identification:_identify(src/py01_topic) by extensions ['ros']
[0.184s] Level 1:colcon.colcon_core.package_identification:_identify(src/py01_topic) by extension 'ros'
[0.185s] DEBUG:colcon.colcon_core.package_identification:Package 'src/py01_topic' with type 'ros.ament_python' and name 'py01_topic'
[0.185s] Level 1:colcon.colcon_core.package_identification:_identify(src/py02_service) by extensions ['ignore', 'ignore_ament_install']
[0.185s] Level 1:colcon.colcon_core.package_identification:_identify(src/py02_service) by extension 'ignore'
[0.185s] Level 1:colcon.colcon_core.package_identification:_identify(src/py02_service) by extension 'ignore_ament_install'
[0.185s] Level 1:colcon.colcon_core.package_identification:_identify(src/py02_service) by extensions ['colcon_pkg']
[0.185s] Level 1:colcon.colcon_core.package_identification:_identify(src/py02_service) by extension 'colcon_pkg'
[0.185s] Level 1:colcon.colcon_core.package_identification:_identify(src/py02_service) by extensions ['colcon_meta']
[0.186s] Level 1:colcon.colcon_core.package_identification:_identify(src/py02_service) by extension 'colcon_meta'
[0.186s] Level 1:colcon.colcon_core.package_identification:_identify(src/py02_service) by extensions ['ros']
[0.186s] Level 1:colcon.colcon_core.package_identification:_identify(src/py02_service) by extension 'ros'
[0.186s] DEBUG:colcon.colcon_core.package_identification:Package 'src/py02_service' with type 'ros.ament_python' and name 'py02_service'
[0.186s] Level 1:colcon.colcon_core.package_identification:_identify(src/py02_service_my) by extensions ['ignore', 'ignore_ament_install']
[0.186s] Level 1:colcon.colcon_core.package_identification:_identify(src/py02_service_my) by extension 'ignore'
[0.187s] Level 1:colcon.colcon_core.package_identification:_identify(src/py02_service_my) by extension 'ignore_ament_install'
[0.187s] Level 1:colcon.colcon_core.package_identification:_identify(src/py02_service_my) by extensions ['colcon_pkg']
[0.187s] Level 1:colcon.colcon_core.package_identification:_identify(src/py02_service_my) by extension 'colcon_pkg'
[0.187s] Level 1:colcon.colcon_core.package_identification:_identify(src/py02_service_my) by extensions ['colcon_meta']
[0.187s] Level 1:colcon.colcon_core.package_identification:_identify(src/py02_service_my) by extension 'colcon_meta'
[0.187s] Level 1:colcon.colcon_core.package_identification:_identify(src/py02_service_my) by extensions ['ros']
[0.187s] Level 1:colcon.colcon_core.package_identification:_identify(src/py02_service_my) by extension 'ros'
[0.188s] DEBUG:colcon.colcon_core.package_identification:Package 'src/py02_service_my' with type 'ros.ament_python' and name 'py02_service_my'
[0.188s] Level 1:colcon.colcon_core.package_identification:_identify(src/py03_acton) by extensions ['ignore', 'ignore_ament_install']
[0.188s] Level 1:colcon.colcon_core.package_identification:_identify(src/py03_acton) by extension 'ignore'
[0.188s] Level 1:colcon.colcon_core.package_identification:_identify(src/py03_acton) by extension 'ignore_ament_install'
[0.188s] Level 1:colcon.colcon_core.package_identification:_identify(src/py03_acton) by extensions ['colcon_pkg']
[0.188s] Level 1:colcon.colcon_core.package_identification:_identify(src/py03_acton) by extension 'colcon_pkg'
[0.188s] Level 1:colcon.colcon_core.package_identification:_identify(src/py03_acton) by extensions ['colcon_meta']
[0.188s] Level 1:colcon.colcon_core.package_identification:_identify(src/py03_acton) by extension 'colcon_meta'
[0.189s] Level 1:colcon.colcon_core.package_identification:_identify(src/py03_acton) by extensions ['ros']
[0.189s] Level 1:colcon.colcon_core.package_identification:_identify(src/py03_acton) by extension 'ros'
[0.189s] DEBUG:colcon.colcon_core.package_identification:Package 'src/py03_acton' with type 'ros.ament_python' and name 'py03_acton'
[0.189s] Level 1:colcon.colcon_core.package_identification:_identify(src/py04_param) by extensions ['ignore', 'ignore_ament_install']
[0.190s] Level 1:colcon.colcon_core.package_identification:_identify(src/py04_param) by extension 'ignore'
[0.190s] Level 1:colcon.colcon_core.package_identification:_identify(src/py04_param) by extension 'ignore_ament_install'
[0.190s] Level 1:colcon.colcon_core.package_identification:_identify(src/py04_param) by extensions ['colcon_pkg']
[0.190s] Level 1:colcon.colcon_core.package_identification:_identify(src/py04_param) by extension 'colcon_pkg'
[0.190s] Level 1:colcon.colcon_core.package_identification:_identify(src/py04_param) by extensions ['colcon_meta']
[0.190s] Level 1:colcon.colcon_core.package_identification:_identify(src/py04_param) by extension 'colcon_meta'
[0.190s] Level 1:colcon.colcon_core.package_identification:_identify(src/py04_param) by extensions ['ros']
[0.190s] Level 1:colcon.colcon_core.package_identification:_identify(src/py04_param) by extension 'ros'
[0.191s] DEBUG:colcon.colcon_core.package_identification:Package 'src/py04_param' with type 'ros.ament_python' and name 'py04_param'
[0.191s] Level 1:colcon.colcon_core.package_identification:_identify(src/py05_time) by extensions ['ignore', 'ignore_ament_install']
[0.191s] Level 1:colcon.colcon_core.package_identification:_identify(src/py05_time) by extension 'ignore'
[0.191s] Level 1:colcon.colcon_core.package_identification:_identify(src/py05_time) by extension 'ignore_ament_install'
[0.191s] Level 1:colcon.colcon_core.package_identification:_identify(src/py05_time) by extensions ['colcon_pkg']
[0.191s] Level 1:colcon.colcon_core.package_identification:_identify(src/py05_time) by extension 'colcon_pkg'
[0.191s] Level 1:colcon.colcon_core.package_identification:_identify(src/py05_time) by extensions ['colcon_meta']
[0.192s] Level 1:colcon.colcon_core.package_identification:_identify(src/py05_time) by extension 'colcon_meta'
[0.192s] Level 1:colcon.colcon_core.package_identification:_identify(src/py05_time) by extensions ['ros']
[0.192s] Level 1:colcon.colcon_core.package_identification:_identify(src/py05_time) by extension 'ros'
[0.192s] DEBUG:colcon.colcon_core.package_identification:Package 'src/py05_time' with type 'ros.ament_python' and name 'py05_time'
[0.192s] Level 1:colcon.colcon_core.package_identification:_identify(src/py06_lianxi) by extensions ['ignore', 'ignore_ament_install']
[0.192s] Level 1:colcon.colcon_core.package_identification:_identify(src/py06_lianxi) by extension 'ignore'
[0.193s] Level 1:colcon.colcon_core.package_identification:_identify(src/py06_lianxi) by extension 'ignore_ament_install'
[0.193s] Level 1:colcon.colcon_core.package_identification:_identify(src/py06_lianxi) by extensions ['colcon_pkg']
[0.193s] Level 1:colcon.colcon_core.package_identification:_identify(src/py06_lianxi) by extension 'colcon_pkg'
[0.193s] Level 1:colcon.colcon_core.package_identification:_identify(src/py06_lianxi) by extensions ['colcon_meta']
[0.193s] Level 1:colcon.colcon_core.package_identification:_identify(src/py06_lianxi) by extension 'colcon_meta'
[0.193s] Level 1:colcon.colcon_core.package_identification:_identify(src/py06_lianxi) by extensions ['ros']
[0.193s] Level 1:colcon.colcon_core.package_identification:_identify(src/py06_lianxi) by extension 'ros'
[0.193s] DEBUG:colcon.colcon_core.package_identification:Package 'src/py06_lianxi' with type 'ros.ament_python' and name 'py06_lianxi'
[0.194s] Level 1:colcon.colcon_core.package_identification:_identify(src/py07_jx) by extensions ['ignore', 'ignore_ament_install']
[0.194s] Level 1:colcon.colcon_core.package_identification:_identify(src/py07_jx) by extension 'ignore'
[0.194s] Level 1:colcon.colcon_core.package_identification:_identify(src/py07_jx) by extension 'ignore_ament_install'
[0.194s] Level 1:colcon.colcon_core.package_identification:_identify(src/py07_jx) by extensions ['colcon_pkg']
[0.194s] Level 1:colcon.colcon_core.package_identification:_identify(src/py07_jx) by extension 'colcon_pkg'
[0.194s] Level 1:colcon.colcon_core.package_identification:_identify(src/py07_jx) by extensions ['colcon_meta']
[0.194s] Level 1:colcon.colcon_core.package_identification:_identify(src/py07_jx) by extension 'colcon_meta'
[0.194s] Level 1:colcon.colcon_core.package_identification:_identify(src/py07_jx) by extensions ['ros']
[0.194s] Level 1:colcon.colcon_core.package_identification:_identify(src/py07_jx) by extension 'ros'
[0.195s] DEBUG:colcon.colcon_core.package_identification:Package 'src/py07_jx' with type 'ros.ament_python' and name 'py07_jx'
[0.195s] Level 1:colcon.colcon_core.package_identification:_identify(src/student_interfaces) by extensions ['ignore', 'ignore_ament_install']
[0.195s] Level 1:colcon.colcon_core.package_identification:_identify(src/student_interfaces) by extension 'ignore'
[0.195s] Level 1:colcon.colcon_core.package_identification:_identify(src/student_interfaces) by extension 'ignore_ament_install'
[0.195s] Level 1:colcon.colcon_core.package_identification:_identify(src/student_interfaces) by extensions ['colcon_pkg']
[0.195s] Level 1:colcon.colcon_core.package_identification:_identify(src/student_interfaces) by extension 'colcon_pkg'
[0.196s] Level 1:colcon.colcon_core.package_identification:_identify(src/student_interfaces) by extensions ['colcon_meta']
[0.196s] Level 1:colcon.colcon_core.package_identification:_identify(src/student_interfaces) by extension 'colcon_meta'
[0.196s] Level 1:colcon.colcon_core.package_identification:_identify(src/student_interfaces) by extensions ['ros']
[0.196s] Level 1:colcon.colcon_core.package_identification:_identify(src/student_interfaces) by extension 'ros'
[0.196s] DEBUG:colcon.colcon_core.package_identification:Package 'src/student_interfaces' with type 'ros.ament_cmake' and name 'student_interfaces'
[0.196s] Level 1:colcon.colcon_core.package_discovery:discover_packages(recursive) using defaults
[0.196s] Level 1:colcon.colcon_core.package_discovery:discover_packages(ignore) discover
[0.197s] Level 1:colcon.colcon_core.package_discovery:discover_packages(ignore) using defaults
[0.197s] Level 1:colcon.colcon_core.package_discovery:discover_packages(path) discover
[0.197s] Level 1:colcon.colcon_core.package_discovery:discover_packages(path) using defaults
[0.215s] Level 1:colcon.colcon_core.package_discovery:discover_packages(prefix_path) check parameters
[0.215s] Level 1:colcon.colcon_core.package_discovery:discover_packages(prefix_path) discover
[0.217s] DEBUG:colcon.colcon_installed_package_information.package_discovery:Found 10 installed packages in /home/huangbo/ros2_learn/tongxun_learn/install
[0.218s] DEBUG:colcon.colcon_installed_package_information.package_discovery:Found 287 installed packages in /opt/ros/jazzy
[0.220s] Level 1:colcon.colcon_core.package_discovery:discover_packages(prefix_path) using defaults
[0.275s] Level 5:colcon.colcon_core.verb:set package 'base_tongxun_s' build argument 'cmake_args' from command line to 'None'
[0.276s] Level 5:colcon.colcon_core.verb:set package 'base_tongxun_s' build argument 'cmake_target' from command line to 'None'
[0.276s] Level 5:colcon.colcon_core.verb:set package 'base_tongxun_s' build argument 'cmake_target_skip_unavailable' from command line to 'False'
[0.276s] Level 5:colcon.colcon_core.verb:set package 'base_tongxun_s' build argument 'cmake_clean_cache' from command line to 'False'
[0.276s] Level 5:colcon.colcon_core.verb:set package 'base_tongxun_s' build argument 'cmake_clean_first' from command line to 'False'
[0.276s] Level 5:colcon.colcon_core.verb:set package 'base_tongxun_s' build argument 'cmake_force_configure' from command line to 'False'
[0.276s] Level 5:colcon.colcon_core.verb:set package 'base_tongxun_s' build argument 'ament_cmake_args' from command line to 'None'
[0.276s] Level 5:colcon.colcon_core.verb:set package 'base_tongxun_s' build argument 'catkin_cmake_args' from command line to 'None'
[0.276s] Level 5:colcon.colcon_core.verb:set package 'base_tongxun_s' build argument 'catkin_skip_building_tests' from command line to 'False'
[0.277s] DEBUG:colcon.colcon_core.verb:Building package 'base_tongxun_s' with the following arguments: {'ament_cmake_args': None, 'build_base': '/home/huangbo/ros2_learn/tongxun_learn/build/base_tongxun_s', 'catkin_cmake_args': None, 'catkin_skip_building_tests': False, 'cmake_args': None, 'cmake_clean_cache': False, 'cmake_clean_first': False, 'cmake_force_configure': False, 'cmake_target': None, 'cmake_target_skip_unavailable': False, 'install_base': '/home/huangbo/ros2_learn/tongxun_learn/install/base_tongxun_s', 'merge_install': False, 'path': '/home/huangbo/ros2_learn/tongxun_learn/src/base_tongxun_s', 'symlink_install': False, 'test_result_base': None}
[0.277s] Level 5:colcon.colcon_core.verb:set package 'py02_service' build argument 'cmake_args' from command line to 'None'
[0.277s] Level 5:colcon.colcon_core.verb:set package 'py02_service' build argument 'cmake_target' from command line to 'None'
[0.277s] Level 5:colcon.colcon_core.verb:set package 'py02_service' build argument 'cmake_target_skip_unavailable' from command line to 'False'
[0.277s] Level 5:colcon.colcon_core.verb:set package 'py02_service' build argument 'cmake_clean_cache' from command line to 'False'
[0.277s] Level 5:colcon.colcon_core.verb:set package 'py02_service' build argument 'cmake_clean_first' from command line to 'False'
[0.277s] Level 5:colcon.colcon_core.verb:set package 'py02_service' build argument 'cmake_force_configure' from command line to 'False'
[0.277s] Level 5:colcon.colcon_core.verb:set package 'py02_service' build argument 'ament_cmake_args' from command line to 'None'
[0.278s] Level 5:colcon.colcon_core.verb:set package 'py02_service' build argument 'catkin_cmake_args' from command line to 'None'
[0.278s] Level 5:colcon.colcon_core.verb:set package 'py02_service' build argument 'catkin_skip_building_tests' from command line to 'False'
[0.278s] DEBUG:colcon.colcon_core.verb:Building package 'py02_service' with the following arguments: {'ament_cmake_args': None, 'build_base': '/home/huangbo/ros2_learn/tongxun_learn/build/py02_service', 'catkin_cmake_args': None, 'catkin_skip_building_tests': False, 'cmake_args': None, 'cmake_clean_cache': False, 'cmake_clean_first': False, 'cmake_force_configure': False, 'cmake_target': None, 'cmake_target_skip_unavailable': False, 'install_base': '/home/huangbo/ros2_learn/tongxun_learn/install/py02_service', 'merge_install': False, 'path': '/home/huangbo/ros2_learn/tongxun_learn/src/py02_service', 'symlink_install': False, 'test_result_base': None}
[0.278s] Level 5:colcon.colcon_core.verb:set package 'py02_service_my' build argument 'cmake_args' from command line to 'None'
[0.278s] Level 5:colcon.colcon_core.verb:set package 'py02_service_my' build argument 'cmake_target' from command line to 'None'
[0.278s] Level 5:colcon.colcon_core.verb:set package 'py02_service_my' build argument 'cmake_target_skip_unavailable' from command line to 'False'
[0.279s] Level 5:colcon.colcon_core.verb:set package 'py02_service_my' build argument 'cmake_clean_cache' from command line to 'False'
[0.279s] Level 5:colcon.colcon_core.verb:set package 'py02_service_my' build argument 'cmake_clean_first' from command line to 'False'
[0.279s] Level 5:colcon.colcon_core.verb:set package 'py02_service_my' build argument 'cmake_force_configure' from command line to 'False'
[0.279s] Level 5:colcon.colcon_core.verb:set package 'py02_service_my' build argument 'ament_cmake_args' from command line to 'None'
[0.279s] Level 5:colcon.colcon_core.verb:set package 'py02_service_my' build argument 'catkin_cmake_args' from command line to 'None'
[0.279s] Level 5:colcon.colcon_core.verb:set package 'py02_service_my' build argument 'catkin_skip_building_tests' from command line to 'False'
[0.279s] DEBUG:colcon.colcon_core.verb:Building package 'py02_service_my' with the following arguments: {'ament_cmake_args': None, 'build_base': '/home/huangbo/ros2_learn/tongxun_learn/build/py02_service_my', 'catkin_cmake_args': None, 'catkin_skip_building_tests': False, 'cmake_args': None, 'cmake_clean_cache': False, 'cmake_clean_first': False, 'cmake_force_configure': False, 'cmake_target': None, 'cmake_target_skip_unavailable': False, 'install_base': '/home/huangbo/ros2_learn/tongxun_learn/install/py02_service_my', 'merge_install': False, 'path': '/home/huangbo/ros2_learn/tongxun_learn/src/py02_service_my', 'symlink_install': False, 'test_result_base': None}
[0.279s] Level 5:colcon.colcon_core.verb:set package 'py04_param' build argument 'cmake_args' from command line to 'None'
[0.280s] Level 5:colcon.colcon_core.verb:set package 'py04_param' build argument 'cmake_target' from command line to 'None'
[0.280s] Level 5:colcon.colcon_core.verb:set package 'py04_param' build argument 'cmake_target_skip_unavailable' from command line to 'False'
[0.280s] Level 5:colcon.colcon_core.verb:set package 'py04_param' build argument 'cmake_clean_cache' from command line to 'False'
[0.280s] Level 5:colcon.colcon_core.verb:set package 'py04_param' build argument 'cmake_clean_first' from command line to 'False'
[0.280s] Level 5:colcon.colcon_core.verb:set package 'py04_param' build argument 'cmake_force_configure' from command line to 'False'
[0.280s] Level 5:colcon.colcon_core.verb:set package 'py04_param' build argument 'ament_cmake_args' from command line to 'None'
[0.280s] Level 5:colcon.colcon_core.verb:set package 'py04_param' build argument 'catkin_cmake_args' from command line to 'None'
[0.280s] Level 5:colcon.colcon_core.verb:set package 'py04_param' build argument 'catkin_skip_building_tests' from command line to 'False'
[0.280s] DEBUG:colcon.colcon_core.verb:Building package 'py04_param' with the following arguments: {'ament_cmake_args': None, 'build_base': '/home/huangbo/ros2_learn/tongxun_learn/build/py04_param', 'catkin_cmake_args': None, 'catkin_skip_building_tests': False, 'cmake_args': None, 'cmake_clean_cache': False, 'cmake_clean_first': False, 'cmake_force_configure': False, 'cmake_target': None, 'cmake_target_skip_unavailable': False, 'install_base': '/home/huangbo/ros2_learn/tongxun_learn/install/py04_param', 'merge_install': False, 'path': '/home/huangbo/ros2_learn/tongxun_learn/src/py04_param', 'symlink_install': False, 'test_result_base': None}
[0.281s] Level 5:colcon.colcon_core.verb:set package 'py05_time' build argument 'cmake_args' from command line to 'None'
[0.281s] Level 5:colcon.colcon_core.verb:set package 'py05_time' build argument 'cmake_target' from command line to 'None'
[0.281s] Level 5:colcon.colcon_core.verb:set package 'py05_time' build argument 'cmake_target_skip_unavailable' from command line to 'False'
[0.281s] Level 5:colcon.colcon_core.verb:set package 'py05_time' build argument 'cmake_clean_cache' from command line to 'False'
[0.281s] Level 5:colcon.colcon_core.verb:set package 'py05_time' build argument 'cmake_clean_first' from command line to 'False'
[0.281s] Level 5:colcon.colcon_core.verb:set package 'py05_time' build argument 'cmake_force_configure' from command line to 'False'
[0.281s] Level 5:colcon.colcon_core.verb:set package 'py05_time' build argument 'ament_cmake_args' from command line to 'None'
[0.282s] Level 5:colcon.colcon_core.verb:set package 'py05_time' build argument 'catkin_cmake_args' from command line to 'None'
[0.282s] Level 5:colcon.colcon_core.verb:set package 'py05_time' build argument 'catkin_skip_building_tests' from command line to 'False'
[0.282s] DEBUG:colcon.colcon_core.verb:Building package 'py05_time' with the following arguments: {'ament_cmake_args': None, 'build_base': '/home/huangbo/ros2_learn/tongxun_learn/build/py05_time', 'catkin_cmake_args': None, 'catkin_skip_building_tests': False, 'cmake_args': None, 'cmake_clean_cache': False, 'cmake_clean_first': False, 'cmake_force_configure': False, 'cmake_target': None, 'cmake_target_skip_unavailable': False, 'install_base': '/home/huangbo/ros2_learn/tongxun_learn/install/py05_time', 'merge_install': False, 'path': '/home/huangbo/ros2_learn/tongxun_learn/src/py05_time', 'symlink_install': False, 'test_result_base': None}
[0.282s] Level 5:colcon.colcon_core.verb:set package 'py06_lianxi' build argument 'cmake_args' from command line to 'None'
[0.282s] Level 5:colcon.colcon_core.verb:set package 'py06_lianxi' build argument 'cmake_target' from command line to 'None'
[0.282s] Level 5:colcon.colcon_core.verb:set package 'py06_lianxi' build argument 'cmake_target_skip_unavailable' from command line to 'False'
[0.282s] Level 5:colcon.colcon_core.verb:set package 'py06_lianxi' build argument 'cmake_clean_cache' from command line to 'False'
[0.283s] Level 5:colcon.colcon_core.verb:set package 'py06_lianxi' build argument 'cmake_clean_first' from command line to 'False'
[0.283s] Level 5:colcon.colcon_core.verb:set package 'py06_lianxi' build argument 'cmake_force_configure' from command line to 'False'
[0.290s] Level 5:colcon.colcon_core.verb:set package 'py06_lianxi' build argument 'ament_cmake_args' from command line to 'None'
[0.290s] Level 5:colcon.colcon_core.verb:set package 'py06_lianxi' build argument 'catkin_cmake_args' from command line to 'None'
[0.290s] Level 5:colcon.colcon_core.verb:set package 'py06_lianxi' build argument 'catkin_skip_building_tests' from command line to 'False'
[0.290s] DEBUG:colcon.colcon_core.verb:Building package 'py06_lianxi' with the following arguments: {'ament_cmake_args': None, 'build_base': '/home/huangbo/ros2_learn/tongxun_learn/build/py06_lianxi', 'catkin_cmake_args': None, 'catkin_skip_building_tests': False, 'cmake_args': None, 'cmake_clean_cache': False, 'cmake_clean_first': False, 'cmake_force_configure': False, 'cmake_target': None, 'cmake_target_skip_unavailable': False, 'install_base': '/home/huangbo/ros2_learn/tongxun_learn/install/py06_lianxi', 'merge_install': False, 'path': '/home/huangbo/ros2_learn/tongxun_learn/src/py06_lianxi', 'symlink_install': False, 'test_result_base': None}
[0.291s] Level 5:colcon.colcon_core.verb:set package 'py07_jx' build argument 'cmake_args' from command line to 'None'
[0.291s] Level 5:colcon.colcon_core.verb:set package 'py07_jx' build argument 'cmake_target' from command line to 'None'
[0.291s] Level 5:colcon.colcon_core.verb:set package 'py07_jx' build argument 'cmake_target_skip_unavailable' from command line to 'False'
[0.292s] Level 5:colcon.colcon_core.verb:set package 'py07_jx' build argument 'cmake_clean_cache' from command line to 'False'
[0.292s] Level 5:colcon.colcon_core.verb:set package 'py07_jx' build argument 'cmake_clean_first' from command line to 'False'
[0.292s] Level 5:colcon.colcon_core.verb:set package 'py07_jx' build argument 'cmake_force_configure' from command line to 'False'
[0.292s] Level 5:colcon.colcon_core.verb:set package 'py07_jx' build argument 'ament_cmake_args' from command line to 'None'
[0.292s] Level 5:colcon.colcon_core.verb:set package 'py07_jx' build argument 'catkin_cmake_args' from command line to 'None'
[0.292s] Level 5:colcon.colcon_core.verb:set package 'py07_jx' build argument 'catkin_skip_building_tests' from command line to 'False'
[0.292s] DEBUG:colcon.colcon_core.verb:Building package 'py07_jx' with the following arguments: {'ament_cmake_args': None, 'build_base': '/home/huangbo/ros2_learn/tongxun_learn/build/py07_jx', 'catkin_cmake_args': None, 'catkin_skip_building_tests': False, 'cmake_args': None, 'cmake_clean_cache': False, 'cmake_clean_first': False, 'cmake_force_configure': False, 'cmake_target': None, 'cmake_target_skip_unavailable': False, 'install_base': '/home/huangbo/ros2_learn/tongxun_learn/install/py07_jx', 'merge_install': False, 'path': '/home/huangbo/ros2_learn/tongxun_learn/src/py07_jx', 'symlink_install': False, 'test_result_base': None}
[0.293s] Level 5:colcon.colcon_core.verb:set package 'student_interfaces' build argument 'cmake_args' from command line to 'None'
[0.293s] Level 5:colcon.colcon_core.verb:set package 'student_interfaces' build argument 'cmake_target' from command line to 'None'
[0.293s] Level 5:colcon.colcon_core.verb:set package 'student_interfaces' build argument 'cmake_target_skip_unavailable' from command line to 'False'
[0.293s] Level 5:colcon.colcon_core.verb:set package 'student_interfaces' build argument 'cmake_clean_cache' from command line to 'False'
[0.293s] Level 5:colcon.colcon_core.verb:set package 'student_interfaces' build argument 'cmake_clean_first' from command line to 'False'
[0.293s] Level 5:colcon.colcon_core.verb:set package 'student_interfaces' build argument 'cmake_force_configure' from command line to 'False'
[0.293s] Level 5:colcon.colcon_core.verb:set package 'student_interfaces' build argument 'ament_cmake_args' from command line to 'None'
[0.293s] Level 5:colcon.colcon_core.verb:set package 'student_interfaces' build argument 'catkin_cmake_args' from command line to 'None'
[0.293s] Level 5:colcon.colcon_core.verb:set package 'student_interfaces' build argument 'catkin_skip_building_tests' from command line to 'False'
[0.294s] DEBUG:colcon.colcon_core.verb:Building package 'student_interfaces' with the following arguments: {'ament_cmake_args': None, 'build_base': '/home/huangbo/ros2_learn/tongxun_learn/build/student_interfaces', 'catkin_cmake_args': None, 'catkin_skip_building_tests': False, 'cmake_args': None, 'cmake_clean_cache': False, 'cmake_clean_first': False, 'cmake_force_configure': False, 'cmake_target': None, 'cmake_target_skip_unavailable': False, 'install_base': '/home/huangbo/ros2_learn/tongxun_learn/install/student_interfaces', 'merge_install': False, 'path': '/home/huangbo/ros2_learn/tongxun_learn/src/student_interfaces', 'symlink_install': False, 'test_result_base': None}
[0.294s] Level 5:colcon.colcon_core.verb:set package 'py01_topic' build argument 'cmake_args' from command line to 'None'
[0.294s] Level 5:colcon.colcon_core.verb:set package 'py01_topic' build argument 'cmake_target' from command line to 'None'
[0.294s] Level 5:colcon.colcon_core.verb:set package 'py01_topic' build argument 'cmake_target_skip_unavailable' from command line to 'False'
[0.294s] Level 5:colcon.colcon_core.verb:set package 'py01_topic' build argument 'cmake_clean_cache' from command line to 'False'
[0.294s] Level 5:colcon.colcon_core.verb:set package 'py01_topic' build argument 'cmake_clean_first' from command line to 'False'
[0.295s] Level 5:colcon.colcon_core.verb:set package 'py01_topic' build argument 'cmake_force_configure' from command line to 'False'
[0.295s] Level 5:colcon.colcon_core.verb:set package 'py01_topic' build argument 'ament_cmake_args' from command line to 'None'
[0.295s] Level 5:colcon.colcon_core.verb:set package 'py01_topic' build argument 'catkin_cmake_args' from command line to 'None'
[0.295s] Level 5:colcon.colcon_core.verb:set package 'py01_topic' build argument 'catkin_skip_building_tests' from command line to 'False'
[0.295s] DEBUG:colcon.colcon_core.verb:Building package 'py01_topic' with the following arguments: {'ament_cmake_args': None, 'build_base': '/home/huangbo/ros2_learn/tongxun_learn/build/py01_topic', 'catkin_cmake_args': None, 'catkin_skip_building_tests': False, 'cmake_args': None, 'cmake_clean_cache': False, 'cmake_clean_first': False, 'cmake_force_configure': False, 'cmake_target': None, 'cmake_target_skip_unavailable': False, 'install_base': '/home/huangbo/ros2_learn/tongxun_learn/install/py01_topic', 'merge_install': False, 'path': '/home/huangbo/ros2_learn/tongxun_learn/src/py01_topic', 'symlink_install': False, 'test_result_base': None}
[0.295s] Level 5:colcon.colcon_core.verb:set package 'py03_acton' build argument 'cmake_args' from command line to 'None'
[0.295s] Level 5:colcon.colcon_core.verb:set package 'py03_acton' build argument 'cmake_target' from command line to 'None'
[0.295s] Level 5:colcon.colcon_core.verb:set package 'py03_acton' build argument 'cmake_target_skip_unavailable' from command line to 'False'
[0.296s] Level 5:colcon.colcon_core.verb:set package 'py03_acton' build argument 'cmake_clean_cache' from command line to 'False'
[0.296s] Level 5:colcon.colcon_core.verb:set package 'py03_acton' build argument 'cmake_clean_first' from command line to 'False'
[0.296s] Level 5:colcon.colcon_core.verb:set package 'py03_acton' build argument 'cmake_force_configure' from command line to 'False'
[0.296s] Level 5:colcon.colcon_core.verb:set package 'py03_acton' build argument 'ament_cmake_args' from command line to 'None'
[0.296s] Level 5:colcon.colcon_core.verb:set package 'py03_acton' build argument 'catkin_cmake_args' from command line to 'None'
[0.296s] Level 5:colcon.colcon_core.verb:set package 'py03_acton' build argument 'catkin_skip_building_tests' from command line to 'False'
[0.296s] DEBUG:colcon.colcon_core.verb:Building package 'py03_acton' with the following arguments: {'ament_cmake_args': None, 'build_base': '/home/huangbo/ros2_learn/tongxun_learn/build/py03_acton', 'catkin_cmake_args': None, 'catkin_skip_building_tests': False, 'cmake_args': None, 'cmake_clean_cache': False, 'cmake_clean_first': False, 'cmake_force_configure': False, 'cmake_target': None, 'cmake_target_skip_unavailable': False, 'install_base': '/home/huangbo/ros2_learn/tongxun_learn/install/py03_acton', 'merge_install': False, 'path': '/home/huangbo/ros2_learn/tongxun_learn/src/py03_acton', 'symlink_install': False, 'test_result_base': None}
[0.296s] INFO:colcon.colcon_core.executor:Executing jobs using 'parallel' executor
[0.299s] DEBUG:colcon.colcon_parallel_executor.executor.parallel:run_until_complete
[0.300s] INFO:colcon.colcon_ros.task.ament_cmake.build:Building ROS package in '/home/huangbo/ros2_learn/tongxun_learn/src/student_interfaces' with build type 'ament_cmake'
[0.300s] INFO:colcon.colcon_cmake.task.cmake.build:Building CMake package in '/home/huangbo/ros2_learn/tongxun_learn/src/student_interfaces'
[0.303s] INFO:colcon.colcon_core.plugin_system:Skipping extension 'colcon_core.shell.bat': Not used on non-Windows systems
[0.303s] INFO:colcon.colcon_core.shell:Skip shell extension 'powershell' for command environment: Not usable outside of PowerShell
[0.303s] DEBUG:colcon.colcon_core.shell:Skip shell extension 'dsv' for command environment
[0.311s] INFO:colcon.colcon_ros.task.ament_python.build:Building ROS package in '/home/huangbo/ros2_learn/tongxun_learn/src/base_tongxun_s' with build type 'ament_python'
[0.311s] Level 1:colcon.colcon_core.shell:create_environment_hook('base_tongxun_s', 'ament_prefix_path')
[0.311s] INFO:colcon.colcon_core.shell:Creating environment hook '/home/huangbo/ros2_learn/tongxun_learn/install/base_tongxun_s/share/base_tongxun_s/hook/ament_prefix_path.ps1'
[0.312s] INFO:colcon.colcon_core.shell:Creating environment descriptor '/home/huangbo/ros2_learn/tongxun_learn/install/base_tongxun_s/share/base_tongxun_s/hook/ament_prefix_path.dsv'
[0.313s] INFO:colcon.colcon_core.shell:Creating environment hook '/home/huangbo/ros2_learn/tongxun_learn/install/base_tongxun_s/share/base_tongxun_s/hook/ament_prefix_path.sh'
[0.314s] INFO:colcon.colcon_core.shell:Skip shell extension 'powershell' for command environment: Not usable outside of PowerShell
[0.314s] DEBUG:colcon.colcon_core.shell:Skip shell extension 'dsv' for command environment
[0.330s] DEBUG:colcon.colcon_core.event_handler.log_command:Invoking command in '/home/huangbo/ros2_learn/tongxun_learn/build/student_interfaces': CMAKE_PREFIX_PATH=/home/huangbo/ros2_learn/tongxun_learn/install/py03_acton:/home/huangbo/ros2_learn/tongxun_learn/install/py01_topic:/home/huangbo/ros2_learn/tongxun_learn/install/py07_jx:/home/huangbo/ros2_learn/tongxun_learn/install/py06_lianxi:/home/huangbo/ros2_learn/tongxun_learn/install/py05_time:/home/huangbo/ros2_learn/tongxun_learn/install/py04_param:/home/huangbo/ros2_learn/tongxun_learn/install/py02_service_my:/home/huangbo/ros2_learn/tongxun_learn/install/py02_service:/home/huangbo/ros2_learn/tongxun_learn/install/base_tongxun_s:/opt/ros/jazzy:${CMAKE_PREFIX_PATH} DEBUGINFOD_URLS=https://debuginfod.ubuntu.com /usr/bin/cmake --build /home/huangbo/ros2_learn/tongxun_learn/build/student_interfaces -- -j2 -l2
[0.771s] INFO:colcon.colcon_core.task.python.build:Building Python package in '/home/huangbo/ros2_learn/tongxun_learn/src/base_tongxun_s'
[0.771s] INFO:colcon.colcon_core.shell:Skip shell extension 'powershell' for command environment: Not usable outside of PowerShell
[0.771s] DEBUG:colcon.colcon_core.shell:Skip shell extension 'dsv' for command environment
[1.331s] DEBUG:colcon.colcon_core.event_handler.log_command:Invoked command in '/home/huangbo/ros2_learn/tongxun_learn/build/student_interfaces' returned '0': CMAKE_PREFIX_PATH=/home/huangbo/ros2_learn/tongxun_learn/install/py03_acton:/home/huangbo/ros2_learn/tongxun_learn/install/py01_topic:/home/huangbo/ros2_learn/tongxun_learn/install/py07_jx:/home/huangbo/ros2_learn/tongxun_learn/install/py06_lianxi:/home/huangbo/ros2_learn/tongxun_learn/install/py05_time:/home/huangbo/ros2_learn/tongxun_learn/install/py04_param:/home/huangbo/ros2_learn/tongxun_learn/install/py02_service_my:/home/huangbo/ros2_learn/tongxun_learn/install/py02_service:/home/huangbo/ros2_learn/tongxun_learn/install/base_tongxun_s:/opt/ros/jazzy:${CMAKE_PREFIX_PATH} DEBUGINFOD_URLS=https://debuginfod.ubuntu.com /usr/bin/cmake --build /home/huangbo/ros2_learn/tongxun_learn/build/student_interfaces -- -j2 -l2
[1.347s] DEBUG:colcon.colcon_core.event_handler.log_command:Invoking command in '/home/huangbo/ros2_learn/tongxun_learn/build/student_interfaces': CMAKE_PREFIX_PATH=/home/huangbo/ros2_learn/tongxun_learn/install/py03_acton:/home/huangbo/ros2_learn/tongxun_learn/install/py01_topic:/home/huangbo/ros2_learn/tongxun_learn/install/py07_jx:/home/huangbo/ros2_learn/tongxun_learn/install/py06_lianxi:/home/huangbo/ros2_learn/tongxun_learn/install/py05_time:/home/huangbo/ros2_learn/tongxun_learn/install/py04_param:/home/huangbo/ros2_learn/tongxun_learn/install/py02_service_my:/home/huangbo/ros2_learn/tongxun_learn/install/py02_service:/home/huangbo/ros2_learn/tongxun_learn/install/base_tongxun_s:/opt/ros/jazzy:${CMAKE_PREFIX_PATH} DEBUGINFOD_URLS=https://debuginfod.ubuntu.com /usr/bin/cmake --install /home/huangbo/ros2_learn/tongxun_learn/build/student_interfaces
[1.471s] Level 1:colcon.colcon_core.environment:create_environment_scripts_only(student_interfaces)
[1.485s] DEBUG:colcon.colcon_core.event_handler.log_command:Invoked command in '/home/huangbo/ros2_learn/tongxun_learn/build/student_interfaces' returned '0': CMAKE_PREFIX_PATH=/home/huangbo/ros2_learn/tongxun_learn/install/py03_acton:/home/huangbo/ros2_learn/tongxun_learn/install/py01_topic:/home/huangbo/ros2_learn/tongxun_learn/install/py07_jx:/home/huangbo/ros2_learn/tongxun_learn/install/py06_lianxi:/home/huangbo/ros2_learn/tongxun_learn/install/py05_time:/home/huangbo/ros2_learn/tongxun_learn/install/py04_param:/home/huangbo/ros2_learn/tongxun_learn/install/py02_service_my:/home/huangbo/ros2_learn/tongxun_learn/install/py02_service:/home/huangbo/ros2_learn/tongxun_learn/install/base_tongxun_s:/opt/ros/jazzy:${CMAKE_PREFIX_PATH} DEBUGINFOD_URLS=https://debuginfod.ubuntu.com /usr/bin/cmake --install /home/huangbo/ros2_learn/tongxun_learn/build/student_interfaces
[1.488s] Level 1:colcon.colcon_core.environment:checking '/home/huangbo/ros2_learn/tongxun_learn/install/student_interfaces' for CMake module files
[1.490s] Level 1:colcon.colcon_core.environment:checking '/home/huangbo/ros2_learn/tongxun_learn/install/student_interfaces' for CMake config files
[1.493s] Level 1:colcon.colcon_core.shell:create_environment_hook('student_interfaces', 'cmake_prefix_path')
[1.495s] INFO:colcon.colcon_core.shell:Creating environment hook '/home/huangbo/ros2_learn/tongxun_learn/install/student_interfaces/share/student_interfaces/hook/cmake_prefix_path.ps1'
[1.498s] INFO:colcon.colcon_core.shell:Creating environment descriptor '/home/huangbo/ros2_learn/tongxun_learn/install/student_interfaces/share/student_interfaces/hook/cmake_prefix_path.dsv'
[1.500s] INFO:colcon.colcon_core.shell:Creating environment hook '/home/huangbo/ros2_learn/tongxun_learn/install/student_interfaces/share/student_interfaces/hook/cmake_prefix_path.sh'
[1.504s] Level 1:colcon.colcon_core.environment:checking '/home/huangbo/ros2_learn/tongxun_learn/install/student_interfaces/lib'
[1.505s] Level 1:colcon.colcon_core.shell:create_environment_hook('student_interfaces', 'ld_library_path_lib')
[1.506s] INFO:colcon.colcon_core.shell:Creating environment hook '/home/huangbo/ros2_learn/tongxun_learn/install/student_interfaces/share/student_interfaces/hook/ld_library_path_lib.ps1'
[1.507s] INFO:colcon.colcon_core.shell:Creating environment descriptor '/home/huangbo/ros2_learn/tongxun_learn/install/student_interfaces/share/student_interfaces/hook/ld_library_path_lib.dsv'
[1.510s] INFO:colcon.colcon_core.shell:Creating environment hook '/home/huangbo/ros2_learn/tongxun_learn/install/student_interfaces/share/student_interfaces/hook/ld_library_path_lib.sh'
[1.512s] Level 1:colcon.colcon_core.environment:checking '/home/huangbo/ros2_learn/tongxun_learn/install/student_interfaces/bin'
[1.512s] Level 1:colcon.colcon_core.environment:checking '/home/huangbo/ros2_learn/tongxun_learn/install/student_interfaces/lib/pkgconfig/student_interfaces.pc'
[1.513s] Level 1:colcon.colcon_core.environment:checking '/home/huangbo/ros2_learn/tongxun_learn/install/student_interfaces/lib/python3.12/site-packages'
[1.514s] Level 1:colcon.colcon_core.shell:create_environment_hook('student_interfaces', 'pythonpath')
[1.514s] INFO:colcon.colcon_core.shell:Creating environment hook '/home/huangbo/ros2_learn/tongxun_learn/install/student_interfaces/share/student_interfaces/hook/pythonpath.ps1'
[1.515s] INFO:colcon.colcon_core.shell:Creating environment descriptor '/home/huangbo/ros2_learn/tongxun_learn/install/student_interfaces/share/student_interfaces/hook/pythonpath.dsv'
[1.518s] INFO:colcon.colcon_core.shell:Creating environment hook '/home/huangbo/ros2_learn/tongxun_learn/install/student_interfaces/share/student_interfaces/hook/pythonpath.sh'
[1.565s] Level 1:colcon.colcon_core.environment:checking '/home/huangbo/ros2_learn/tongxun_learn/install/student_interfaces/bin'
[1.565s] INFO:colcon.colcon_core.shell:Creating package script '/home/huangbo/ros2_learn/tongxun_learn/install/student_interfaces/share/student_interfaces/package.ps1'
[1.571s] INFO:colcon.colcon_core.shell:Creating package descriptor '/home/huangbo/ros2_learn/tongxun_learn/install/student_interfaces/share/student_interfaces/package.dsv'
[1.581s] INFO:colcon.colcon_core.shell:Creating package script '/home/huangbo/ros2_learn/tongxun_learn/install/student_interfaces/share/student_interfaces/package.sh'
[1.588s] INFO:colcon.colcon_core.shell:Creating package script '/home/huangbo/ros2_learn/tongxun_learn/install/student_interfaces/share/student_interfaces/package.bash'
[1.598s] INFO:colcon.colcon_core.shell:Creating package script '/home/huangbo/ros2_learn/tongxun_learn/install/student_interfaces/share/student_interfaces/package.zsh'
[1.599s] Level 1:colcon.colcon_core.environment:create_file_with_runtime_dependencies(/home/huangbo/ros2_learn/tongxun_learn/install/student_interfaces/share/colcon-core/packages/student_interfaces)
[1.608s] Level 1:colcon.colcon_core.environment:create_environment_scripts_only(student_interfaces)
[1.608s] Level 1:colcon.colcon_core.environment:checking '/home/huangbo/ros2_learn/tongxun_learn/install/student_interfaces' for CMake module files
[1.609s] Level 1:colcon.colcon_core.environment:checking '/home/huangbo/ros2_learn/tongxun_learn/install/student_interfaces' for CMake config files
[1.614s] Level 1:colcon.colcon_core.shell:create_environment_hook('student_interfaces', 'cmake_prefix_path')
[1.615s] INFO:colcon.colcon_core.shell:Creating environment hook '/home/huangbo/ros2_learn/tongxun_learn/install/student_interfaces/share/student_interfaces/hook/cmake_prefix_path.ps1'
[1.615s] INFO:colcon.colcon_core.shell:Creating environment descriptor '/home/huangbo/ros2_learn/tongxun_learn/install/student_interfaces/share/student_interfaces/hook/cmake_prefix_path.dsv'
[1.618s] INFO:colcon.colcon_core.shell:Creating environment hook '/home/huangbo/ros2_learn/tongxun_learn/install/student_interfaces/share/student_interfaces/hook/cmake_prefix_path.sh'
[1.631s] Level 1:colcon.colcon_core.environment:checking '/home/huangbo/ros2_learn/tongxun_learn/install/student_interfaces/lib'
[1.631s] Level 1:colcon.colcon_core.shell:create_environment_hook('student_interfaces', 'ld_library_path_lib')
[1.633s] INFO:colcon.colcon_core.shell:Creating environment hook '/home/huangbo/ros2_learn/tongxun_learn/install/student_interfaces/share/student_interfaces/hook/ld_library_path_lib.ps1'
[1.634s] INFO:colcon.colcon_core.shell:Creating environment descriptor '/home/huangbo/ros2_learn/tongxun_learn/install/student_interfaces/share/student_interfaces/hook/ld_library_path_lib.dsv'
[1.635s] INFO:colcon.colcon_core.shell:Creating environment hook '/home/huangbo/ros2_learn/tongxun_learn/install/student_interfaces/share/student_interfaces/hook/ld_library_path_lib.sh'
[1.641s] Level 1:colcon.colcon_core.environment:checking '/home/huangbo/ros2_learn/tongxun_learn/install/student_interfaces/bin'
[1.641s] Level 1:colcon.colcon_core.environment:checking '/home/huangbo/ros2_learn/tongxun_learn/install/student_interfaces/lib/pkgconfig/student_interfaces.pc'
[1.641s] Level 1:colcon.colcon_core.environment:checking '/home/huangbo/ros2_learn/tongxun_learn/install/student_interfaces/lib/python3.12/site-packages'
[1.642s] Level 1:colcon.colcon_core.shell:create_environment_hook('student_interfaces', 'pythonpath')
[1.642s] INFO:colcon.colcon_core.shell:Creating environment hook '/home/huangbo/ros2_learn/tongxun_learn/install/student_interfaces/share/student_interfaces/hook/pythonpath.ps1'
[1.645s] INFO:colcon.colcon_core.shell:Creating environment descriptor '/home/huangbo/ros2_learn/tongxun_learn/install/student_interfaces/share/student_interfaces/hook/pythonpath.dsv'
[1.648s] INFO:colcon.colcon_core.shell:Creating environment hook '/home/huangbo/ros2_learn/tongxun_learn/install/student_interfaces/share/student_interfaces/hook/pythonpath.sh'
[1.652s] Level 1:colcon.colcon_core.environment:checking '/home/huangbo/ros2_learn/tongxun_learn/install/student_interfaces/bin'
[1.653s] INFO:colcon.colcon_core.shell:Creating package script '/home/huangbo/ros2_learn/tongxun_learn/install/student_interfaces/share/student_interfaces/package.ps1'
[1.657s] INFO:colcon.colcon_core.shell:Creating package descriptor '/home/huangbo/ros2_learn/tongxun_learn/install/student_interfaces/share/student_interfaces/package.dsv'
[1.658s] INFO:colcon.colcon_core.shell:Creating package script '/home/huangbo/ros2_learn/tongxun_learn/install/student_interfaces/share/student_interfaces/package.sh'
[1.661s] INFO:colcon.colcon_core.shell:Creating package script '/home/huangbo/ros2_learn/tongxun_learn/install/student_interfaces/share/student_interfaces/package.bash'
[1.662s] INFO:colcon.colcon_core.shell:Creating package script '/home/huangbo/ros2_learn/tongxun_learn/install/student_interfaces/share/student_interfaces/package.zsh'
[1.668s] Level 1:colcon.colcon_core.environment:create_file_with_runtime_dependencies(/home/huangbo/ros2_learn/tongxun_learn/install/student_interfaces/share/colcon-core/packages/student_interfaces)
[1.670s] INFO:colcon.colcon_ros.task.ament_python.build:Building ROS package in '/home/huangbo/ros2_learn/tongxun_learn/src/py02_service' with build type 'ament_python'
[1.670s] Level 1:colcon.colcon_core.shell:create_environment_hook('py02_service', 'ament_prefix_path')
[1.670s] INFO:colcon.colcon_core.shell:Creating environment hook '/home/huangbo/ros2_learn/tongxun_learn/install/py02_service/share/py02_service/hook/ament_prefix_path.ps1'
[1.672s] INFO:colcon.colcon_core.shell:Creating environment descriptor '/home/huangbo/ros2_learn/tongxun_learn/install/py02_service/share/py02_service/hook/ament_prefix_path.dsv'
[1.675s] INFO:colcon.colcon_core.shell:Creating environment hook '/home/huangbo/ros2_learn/tongxun_learn/install/py02_service/share/py02_service/hook/ament_prefix_path.sh'
[1.675s] INFO:colcon.colcon_core.shell:Skip shell extension 'powershell' for command environment: Not usable outside of PowerShell
[1.675s] DEBUG:colcon.colcon_core.shell:Skip shell extension 'dsv' for command environment
[2.002s] INFO:colcon.colcon_core.task.python.build:Building Python package in '/home/huangbo/ros2_learn/tongxun_learn/src/py02_service'
[2.002s] INFO:colcon.colcon_core.shell:Skip shell extension 'powershell' for command environment: Not usable outside of PowerShell
[2.002s] DEBUG:colcon.colcon_core.shell:Skip shell extension 'dsv' for command environment
[2.056s] DEBUG:colcon.colcon_core.task.python.build:Available setuptools commands: install_lib, sdist, extract_messages, install, develop, upload_docs, editable_wheel, build_scripts, check, build_py, update_catalog, install_egg_info, symlink_data, dist_info, egg_info, setopt, build_ext, install_headers, compile_catalog, clean, bdist_egg, init_catalog, register, alias, install_data, bdist, bdist_rpm, build, bdist_dumb, build_clib, easy_install, rotate, saveopts, upload, test, install_scripts
[2.058s] DEBUG:colcon.colcon_core.event_handler.log_command:Invoking command in '/home/huangbo/ros2_learn/tongxun_learn/src/base_tongxun_s': DEBUGINFOD_URLS=https://debuginfod.ubuntu.com PYTHONPATH=/home/huangbo/ros2_learn/tongxun_learn/build/base_tongxun_s/prefix_override:/usr/lib/python3/dist-packages/colcon_core/task/python/colcon_distutils_commands:/home/huangbo/ros2_learn/tongxun_learn/install/base_tongxun_s/lib/python3.12/site-packages:${PYTHONPATH} /usr/bin/python3 -W ignore:setup.py install is deprecated -W ignore:easy_install command is deprecated setup.py egg_info --egg-base ../../build/base_tongxun_s build --build-base /home/huangbo/ros2_learn/tongxun_learn/build/base_tongxun_s/build install --record /home/huangbo/ros2_learn/tongxun_learn/build/base_tongxun_s/install.log --install-scripts $base/lib/base_tongxun_s --single-version-externally-managed install_data
[2.851s] Level 1:colcon.colcon_core.environment:checking '/home/huangbo/ros2_learn/tongxun_learn/install/base_tongxun_s' for CMake module files
[2.852s] Level 1:colcon.colcon_core.environment:checking '/home/huangbo/ros2_learn/tongxun_learn/install/base_tongxun_s' for CMake config files
[2.853s] Level 1:colcon.colcon_core.environment:checking '/home/huangbo/ros2_learn/tongxun_learn/install/base_tongxun_s/lib'
[2.853s] Level 1:colcon.colcon_core.environment:checking '/home/huangbo/ros2_learn/tongxun_learn/install/base_tongxun_s/bin'
[2.853s] Level 1:colcon.colcon_core.environment:checking '/home/huangbo/ros2_learn/tongxun_learn/install/base_tongxun_s/lib/pkgconfig/base_tongxun_s.pc'
[2.853s] Level 1:colcon.colcon_core.environment:checking '/home/huangbo/ros2_learn/tongxun_learn/install/base_tongxun_s/lib/python3.12/site-packages'
[2.854s] Level 1:colcon.colcon_core.shell:create_environment_hook('base_tongxun_s', 'pythonpath')
[2.854s] DEBUG:colcon.colcon_core.event_handler.log_command:Invoked command in '/home/huangbo/ros2_learn/tongxun_learn/src/base_tongxun_s' returned '0': DEBUGINFOD_URLS=https://debuginfod.ubuntu.com PYTHONPATH=/home/huangbo/ros2_learn/tongxun_learn/build/base_tongxun_s/prefix_override:/usr/lib/python3/dist-packages/colcon_core/task/python/colcon_distutils_commands:/home/huangbo/ros2_learn/tongxun_learn/install/base_tongxun_s/lib/python3.12/site-packages:${PYTHONPATH} /usr/bin/python3 -W ignore:setup.py install is deprecated -W ignore:easy_install command is deprecated setup.py egg_info --egg-base ../../build/base_tongxun_s build --build-base /home/huangbo/ros2_learn/tongxun_learn/build/base_tongxun_s/build install --record /home/huangbo/ros2_learn/tongxun_learn/build/base_tongxun_s/install.log --install-scripts $base/lib/base_tongxun_s --single-version-externally-managed install_data
[2.854s] INFO:colcon.colcon_core.shell:Creating environment hook '/home/huangbo/ros2_learn/tongxun_learn/install/base_tongxun_s/share/base_tongxun_s/hook/pythonpath.ps1'
[2.856s] INFO:colcon.colcon_core.shell:Creating environment descriptor '/home/huangbo/ros2_learn/tongxun_learn/install/base_tongxun_s/share/base_tongxun_s/hook/pythonpath.dsv'
[2.858s] INFO:colcon.colcon_core.shell:Creating environment hook '/home/huangbo/ros2_learn/tongxun_learn/install/base_tongxun_s/share/base_tongxun_s/hook/pythonpath.sh'
[2.859s] Level 1:colcon.colcon_core.environment:checking '/home/huangbo/ros2_learn/tongxun_learn/install/base_tongxun_s/bin'
[2.859s] Level 1:colcon.colcon_core.environment:create_environment_scripts_only(base_tongxun_s)
[2.860s] INFO:colcon.colcon_core.shell:Creating package script '/home/huangbo/ros2_learn/tongxun_learn/install/base_tongxun_s/share/base_tongxun_s/package.ps1'
[2.863s] INFO:colcon.colcon_core.shell:Creating package descriptor '/home/huangbo/ros2_learn/tongxun_learn/install/base_tongxun_s/share/base_tongxun_s/package.dsv'
[2.863s] INFO:colcon.colcon_core.shell:Creating package script '/home/huangbo/ros2_learn/tongxun_learn/install/base_tongxun_s/share/base_tongxun_s/package.sh'
[2.866s] INFO:colcon.colcon_core.shell:Creating package script '/home/huangbo/ros2_learn/tongxun_learn/install/base_tongxun_s/share/base_tongxun_s/package.bash'
[2.867s] INFO:colcon.colcon_core.shell:Creating package script '/home/huangbo/ros2_learn/tongxun_learn/install/base_tongxun_s/share/base_tongxun_s/package.zsh'
[2.867s] Level 1:colcon.colcon_core.environment:create_file_with_runtime_dependencies(/home/huangbo/ros2_learn/tongxun_learn/install/base_tongxun_s/share/colcon-core/packages/base_tongxun_s)
[2.870s] INFO:colcon.colcon_ros.task.ament_python.build:Building ROS package in '/home/huangbo/ros2_learn/tongxun_learn/src/py02_service_my' with build type 'ament_python'
[2.870s] Level 1:colcon.colcon_core.shell:create_environment_hook('py02_service_my', 'ament_prefix_path')
[2.870s] INFO:colcon.colcon_core.shell:Creating environment hook '/home/huangbo/ros2_learn/tongxun_learn/install/py02_service_my/share/py02_service_my/hook/ament_prefix_path.ps1'
[2.874s] INFO:colcon.colcon_core.shell:Creating environment descriptor '/home/huangbo/ros2_learn/tongxun_learn/install/py02_service_my/share/py02_service_my/hook/ament_prefix_path.dsv'
[2.874s] INFO:colcon.colcon_core.shell:Creating environment hook '/home/huangbo/ros2_learn/tongxun_learn/install/py02_service_my/share/py02_service_my/hook/ament_prefix_path.sh'
[2.878s] INFO:colcon.colcon_core.shell:Skip shell extension 'powershell' for command environment: Not usable outside of PowerShell
[2.878s] DEBUG:colcon.colcon_core.shell:Skip shell extension 'dsv' for command environment
[3.295s] INFO:colcon.colcon_core.task.python.build:Building Python package in '/home/huangbo/ros2_learn/tongxun_learn/src/py02_service_my'
[3.295s] INFO:colcon.colcon_core.shell:Skip shell extension 'powershell' for command environment: Not usable outside of PowerShell
[3.295s] DEBUG:colcon.colcon_core.shell:Skip shell extension 'dsv' for command environment
[3.300s] DEBUG:colcon.colcon_core.task.python.build:Available setuptools commands: install_lib, sdist, extract_messages, install, develop, upload_docs, editable_wheel, build_scripts, check, build_py, update_catalog, install_egg_info, symlink_data, dist_info, egg_info, setopt, build_ext, install_headers, compile_catalog, clean, bdist_egg, init_catalog, register, alias, install_data, bdist, bdist_rpm, build, bdist_dumb, build_clib, easy_install, rotate, saveopts, upload, test, install_scripts
[3.305s] DEBUG:colcon.colcon_core.event_handler.log_command:Invoking command in '/home/huangbo/ros2_learn/tongxun_learn/src/py02_service': DEBUGINFOD_URLS=https://debuginfod.ubuntu.com PYTHONPATH=/home/huangbo/ros2_learn/tongxun_learn/build/py02_service/prefix_override:/usr/lib/python3/dist-packages/colcon_core/task/python/colcon_distutils_commands:/home/huangbo/ros2_learn/tongxun_learn/install/py02_service/lib/python3.12/site-packages:${PYTHONPATH} /usr/bin/python3 -W ignore:setup.py install is deprecated -W ignore:easy_install command is deprecated setup.py egg_info --egg-base ../../build/py02_service build --build-base /home/huangbo/ros2_learn/tongxun_learn/build/py02_service/build install --record /home/huangbo/ros2_learn/tongxun_learn/build/py02_service/install.log --install-scripts $base/lib/py02_service --single-version-externally-managed install_data
[4.747s] Level 1:colcon.colcon_core.environment:checking '/home/huangbo/ros2_learn/tongxun_learn/install/py02_service' for CMake module files
[4.748s] DEBUG:colcon.colcon_core.event_handler.log_command:Invoked command in '/home/huangbo/ros2_learn/tongxun_learn/src/py02_service' returned '0': DEBUGINFOD_URLS=https://debuginfod.ubuntu.com PYTHONPATH=/home/huangbo/ros2_learn/tongxun_learn/build/py02_service/prefix_override:/usr/lib/python3/dist-packages/colcon_core/task/python/colcon_distutils_commands:/home/huangbo/ros2_learn/tongxun_learn/install/py02_service/lib/python3.12/site-packages:${PYTHONPATH} /usr/bin/python3 -W ignore:setup.py install is deprecated -W ignore:easy_install command is deprecated setup.py egg_info --egg-base ../../build/py02_service build --build-base /home/huangbo/ros2_learn/tongxun_learn/build/py02_service/build install --record /home/huangbo/ros2_learn/tongxun_learn/build/py02_service/install.log --install-scripts $base/lib/py02_service --single-version-externally-managed install_data
[4.748s] Level 1:colcon.colcon_core.environment:checking '/home/huangbo/ros2_learn/tongxun_learn/install/py02_service' for CMake config files
[4.749s] Level 1:colcon.colcon_core.environment:checking '/home/huangbo/ros2_learn/tongxun_learn/install/py02_service/lib'
[4.749s] Level 1:colcon.colcon_core.environment:checking '/home/huangbo/ros2_learn/tongxun_learn/install/py02_service/bin'
[4.749s] Level 1:colcon.colcon_core.environment:checking '/home/huangbo/ros2_learn/tongxun_learn/install/py02_service/lib/pkgconfig/py02_service.pc'
[4.750s] Level 1:colcon.colcon_core.environment:checking '/home/huangbo/ros2_learn/tongxun_learn/install/py02_service/lib/python3.12/site-packages'
[4.750s] Level 1:colcon.colcon_core.shell:create_environment_hook('py02_service', 'pythonpath')
[4.750s] INFO:colcon.colcon_core.shell:Creating environment hook '/home/huangbo/ros2_learn/tongxun_learn/install/py02_service/share/py02_service/hook/pythonpath.ps1'
[4.751s] INFO:colcon.colcon_core.shell:Creating environment descriptor '/home/huangbo/ros2_learn/tongxun_learn/install/py02_service/share/py02_service/hook/pythonpath.dsv'
[4.752s] INFO:colcon.colcon_core.shell:Creating environment hook '/home/huangbo/ros2_learn/tongxun_learn/install/py02_service/share/py02_service/hook/pythonpath.sh'
[4.754s] Level 1:colcon.colcon_core.environment:checking '/home/huangbo/ros2_learn/tongxun_learn/install/py02_service/bin'
[4.754s] Level 1:colcon.colcon_core.environment:create_environment_scripts_only(py02_service)
[4.754s] INFO:colcon.colcon_core.shell:Creating package script '/home/huangbo/ros2_learn/tongxun_learn/install/py02_service/share/py02_service/package.ps1'
[4.761s] INFO:colcon.colcon_core.shell:Creating package descriptor '/home/huangbo/ros2_learn/tongxun_learn/install/py02_service/share/py02_service/package.dsv'
[4.767s] INFO:colcon.colcon_core.shell:Creating package script '/home/huangbo/ros2_learn/tongxun_learn/install/py02_service/share/py02_service/package.sh'
[4.771s] INFO:colcon.colcon_core.shell:Creating package script '/home/huangbo/ros2_learn/tongxun_learn/install/py02_service/share/py02_service/package.bash'
[4.777s] INFO:colcon.colcon_core.shell:Creating package script '/home/huangbo/ros2_learn/tongxun_learn/install/py02_service/share/py02_service/package.zsh'
[4.782s] Level 1:colcon.colcon_core.environment:create_file_with_runtime_dependencies(/home/huangbo/ros2_learn/tongxun_learn/install/py02_service/share/colcon-core/packages/py02_service)
[4.793s] INFO:colcon.colcon_ros.task.ament_python.build:Building ROS package in '/home/huangbo/ros2_learn/tongxun_learn/src/py04_param' with build type 'ament_python'
[4.795s] Level 1:colcon.colcon_core.shell:create_environment_hook('py04_param', 'ament_prefix_path')
[4.796s] INFO:colcon.colcon_core.shell:Creating environment hook '/home/huangbo/ros2_learn/tongxun_learn/install/py04_param/share/py04_param/hook/ament_prefix_path.ps1'
[4.797s] INFO:colcon.colcon_core.shell:Creating environment descriptor '/home/huangbo/ros2_learn/tongxun_learn/install/py04_param/share/py04_param/hook/ament_prefix_path.dsv'
[4.798s] INFO:colcon.colcon_core.shell:Creating environment hook '/home/huangbo/ros2_learn/tongxun_learn/install/py04_param/share/py04_param/hook/ament_prefix_path.sh'
[4.799s] INFO:colcon.colcon_core.shell:Skip shell extension 'powershell' for command environment: Not usable outside of PowerShell
[4.799s] DEBUG:colcon.colcon_core.shell:Skip shell extension 'dsv' for command environment
[5.938s] INFO:colcon.colcon_core.task.python.build:Building Python package in '/home/huangbo/ros2_learn/tongxun_learn/src/py04_param'
[5.938s] INFO:colcon.colcon_core.shell:Skip shell extension 'powershell' for command environment: Not usable outside of PowerShell
[5.939s] DEBUG:colcon.colcon_core.shell:Skip shell extension 'dsv' for command environment
[5.951s] DEBUG:colcon.colcon_core.task.python.build:Available setuptools commands: install_lib, sdist, extract_messages, install, develop, upload_docs, editable_wheel, build_scripts, check, build_py, update_catalog, install_egg_info, symlink_data, dist_info, egg_info, setopt, build_ext, install_headers, compile_catalog, clean, bdist_egg, init_catalog, register, alias, install_data, bdist, bdist_rpm, build, bdist_dumb, build_clib, easy_install, rotate, saveopts, upload, test, install_scripts
[5.957s] DEBUG:colcon.colcon_core.event_handler.log_command:Invoking command in '/home/huangbo/ros2_learn/tongxun_learn/src/py02_service_my': DEBUGINFOD_URLS=https://debuginfod.ubuntu.com PYTHONPATH=/home/huangbo/ros2_learn/tongxun_learn/build/py02_service_my/prefix_override:/usr/lib/python3/dist-packages/colcon_core/task/python/colcon_distutils_commands:/home/huangbo/ros2_learn/tongxun_learn/install/py02_service_my/lib/python3.12/site-packages:${PYTHONPATH} /usr/bin/python3 -W ignore:setup.py install is deprecated -W ignore:easy_install command is deprecated setup.py egg_info --egg-base ../../build/py02_service_my build --build-base /home/huangbo/ros2_learn/tongxun_learn/build/py02_service_my/build install --record /home/huangbo/ros2_learn/tongxun_learn/build/py02_service_my/install.log --install-scripts $base/lib/py02_service_my --single-version-externally-managed install_data
[8.112s] Level 1:colcon.colcon_core.environment:checking '/home/huangbo/ros2_learn/tongxun_learn/install/py02_service_my' for CMake module files
[8.114s] DEBUG:colcon.colcon_core.event_handler.log_command:Invoked command in '/home/huangbo/ros2_learn/tongxun_learn/src/py02_service_my' returned '0': DEBUGINFOD_URLS=https://debuginfod.ubuntu.com PYTHONPATH=/home/huangbo/ros2_learn/tongxun_learn/build/py02_service_my/prefix_override:/usr/lib/python3/dist-packages/colcon_core/task/python/colcon_distutils_commands:/home/huangbo/ros2_learn/tongxun_learn/install/py02_service_my/lib/python3.12/site-packages:${PYTHONPATH} /usr/bin/python3 -W ignore:setup.py install is deprecated -W ignore:easy_install command is deprecated setup.py egg_info --egg-base ../../build/py02_service_my build --build-base /home/huangbo/ros2_learn/tongxun_learn/build/py02_service_my/build install --record /home/huangbo/ros2_learn/tongxun_learn/build/py02_service_my/install.log --install-scripts $base/lib/py02_service_my --single-version-externally-managed install_data
[8.115s] Level 1:colcon.colcon_core.environment:checking '/home/huangbo/ros2_learn/tongxun_learn/install/py02_service_my' for CMake config files
[8.116s] Level 1:colcon.colcon_core.environment:checking '/home/huangbo/ros2_learn/tongxun_learn/install/py02_service_my/lib'
[8.116s] Level 1:colcon.colcon_core.environment:checking '/home/huangbo/ros2_learn/tongxun_learn/install/py02_service_my/bin'
[8.116s] Level 1:colcon.colcon_core.environment:checking '/home/huangbo/ros2_learn/tongxun_learn/install/py02_service_my/lib/pkgconfig/py02_service_my.pc'
[8.117s] Level 1:colcon.colcon_core.environment:checking '/home/huangbo/ros2_learn/tongxun_learn/install/py02_service_my/lib/python3.12/site-packages'
[8.117s] Level 1:colcon.colcon_core.shell:create_environment_hook('py02_service_my', 'pythonpath')
[8.117s] INFO:colcon.colcon_core.shell:Creating environment hook '/home/huangbo/ros2_learn/tongxun_learn/install/py02_service_my/share/py02_service_my/hook/pythonpath.ps1'
[8.119s] INFO:colcon.colcon_core.shell:Creating environment descriptor '/home/huangbo/ros2_learn/tongxun_learn/install/py02_service_my/share/py02_service_my/hook/pythonpath.dsv'
[8.119s] INFO:colcon.colcon_core.shell:Creating environment hook '/home/huangbo/ros2_learn/tongxun_learn/install/py02_service_my/share/py02_service_my/hook/pythonpath.sh'
[8.120s] Level 1:colcon.colcon_core.environment:checking '/home/huangbo/ros2_learn/tongxun_learn/install/py02_service_my/bin'
[8.120s] Level 1:colcon.colcon_core.environment:create_environment_scripts_only(py02_service_my)
[8.121s] INFO:colcon.colcon_core.shell:Creating package script '/home/huangbo/ros2_learn/tongxun_learn/install/py02_service_my/share/py02_service_my/package.ps1'
[8.121s] INFO:colcon.colcon_core.shell:Creating package descriptor '/home/huangbo/ros2_learn/tongxun_learn/install/py02_service_my/share/py02_service_my/package.dsv'
[8.122s] INFO:colcon.colcon_core.shell:Creating package script '/home/huangbo/ros2_learn/tongxun_learn/install/py02_service_my/share/py02_service_my/package.sh'
[8.122s] INFO:colcon.colcon_core.shell:Creating package script '/home/huangbo/ros2_learn/tongxun_learn/install/py02_service_my/share/py02_service_my/package.bash'
[8.123s] INFO:colcon.colcon_core.shell:Creating package script '/home/huangbo/ros2_learn/tongxun_learn/install/py02_service_my/share/py02_service_my/package.zsh'
[8.123s] Level 1:colcon.colcon_core.environment:create_file_with_runtime_dependencies(/home/huangbo/ros2_learn/tongxun_learn/install/py02_service_my/share/colcon-core/packages/py02_service_my)
[8.124s] INFO:colcon.colcon_ros.task.ament_python.build:Building ROS package in '/home/huangbo/ros2_learn/tongxun_learn/src/py05_time' with build type 'ament_python'
[8.124s] Level 1:colcon.colcon_core.shell:create_environment_hook('py05_time', 'ament_prefix_path')
[8.124s] INFO:colcon.colcon_core.shell:Creating environment hook '/home/huangbo/ros2_learn/tongxun_learn/install/py05_time/share/py05_time/hook/ament_prefix_path.ps1'
[8.125s] INFO:colcon.colcon_core.shell:Creating environment descriptor '/home/huangbo/ros2_learn/tongxun_learn/install/py05_time/share/py05_time/hook/ament_prefix_path.dsv'
[8.125s] INFO:colcon.colcon_core.shell:Creating environment hook '/home/huangbo/ros2_learn/tongxun_learn/install/py05_time/share/py05_time/hook/ament_prefix_path.sh'
[8.126s] INFO:colcon.colcon_core.shell:Skip shell extension 'powershell' for command environment: Not usable outside of PowerShell
[8.126s] DEBUG:colcon.colcon_core.shell:Skip shell extension 'dsv' for command environment
[9.191s] INFO:colcon.colcon_core.task.python.build:Building Python package in '/home/huangbo/ros2_learn/tongxun_learn/src/py05_time'
[9.192s] INFO:colcon.colcon_core.shell:Skip shell extension 'powershell' for command environment: Not usable outside of PowerShell
[9.192s] DEBUG:colcon.colcon_core.shell:Skip shell extension 'dsv' for command environment
[9.197s] DEBUG:colcon.colcon_core.task.python.build:Available setuptools commands: install_lib, sdist, extract_messages, install, develop, upload_docs, editable_wheel, build_scripts, check, build_py, update_catalog, install_egg_info, symlink_data, dist_info, egg_info, setopt, build_ext, install_headers, compile_catalog, clean, bdist_egg, init_catalog, register, alias, install_data, bdist, bdist_rpm, build, bdist_dumb, build_clib, easy_install, rotate, saveopts, upload, test, install_scripts
[9.203s] DEBUG:colcon.colcon_core.event_handler.log_command:Invoking command in '/home/huangbo/ros2_learn/tongxun_learn/src/py04_param': DEBUGINFOD_URLS=https://debuginfod.ubuntu.com PYTHONPATH=/home/huangbo/ros2_learn/tongxun_learn/build/py04_param/prefix_override:/usr/lib/python3/dist-packages/colcon_core/task/python/colcon_distutils_commands:/home/huangbo/ros2_learn/tongxun_learn/install/py04_param/lib/python3.12/site-packages:${PYTHONPATH} /usr/bin/python3 -W ignore:setup.py install is deprecated -W ignore:easy_install command is deprecated setup.py egg_info --egg-base ../../build/py04_param build --build-base /home/huangbo/ros2_learn/tongxun_learn/build/py04_param/build install --record /home/huangbo/ros2_learn/tongxun_learn/build/py04_param/install.log --install-scripts $base/lib/py04_param --single-version-externally-managed install_data
[9.904s] Level 1:colcon.colcon_core.environment:checking '/home/huangbo/ros2_learn/tongxun_learn/install/py04_param' for CMake module files
[9.905s] Level 1:colcon.colcon_core.environment:checking '/home/huangbo/ros2_learn/tongxun_learn/install/py04_param' for CMake config files
[9.906s] DEBUG:colcon.colcon_core.event_handler.log_command:Invoked command in '/home/huangbo/ros2_learn/tongxun_learn/src/py04_param' returned '0': DEBUGINFOD_URLS=https://debuginfod.ubuntu.com PYTHONPATH=/home/huangbo/ros2_learn/tongxun_learn/build/py04_param/prefix_override:/usr/lib/python3/dist-packages/colcon_core/task/python/colcon_distutils_commands:/home/huangbo/ros2_learn/tongxun_learn/install/py04_param/lib/python3.12/site-packages:${PYTHONPATH} /usr/bin/python3 -W ignore:setup.py install is deprecated -W ignore:easy_install command is deprecated setup.py egg_info --egg-base ../../build/py04_param build --build-base /home/huangbo/ros2_learn/tongxun_learn/build/py04_param/build install --record /home/huangbo/ros2_learn/tongxun_learn/build/py04_param/install.log --install-scripts $base/lib/py04_param --single-version-externally-managed install_data
[9.908s] Level 1:colcon.colcon_core.environment:checking '/home/huangbo/ros2_learn/tongxun_learn/install/py04_param/lib'
[9.908s] Level 1:colcon.colcon_core.environment:checking '/home/huangbo/ros2_learn/tongxun_learn/install/py04_param/bin'
[9.908s] Level 1:colcon.colcon_core.environment:checking '/home/huangbo/ros2_learn/tongxun_learn/install/py04_param/lib/pkgconfig/py04_param.pc'
[9.908s] Level 1:colcon.colcon_core.environment:checking '/home/huangbo/ros2_learn/tongxun_learn/install/py04_param/lib/python3.12/site-packages'
[9.908s] Level 1:colcon.colcon_core.shell:create_environment_hook('py04_param', 'pythonpath')
[9.908s] INFO:colcon.colcon_core.shell:Creating environment hook '/home/huangbo/ros2_learn/tongxun_learn/install/py04_param/share/py04_param/hook/pythonpath.ps1'
[9.909s] INFO:colcon.colcon_core.shell:Creating environment descriptor '/home/huangbo/ros2_learn/tongxun_learn/install/py04_param/share/py04_param/hook/pythonpath.dsv'
[9.910s] INFO:colcon.colcon_core.shell:Creating environment hook '/home/huangbo/ros2_learn/tongxun_learn/install/py04_param/share/py04_param/hook/pythonpath.sh'
[9.910s] Level 1:colcon.colcon_core.environment:checking '/home/huangbo/ros2_learn/tongxun_learn/install/py04_param/bin'
[9.911s] Level 1:colcon.colcon_core.environment:create_environment_scripts_only(py04_param)
[9.911s] INFO:colcon.colcon_core.shell:Creating package script '/home/huangbo/ros2_learn/tongxun_learn/install/py04_param/share/py04_param/package.ps1'
[9.912s] INFO:colcon.colcon_core.shell:Creating package descriptor '/home/huangbo/ros2_learn/tongxun_learn/install/py04_param/share/py04_param/package.dsv'
[9.912s] INFO:colcon.colcon_core.shell:Creating package script '/home/huangbo/ros2_learn/tongxun_learn/install/py04_param/share/py04_param/package.sh'
[9.913s] INFO:colcon.colcon_core.shell:Creating package script '/home/huangbo/ros2_learn/tongxun_learn/install/py04_param/share/py04_param/package.bash'
[9.913s] INFO:colcon.colcon_core.shell:Creating package script '/home/huangbo/ros2_learn/tongxun_learn/install/py04_param/share/py04_param/package.zsh'
[9.914s] Level 1:colcon.colcon_core.environment:create_file_with_runtime_dependencies(/home/huangbo/ros2_learn/tongxun_learn/install/py04_param/share/colcon-core/packages/py04_param)
[9.914s] INFO:colcon.colcon_ros.task.ament_python.build:Building ROS package in '/home/huangbo/ros2_learn/tongxun_learn/src/py06_lianxi' with build type 'ament_python'
[9.914s] Level 1:colcon.colcon_core.shell:create_environment_hook('py06_lianxi', 'ament_prefix_path')
[9.915s] INFO:colcon.colcon_core.shell:Creating environment hook '/home/huangbo/ros2_learn/tongxun_learn/install/py06_lianxi/share/py06_lianxi/hook/ament_prefix_path.ps1'
[9.915s] INFO:colcon.colcon_core.shell:Creating environment descriptor '/home/huangbo/ros2_learn/tongxun_learn/install/py06_lianxi/share/py06_lianxi/hook/ament_prefix_path.dsv'
[9.918s] INFO:colcon.colcon_core.shell:Creating environment hook '/home/huangbo/ros2_learn/tongxun_learn/install/py06_lianxi/share/py06_lianxi/hook/ament_prefix_path.sh'
[9.934s] INFO:colcon.colcon_core.shell:Skip shell extension 'powershell' for command environment: Not usable outside of PowerShell
[9.934s] DEBUG:colcon.colcon_core.shell:Skip shell extension 'dsv' for command environment
[10.259s] INFO:colcon.colcon_core.task.python.build:Building Python package in '/home/huangbo/ros2_learn/tongxun_learn/src/py06_lianxi'
[10.259s] INFO:colcon.colcon_core.shell:Skip shell extension 'powershell' for command environment: Not usable outside of PowerShell
[10.259s] DEBUG:colcon.colcon_core.shell:Skip shell extension 'dsv' for command environment
[10.264s] DEBUG:colcon.colcon_core.task.python.build:Available setuptools commands: install_lib, sdist, extract_messages, install, develop, upload_docs, editable_wheel, build_scripts, check, build_py, update_catalog, install_egg_info, symlink_data, dist_info, egg_info, setopt, build_ext, install_headers, compile_catalog, clean, bdist_egg, init_catalog, register, alias, install_data, bdist, bdist_rpm, build, bdist_dumb, build_clib, easy_install, rotate, saveopts, upload, test, install_scripts
[10.267s] DEBUG:colcon.colcon_core.event_handler.log_command:Invoking command in '/home/huangbo/ros2_learn/tongxun_learn/src/py05_time': DEBUGINFOD_URLS=https://debuginfod.ubuntu.com PYTHONPATH=/home/huangbo/ros2_learn/tongxun_learn/build/py05_time/prefix_override:/usr/lib/python3/dist-packages/colcon_core/task/python/colcon_distutils_commands:/home/huangbo/ros2_learn/tongxun_learn/install/py05_time/lib/python3.12/site-packages:${PYTHONPATH} /usr/bin/python3 -W ignore:setup.py install is deprecated -W ignore:easy_install command is deprecated setup.py egg_info --egg-base ../../build/py05_time build --build-base /home/huangbo/ros2_learn/tongxun_learn/build/py05_time/build install --record /home/huangbo/ros2_learn/tongxun_learn/build/py05_time/install.log --install-scripts $base/lib/py05_time --single-version-externally-managed install_data
[10.991s] Level 1:colcon.colcon_core.environment:checking '/home/huangbo/ros2_learn/tongxun_learn/install/py05_time' for CMake module files
[10.991s] DEBUG:colcon.colcon_core.event_handler.log_command:Invoked command in '/home/huangbo/ros2_learn/tongxun_learn/src/py05_time' returned '0': DEBUGINFOD_URLS=https://debuginfod.ubuntu.com PYTHONPATH=/home/huangbo/ros2_learn/tongxun_learn/build/py05_time/prefix_override:/usr/lib/python3/dist-packages/colcon_core/task/python/colcon_distutils_commands:/home/huangbo/ros2_learn/tongxun_learn/install/py05_time/lib/python3.12/site-packages:${PYTHONPATH} /usr/bin/python3 -W ignore:setup.py install is deprecated -W ignore:easy_install command is deprecated setup.py egg_info --egg-base ../../build/py05_time build --build-base /home/huangbo/ros2_learn/tongxun_learn/build/py05_time/build install --record /home/huangbo/ros2_learn/tongxun_learn/build/py05_time/install.log --install-scripts $base/lib/py05_time --single-version-externally-managed install_data
[10.994s] Level 1:colcon.colcon_core.environment:checking '/home/huangbo/ros2_learn/tongxun_learn/install/py05_time' for CMake config files
[10.995s] Level 1:colcon.colcon_core.environment:checking '/home/huangbo/ros2_learn/tongxun_learn/install/py05_time/lib'
[10.996s] Level 1:colcon.colcon_core.environment:checking '/home/huangbo/ros2_learn/tongxun_learn/install/py05_time/bin'
[10.996s] Level 1:colcon.colcon_core.environment:checking '/home/huangbo/ros2_learn/tongxun_learn/install/py05_time/lib/pkgconfig/py05_time.pc'
[10.996s] Level 1:colcon.colcon_core.environment:checking '/home/huangbo/ros2_learn/tongxun_learn/install/py05_time/lib/python3.12/site-packages'
[10.996s] Level 1:colcon.colcon_core.shell:create_environment_hook('py05_time', 'pythonpath')
[10.997s] INFO:colcon.colcon_core.shell:Creating environment hook '/home/huangbo/ros2_learn/tongxun_learn/install/py05_time/share/py05_time/hook/pythonpath.ps1'
[11.000s] INFO:colcon.colcon_core.shell:Creating environment descriptor '/home/huangbo/ros2_learn/tongxun_learn/install/py05_time/share/py05_time/hook/pythonpath.dsv'
[11.001s] INFO:colcon.colcon_core.shell:Creating environment hook '/home/huangbo/ros2_learn/tongxun_learn/install/py05_time/share/py05_time/hook/pythonpath.sh'
[11.005s] Level 1:colcon.colcon_core.environment:checking '/home/huangbo/ros2_learn/tongxun_learn/install/py05_time/bin'
[11.005s] Level 1:colcon.colcon_core.environment:create_environment_scripts_only(py05_time)
[11.006s] INFO:colcon.colcon_core.shell:Creating package script '/home/huangbo/ros2_learn/tongxun_learn/install/py05_time/share/py05_time/package.ps1'
[11.008s] INFO:colcon.colcon_core.shell:Creating package descriptor '/home/huangbo/ros2_learn/tongxun_learn/install/py05_time/share/py05_time/package.dsv'
[11.010s] INFO:colcon.colcon_core.shell:Creating package script '/home/huangbo/ros2_learn/tongxun_learn/install/py05_time/share/py05_time/package.sh'
[11.012s] INFO:colcon.colcon_core.shell:Creating package script '/home/huangbo/ros2_learn/tongxun_learn/install/py05_time/share/py05_time/package.bash'
[11.013s] INFO:colcon.colcon_core.shell:Creating package script '/home/huangbo/ros2_learn/tongxun_learn/install/py05_time/share/py05_time/package.zsh'
[11.015s] Level 1:colcon.colcon_core.environment:create_file_with_runtime_dependencies(/home/huangbo/ros2_learn/tongxun_learn/install/py05_time/share/colcon-core/packages/py05_time)
[11.016s] INFO:colcon.colcon_ros.task.ament_python.build:Building ROS package in '/home/huangbo/ros2_learn/tongxun_learn/src/py07_jx' with build type 'ament_python'
[11.016s] Level 1:colcon.colcon_core.shell:create_environment_hook('py07_jx', 'ament_prefix_path')
[11.019s] INFO:colcon.colcon_core.shell:Creating environment hook '/home/huangbo/ros2_learn/tongxun_learn/install/py07_jx/share/py07_jx/hook/ament_prefix_path.ps1'
[11.022s] INFO:colcon.colcon_core.shell:Creating environment descriptor '/home/huangbo/ros2_learn/tongxun_learn/install/py07_jx/share/py07_jx/hook/ament_prefix_path.dsv'
[11.023s] INFO:colcon.colcon_core.shell:Creating environment hook '/home/huangbo/ros2_learn/tongxun_learn/install/py07_jx/share/py07_jx/hook/ament_prefix_path.sh'
[11.024s] INFO:colcon.colcon_core.shell:Skip shell extension 'powershell' for command environment: Not usable outside of PowerShell
[11.024s] DEBUG:colcon.colcon_core.shell:Skip shell extension 'dsv' for command environment
[11.302s] INFO:colcon.colcon_core.task.python.build:Building Python package in '/home/huangbo/ros2_learn/tongxun_learn/src/py07_jx'
[11.302s] INFO:colcon.colcon_core.shell:Skip shell extension 'powershell' for command environment: Not usable outside of PowerShell
[11.302s] DEBUG:colcon.colcon_core.shell:Skip shell extension 'dsv' for command environment
[11.308s] DEBUG:colcon.colcon_core.task.python.build:Available setuptools commands: install_lib, sdist, extract_messages, install, develop, upload_docs, editable_wheel, build_scripts, check, build_py, update_catalog, install_egg_info, symlink_data, dist_info, egg_info, setopt, build_ext, install_headers, compile_catalog, clean, bdist_egg, init_catalog, register, alias, install_data, bdist, bdist_rpm, build, bdist_dumb, build_clib, easy_install, rotate, saveopts, upload, test, install_scripts
[11.313s] DEBUG:colcon.colcon_core.event_handler.log_command:Invoking command in '/home/huangbo/ros2_learn/tongxun_learn/src/py06_lianxi': DEBUGINFOD_URLS=https://debuginfod.ubuntu.com PYTHONPATH=/home/huangbo/ros2_learn/tongxun_learn/build/py06_lianxi/prefix_override:/usr/lib/python3/dist-packages/colcon_core/task/python/colcon_distutils_commands:/home/huangbo/ros2_learn/tongxun_learn/install/py06_lianxi/lib/python3.12/site-packages:${PYTHONPATH} /usr/bin/python3 -W ignore:setup.py install is deprecated -W ignore:easy_install command is deprecated setup.py egg_info --egg-base ../../build/py06_lianxi build --build-base /home/huangbo/ros2_learn/tongxun_learn/build/py06_lianxi/build install --record /home/huangbo/ros2_learn/tongxun_learn/build/py06_lianxi/install.log --install-scripts $base/lib/py06_lianxi --single-version-externally-managed install_data
[12.129s] DEBUG:colcon.colcon_core.task.python.build:Available setuptools commands: install_lib, sdist, extract_messages, install, develop, upload_docs, editable_wheel, build_scripts, check, build_py, update_catalog, install_egg_info, symlink_data, dist_info, egg_info, setopt, build_ext, install_headers, compile_catalog, clean, bdist_egg, init_catalog, register, alias, install_data, bdist, bdist_rpm, build, bdist_dumb, build_clib, easy_install, rotate, saveopts, upload, test, install_scripts
[12.136s] DEBUG:colcon.colcon_core.event_handler.log_command:Invoking command in '/home/huangbo/ros2_learn/tongxun_learn/src/py07_jx': DEBUGINFOD_URLS=https://debuginfod.ubuntu.com PYTHONPATH=/home/huangbo/ros2_learn/tongxun_learn/build/py07_jx/prefix_override:/usr/lib/python3/dist-packages/colcon_core/task/python/colcon_distutils_commands:/home/huangbo/ros2_learn/tongxun_learn/install/py07_jx/lib/python3.12/site-packages:${PYTHONPATH} /usr/bin/python3 -W ignore:setup.py install is deprecated -W ignore:easy_install command is deprecated setup.py egg_info --egg-base ../../build/py07_jx build --build-base /home/huangbo/ros2_learn/tongxun_learn/build/py07_jx/build install --record /home/huangbo/ros2_learn/tongxun_learn/build/py07_jx/install.log --install-scripts $base/lib/py07_jx --single-version-externally-managed install_data
[12.141s] Level 1:colcon.colcon_core.environment:checking '/home/huangbo/ros2_learn/tongxun_learn/install/py06_lianxi' for CMake module files
[12.143s] DEBUG:colcon.colcon_core.event_handler.log_command:Invoked command in '/home/huangbo/ros2_learn/tongxun_learn/src/py06_lianxi' returned '0': DEBUGINFOD_URLS=https://debuginfod.ubuntu.com PYTHONPATH=/home/huangbo/ros2_learn/tongxun_learn/build/py06_lianxi/prefix_override:/usr/lib/python3/dist-packages/colcon_core/task/python/colcon_distutils_commands:/home/huangbo/ros2_learn/tongxun_learn/install/py06_lianxi/lib/python3.12/site-packages:${PYTHONPATH} /usr/bin/python3 -W ignore:setup.py install is deprecated -W ignore:easy_install command is deprecated setup.py egg_info --egg-base ../../build/py06_lianxi build --build-base /home/huangbo/ros2_learn/tongxun_learn/build/py06_lianxi/build install --record /home/huangbo/ros2_learn/tongxun_learn/build/py06_lianxi/install.log --install-scripts $base/lib/py06_lianxi --single-version-externally-managed install_data
[12.143s] Level 1:colcon.colcon_core.environment:checking '/home/huangbo/ros2_learn/tongxun_learn/install/py06_lianxi' for CMake config files
[12.144s] Level 1:colcon.colcon_core.environment:checking '/home/huangbo/ros2_learn/tongxun_learn/install/py06_lianxi/lib'
[12.145s] Level 1:colcon.colcon_core.environment:checking '/home/huangbo/ros2_learn/tongxun_learn/install/py06_lianxi/bin'
[12.145s] Level 1:colcon.colcon_core.environment:checking '/home/huangbo/ros2_learn/tongxun_learn/install/py06_lianxi/lib/pkgconfig/py06_lianxi.pc'
[12.145s] Level 1:colcon.colcon_core.environment:checking '/home/huangbo/ros2_learn/tongxun_learn/install/py06_lianxi/lib/python3.12/site-packages'
[12.145s] Level 1:colcon.colcon_core.shell:create_environment_hook('py06_lianxi', 'pythonpath')
[12.146s] INFO:colcon.colcon_core.shell:Creating environment hook '/home/huangbo/ros2_learn/tongxun_learn/install/py06_lianxi/share/py06_lianxi/hook/pythonpath.ps1'
[12.147s] INFO:colcon.colcon_core.shell:Creating environment descriptor '/home/huangbo/ros2_learn/tongxun_learn/install/py06_lianxi/share/py06_lianxi/hook/pythonpath.dsv'
[12.148s] INFO:colcon.colcon_core.shell:Creating environment hook '/home/huangbo/ros2_learn/tongxun_learn/install/py06_lianxi/share/py06_lianxi/hook/pythonpath.sh'
[12.150s] Level 1:colcon.colcon_core.environment:checking '/home/huangbo/ros2_learn/tongxun_learn/install/py06_lianxi/bin'
[12.150s] Level 1:colcon.colcon_core.environment:create_environment_scripts_only(py06_lianxi)
[12.150s] INFO:colcon.colcon_core.shell:Creating package script '/home/huangbo/ros2_learn/tongxun_learn/install/py06_lianxi/share/py06_lianxi/package.ps1'
[12.152s] INFO:colcon.colcon_core.shell:Creating package descriptor '/home/huangbo/ros2_learn/tongxun_learn/install/py06_lianxi/share/py06_lianxi/package.dsv'
[12.153s] INFO:colcon.colcon_core.shell:Creating package script '/home/huangbo/ros2_learn/tongxun_learn/install/py06_lianxi/share/py06_lianxi/package.sh'
[12.154s] INFO:colcon.colcon_core.shell:Creating package script '/home/huangbo/ros2_learn/tongxun_learn/install/py06_lianxi/share/py06_lianxi/package.bash'
[12.155s] INFO:colcon.colcon_core.shell:Creating package script '/home/huangbo/ros2_learn/tongxun_learn/install/py06_lianxi/share/py06_lianxi/package.zsh'
[12.156s] Level 1:colcon.colcon_core.environment:create_file_with_runtime_dependencies(/home/huangbo/ros2_learn/tongxun_learn/install/py06_lianxi/share/colcon-core/packages/py06_lianxi)
[12.157s] INFO:colcon.colcon_ros.task.ament_python.build:Building ROS package in '/home/huangbo/ros2_learn/tongxun_learn/src/py01_topic' with build type 'ament_python'
[12.158s] Level 1:colcon.colcon_core.shell:create_environment_hook('py01_topic', 'ament_prefix_path')
[12.158s] INFO:colcon.colcon_core.shell:Creating environment hook '/home/huangbo/ros2_learn/tongxun_learn/install/py01_topic/share/py01_topic/hook/ament_prefix_path.ps1'
[12.160s] INFO:colcon.colcon_core.shell:Creating environment descriptor '/home/huangbo/ros2_learn/tongxun_learn/install/py01_topic/share/py01_topic/hook/ament_prefix_path.dsv'
[12.160s] INFO:colcon.colcon_core.shell:Creating environment hook '/home/huangbo/ros2_learn/tongxun_learn/install/py01_topic/share/py01_topic/hook/ament_prefix_path.sh'
[12.162s] INFO:colcon.colcon_core.shell:Skip shell extension 'powershell' for command environment: Not usable outside of PowerShell
[12.162s] DEBUG:colcon.colcon_core.shell:Skip shell extension 'dsv' for command environment
[12.466s] INFO:colcon.colcon_core.task.python.build:Building Python package in '/home/huangbo/ros2_learn/tongxun_learn/src/py01_topic'
[12.466s] INFO:colcon.colcon_core.shell:Skip shell extension 'powershell' for command environment: Not usable outside of PowerShell
[12.466s] DEBUG:colcon.colcon_core.shell:Skip shell extension 'dsv' for command environment
[12.905s] Level 1:colcon.colcon_core.environment:checking '/home/huangbo/ros2_learn/tongxun_learn/install/py07_jx' for CMake module files
[12.908s] Level 1:colcon.colcon_core.environment:checking '/home/huangbo/ros2_learn/tongxun_learn/install/py07_jx' for CMake config files
[12.908s] DEBUG:colcon.colcon_core.event_handler.log_command:Invoked command in '/home/huangbo/ros2_learn/tongxun_learn/src/py07_jx' returned '0': DEBUGINFOD_URLS=https://debuginfod.ubuntu.com PYTHONPATH=/home/huangbo/ros2_learn/tongxun_learn/build/py07_jx/prefix_override:/usr/lib/python3/dist-packages/colcon_core/task/python/colcon_distutils_commands:/home/huangbo/ros2_learn/tongxun_learn/install/py07_jx/lib/python3.12/site-packages:${PYTHONPATH} /usr/bin/python3 -W ignore:setup.py install is deprecated -W ignore:easy_install command is deprecated setup.py egg_info --egg-base ../../build/py07_jx build --build-base /home/huangbo/ros2_learn/tongxun_learn/build/py07_jx/build install --record /home/huangbo/ros2_learn/tongxun_learn/build/py07_jx/install.log --install-scripts $base/lib/py07_jx --single-version-externally-managed install_data
[12.909s] Level 1:colcon.colcon_core.environment:checking '/home/huangbo/ros2_learn/tongxun_learn/install/py07_jx/lib'
[12.909s] Level 1:colcon.colcon_core.environment:checking '/home/huangbo/ros2_learn/tongxun_learn/install/py07_jx/bin'
[12.910s] Level 1:colcon.colcon_core.environment:checking '/home/huangbo/ros2_learn/tongxun_learn/install/py07_jx/lib/pkgconfig/py07_jx.pc'
[12.910s] Level 1:colcon.colcon_core.environment:checking '/home/huangbo/ros2_learn/tongxun_learn/install/py07_jx/lib/python3.12/site-packages'
[12.911s] Level 1:colcon.colcon_core.shell:create_environment_hook('py07_jx', 'pythonpath')
[12.912s] INFO:colcon.colcon_core.shell:Creating environment hook '/home/huangbo/ros2_learn/tongxun_learn/install/py07_jx/share/py07_jx/hook/pythonpath.ps1'
[12.913s] INFO:colcon.colcon_core.shell:Creating environment descriptor '/home/huangbo/ros2_learn/tongxun_learn/install/py07_jx/share/py07_jx/hook/pythonpath.dsv'
[12.914s] INFO:colcon.colcon_core.shell:Creating environment hook '/home/huangbo/ros2_learn/tongxun_learn/install/py07_jx/share/py07_jx/hook/pythonpath.sh'
[12.916s] Level 1:colcon.colcon_core.environment:checking '/home/huangbo/ros2_learn/tongxun_learn/install/py07_jx/bin'
[12.916s] Level 1:colcon.colcon_core.environment:create_environment_scripts_only(py07_jx)
[12.916s] INFO:colcon.colcon_core.shell:Creating package script '/home/huangbo/ros2_learn/tongxun_learn/install/py07_jx/share/py07_jx/package.ps1'
[12.918s] INFO:colcon.colcon_core.shell:Creating package descriptor '/home/huangbo/ros2_learn/tongxun_learn/install/py07_jx/share/py07_jx/package.dsv'
[12.919s] INFO:colcon.colcon_core.shell:Creating package script '/home/huangbo/ros2_learn/tongxun_learn/install/py07_jx/share/py07_jx/package.sh'
[12.919s] INFO:colcon.colcon_core.shell:Creating package script '/home/huangbo/ros2_learn/tongxun_learn/install/py07_jx/share/py07_jx/package.bash'
[12.920s] INFO:colcon.colcon_core.shell:Creating package script '/home/huangbo/ros2_learn/tongxun_learn/install/py07_jx/share/py07_jx/package.zsh'
[12.921s] Level 1:colcon.colcon_core.environment:create_file_with_runtime_dependencies(/home/huangbo/ros2_learn/tongxun_learn/install/py07_jx/share/colcon-core/packages/py07_jx)
[12.921s] INFO:colcon.colcon_ros.task.ament_python.build:Building ROS package in '/home/huangbo/ros2_learn/tongxun_learn/src/py03_acton' with build type 'ament_python'
[12.921s] Level 1:colcon.colcon_core.shell:create_environment_hook('py03_acton', 'ament_prefix_path')
[12.922s] INFO:colcon.colcon_core.shell:Creating environment hook '/home/huangbo/ros2_learn/tongxun_learn/install/py03_acton/share/py03_acton/hook/ament_prefix_path.ps1'
[12.923s] INFO:colcon.colcon_core.shell:Creating environment descriptor '/home/huangbo/ros2_learn/tongxun_learn/install/py03_acton/share/py03_acton/hook/ament_prefix_path.dsv'
[12.925s] INFO:colcon.colcon_core.shell:Creating environment hook '/home/huangbo/ros2_learn/tongxun_learn/install/py03_acton/share/py03_acton/hook/ament_prefix_path.sh'
[12.926s] INFO:colcon.colcon_core.shell:Skip shell extension 'powershell' for command environment: Not usable outside of PowerShell
[12.926s] DEBUG:colcon.colcon_core.shell:Skip shell extension 'dsv' for command environment
[13.208s] INFO:colcon.colcon_core.task.python.build:Building Python package in '/home/huangbo/ros2_learn/tongxun_learn/src/py03_acton'
[13.209s] INFO:colcon.colcon_core.shell:Skip shell extension 'powershell' for command environment: Not usable outside of PowerShell
[13.209s] DEBUG:colcon.colcon_core.shell:Skip shell extension 'dsv' for command environment
[13.284s] DEBUG:colcon.colcon_core.task.python.build:Available setuptools commands: install_lib, sdist, extract_messages, install, develop, upload_docs, editable_wheel, build_scripts, check, build_py, update_catalog, install_egg_info, symlink_data, dist_info, egg_info, setopt, build_ext, install_headers, compile_catalog, clean, bdist_egg, init_catalog, register, alias, install_data, bdist, bdist_rpm, build, bdist_dumb, build_clib, easy_install, rotate, saveopts, upload, test, install_scripts
[13.287s] DEBUG:colcon.colcon_core.event_handler.log_command:Invoking command in '/home/huangbo/ros2_learn/tongxun_learn/src/py01_topic': DEBUGINFOD_URLS=https://debuginfod.ubuntu.com PYTHONPATH=/home/huangbo/ros2_learn/tongxun_learn/build/py01_topic/prefix_override:/usr/lib/python3/dist-packages/colcon_core/task/python/colcon_distutils_commands:/home/huangbo/ros2_learn/tongxun_learn/install/py01_topic/lib/python3.12/site-packages:/home/huangbo/ros2_learn/tongxun_learn/install/student_interfaces/lib/python3.12/site-packages:/home/huangbo/ros2_learn/tongxun_learn/install/py03_acton/lib/python3.12/site-packages:/home/huangbo/ros2_learn/tongxun_learn/install/py01_topic/lib/python3.12/site-packages:/home/huangbo/ros2_learn/tongxun_learn/install/py07_jx/lib/python3.12/site-packages:/home/huangbo/ros2_learn/tongxun_learn/install/py06_lianxi/lib/python3.12/site-packages:/home/huangbo/ros2_learn/tongxun_learn/install/py05_time/lib/python3.12/site-packages:/home/huangbo/ros2_learn/tongxun_learn/install/py04_param/lib/python3.12/site-packages:/home/huangbo/ros2_learn/tongxun_learn/install/py02_service_my/lib/python3.12/site-packages:/home/huangbo/ros2_learn/tongxun_learn/install/py02_service/lib/python3.12/site-packages:/home/huangbo/ros2_learn/tongxun_learn/install/base_tongxun_s/lib/python3.12/site-packages:/opt/ros/jazzy/opt/gz_math_vendor/lib/python:/opt/ros/jazzy/lib/python3.12/site-packages /usr/bin/python3 -W ignore:setup.py install is deprecated -W ignore:easy_install command is deprecated setup.py egg_info --egg-base ../../build/py01_topic build --build-base /home/huangbo/ros2_learn/tongxun_learn/build/py01_topic/build install --record /home/huangbo/ros2_learn/tongxun_learn/build/py01_topic/install.log --install-scripts $base/lib/py01_topic --single-version-externally-managed install_data
[14.001s] DEBUG:colcon.colcon_core.task.python.build:Available setuptools commands: install_lib, sdist, extract_messages, install, develop, upload_docs, editable_wheel, build_scripts, check, build_py, update_catalog, install_egg_info, symlink_data, dist_info, egg_info, setopt, build_ext, install_headers, compile_catalog, clean, bdist_egg, init_catalog, register, alias, install_data, bdist, bdist_rpm, build, bdist_dumb, build_clib, easy_install, rotate, saveopts, upload, test, install_scripts
[14.009s] DEBUG:colcon.colcon_core.event_handler.log_command:Invoking command in '/home/huangbo/ros2_learn/tongxun_learn/src/py03_acton': DEBUGINFOD_URLS=https://debuginfod.ubuntu.com PYTHONPATH=/home/huangbo/ros2_learn/tongxun_learn/build/py03_acton/prefix_override:/usr/lib/python3/dist-packages/colcon_core/task/python/colcon_distutils_commands:/home/huangbo/ros2_learn/tongxun_learn/install/py03_acton/lib/python3.12/site-packages:/home/huangbo/ros2_learn/tongxun_learn/install/student_interfaces/lib/python3.12/site-packages:/home/huangbo/ros2_learn/tongxun_learn/install/py03_acton/lib/python3.12/site-packages:/home/huangbo/ros2_learn/tongxun_learn/install/py01_topic/lib/python3.12/site-packages:/home/huangbo/ros2_learn/tongxun_learn/install/py07_jx/lib/python3.12/site-packages:/home/huangbo/ros2_learn/tongxun_learn/install/py06_lianxi/lib/python3.12/site-packages:/home/huangbo/ros2_learn/tongxun_learn/install/py05_time/lib/python3.12/site-packages:/home/huangbo/ros2_learn/tongxun_learn/install/py04_param/lib/python3.12/site-packages:/home/huangbo/ros2_learn/tongxun_learn/install/py02_service_my/lib/python3.12/site-packages:/home/huangbo/ros2_learn/tongxun_learn/install/py02_service/lib/python3.12/site-packages:/home/huangbo/ros2_learn/tongxun_learn/install/base_tongxun_s/lib/python3.12/site-packages:/opt/ros/jazzy/opt/gz_math_vendor/lib/python:/opt/ros/jazzy/lib/python3.12/site-packages /usr/bin/python3 -W ignore:setup.py install is deprecated -W ignore:easy_install command is deprecated setup.py egg_info --egg-base ../../build/py03_acton build --build-base /home/huangbo/ros2_learn/tongxun_learn/build/py03_acton/build install --record /home/huangbo/ros2_learn/tongxun_learn/build/py03_acton/install.log --install-scripts $base/lib/py03_acton --single-version-externally-managed install_data
[14.058s] Level 1:colcon.colcon_core.environment:checking '/home/huangbo/ros2_learn/tongxun_learn/install/py01_topic' for CMake module files
[14.059s] DEBUG:colcon.colcon_core.event_handler.log_command:Invoked command in '/home/huangbo/ros2_learn/tongxun_learn/src/py01_topic' returned '0': DEBUGINFOD_URLS=https://debuginfod.ubuntu.com PYTHONPATH=/home/huangbo/ros2_learn/tongxun_learn/build/py01_topic/prefix_override:/usr/lib/python3/dist-packages/colcon_core/task/python/colcon_distutils_commands:/home/huangbo/ros2_learn/tongxun_learn/install/py01_topic/lib/python3.12/site-packages:/home/huangbo/ros2_learn/tongxun_learn/install/student_interfaces/lib/python3.12/site-packages:/home/huangbo/ros2_learn/tongxun_learn/install/py03_acton/lib/python3.12/site-packages:/home/huangbo/ros2_learn/tongxun_learn/install/py01_topic/lib/python3.12/site-packages:/home/huangbo/ros2_learn/tongxun_learn/install/py07_jx/lib/python3.12/site-packages:/home/huangbo/ros2_learn/tongxun_learn/install/py06_lianxi/lib/python3.12/site-packages:/home/huangbo/ros2_learn/tongxun_learn/install/py05_time/lib/python3.12/site-packages:/home/huangbo/ros2_learn/tongxun_learn/install/py04_param/lib/python3.12/site-packages:/home/huangbo/ros2_learn/tongxun_learn/install/py02_service_my/lib/python3.12/site-packages:/home/huangbo/ros2_learn/tongxun_learn/install/py02_service/lib/python3.12/site-packages:/home/huangbo/ros2_learn/tongxun_learn/install/base_tongxun_s/lib/python3.12/site-packages:/opt/ros/jazzy/opt/gz_math_vendor/lib/python:/opt/ros/jazzy/lib/python3.12/site-packages /usr/bin/python3 -W ignore:setup.py install is deprecated -W ignore:easy_install command is deprecated setup.py egg_info --egg-base ../../build/py01_topic build --build-base /home/huangbo/ros2_learn/tongxun_learn/build/py01_topic/build install --record /home/huangbo/ros2_learn/tongxun_learn/build/py01_topic/install.log --install-scripts $base/lib/py01_topic --single-version-externally-managed install_data
[14.060s] Level 1:colcon.colcon_core.environment:checking '/home/huangbo/ros2_learn/tongxun_learn/install/py01_topic' for CMake config files
[14.061s] Level 1:colcon.colcon_core.environment:checking '/home/huangbo/ros2_learn/tongxun_learn/install/py01_topic/lib'
[14.062s] Level 1:colcon.colcon_core.environment:checking '/home/huangbo/ros2_learn/tongxun_learn/install/py01_topic/bin'
[14.062s] Level 1:colcon.colcon_core.environment:checking '/home/huangbo/ros2_learn/tongxun_learn/install/py01_topic/lib/pkgconfig/py01_topic.pc'
[14.063s] Level 1:colcon.colcon_core.environment:checking '/home/huangbo/ros2_learn/tongxun_learn/install/py01_topic/lib/python3.12/site-packages'
[14.063s] Level 1:colcon.colcon_core.shell:create_environment_hook('py01_topic', 'pythonpath')
[14.064s] INFO:colcon.colcon_core.shell:Creating environment hook '/home/huangbo/ros2_learn/tongxun_learn/install/py01_topic/share/py01_topic/hook/pythonpath.ps1'
[14.065s] INFO:colcon.colcon_core.shell:Creating environment descriptor '/home/huangbo/ros2_learn/tongxun_learn/install/py01_topic/share/py01_topic/hook/pythonpath.dsv'
[14.067s] INFO:colcon.colcon_core.shell:Creating environment hook '/home/huangbo/ros2_learn/tongxun_learn/install/py01_topic/share/py01_topic/hook/pythonpath.sh'
[14.069s] Level 1:colcon.colcon_core.environment:checking '/home/huangbo/ros2_learn/tongxun_learn/install/py01_topic/bin'
[14.070s] Level 1:colcon.colcon_core.environment:create_environment_scripts_only(py01_topic)
[14.070s] INFO:colcon.colcon_core.shell:Creating package script '/home/huangbo/ros2_learn/tongxun_learn/install/py01_topic/share/py01_topic/package.ps1'
[14.072s] INFO:colcon.colcon_core.shell:Creating package descriptor '/home/huangbo/ros2_learn/tongxun_learn/install/py01_topic/share/py01_topic/package.dsv'
[14.074s] INFO:colcon.colcon_core.shell:Creating package script '/home/huangbo/ros2_learn/tongxun_learn/install/py01_topic/share/py01_topic/package.sh'
[14.076s] INFO:colcon.colcon_core.shell:Creating package script '/home/huangbo/ros2_learn/tongxun_learn/install/py01_topic/share/py01_topic/package.bash'
[14.077s] INFO:colcon.colcon_core.shell:Creating package script '/home/huangbo/ros2_learn/tongxun_learn/install/py01_topic/share/py01_topic/package.zsh'
[14.078s] Level 1:colcon.colcon_core.environment:create_file_with_runtime_dependencies(/home/huangbo/ros2_learn/tongxun_learn/install/py01_topic/share/colcon-core/packages/py01_topic)
[14.722s] Level 1:colcon.colcon_core.environment:checking '/home/huangbo/ros2_learn/tongxun_learn/install/py03_acton' for CMake module files
[14.723s] DEBUG:colcon.colcon_core.event_handler.log_command:Invoked command in '/home/huangbo/ros2_learn/tongxun_learn/src/py03_acton' returned '0': DEBUGINFOD_URLS=https://debuginfod.ubuntu.com PYTHONPATH=/home/huangbo/ros2_learn/tongxun_learn/build/py03_acton/prefix_override:/usr/lib/python3/dist-packages/colcon_core/task/python/colcon_distutils_commands:/home/huangbo/ros2_learn/tongxun_learn/install/py03_acton/lib/python3.12/site-packages:/home/huangbo/ros2_learn/tongxun_learn/install/student_interfaces/lib/python3.12/site-packages:/home/huangbo/ros2_learn/tongxun_learn/install/py03_acton/lib/python3.12/site-packages:/home/huangbo/ros2_learn/tongxun_learn/install/py01_topic/lib/python3.12/site-packages:/home/huangbo/ros2_learn/tongxun_learn/install/py07_jx/lib/python3.12/site-packages:/home/huangbo/ros2_learn/tongxun_learn/install/py06_lianxi/lib/python3.12/site-packages:/home/huangbo/ros2_learn/tongxun_learn/install/py05_time/lib/python3.12/site-packages:/home/huangbo/ros2_learn/tongxun_learn/install/py04_param/lib/python3.12/site-packages:/home/huangbo/ros2_learn/tongxun_learn/install/py02_service_my/lib/python3.12/site-packages:/home/huangbo/ros2_learn/tongxun_learn/install/py02_service/lib/python3.12/site-packages:/home/huangbo/ros2_learn/tongxun_learn/install/base_tongxun_s/lib/python3.12/site-packages:/opt/ros/jazzy/opt/gz_math_vendor/lib/python:/opt/ros/jazzy/lib/python3.12/site-packages /usr/bin/python3 -W ignore:setup.py install is deprecated -W ignore:easy_install command is deprecated setup.py egg_info --egg-base ../../build/py03_acton build --build-base /home/huangbo/ros2_learn/tongxun_learn/build/py03_acton/build install --record /home/huangbo/ros2_learn/tongxun_learn/build/py03_acton/install.log --install-scripts $base/lib/py03_acton --single-version-externally-managed install_data
[14.724s] Level 1:colcon.colcon_core.environment:checking '/home/huangbo/ros2_learn/tongxun_learn/install/py03_acton' for CMake config files
[14.725s] Level 1:colcon.colcon_core.environment:checking '/home/huangbo/ros2_learn/tongxun_learn/install/py03_acton/lib'
[14.725s] Level 1:colcon.colcon_core.environment:checking '/home/huangbo/ros2_learn/tongxun_learn/install/py03_acton/bin'
[14.725s] Level 1:colcon.colcon_core.environment:checking '/home/huangbo/ros2_learn/tongxun_learn/install/py03_acton/lib/pkgconfig/py03_acton.pc'
[14.725s] Level 1:colcon.colcon_core.environment:checking '/home/huangbo/ros2_learn/tongxun_learn/install/py03_acton/lib/python3.12/site-packages'
[14.726s] Level 1:colcon.colcon_core.shell:create_environment_hook('py03_acton', 'pythonpath')
[14.726s] INFO:colcon.colcon_core.shell:Creating environment hook '/home/huangbo/ros2_learn/tongxun_learn/install/py03_acton/share/py03_acton/hook/pythonpath.ps1'
[14.727s] INFO:colcon.colcon_core.shell:Creating environment descriptor '/home/huangbo/ros2_learn/tongxun_learn/install/py03_acton/share/py03_acton/hook/pythonpath.dsv'
[14.727s] INFO:colcon.colcon_core.shell:Creating environment hook '/home/huangbo/ros2_learn/tongxun_learn/install/py03_acton/share/py03_acton/hook/pythonpath.sh'
[14.728s] Level 1:colcon.colcon_core.environment:checking '/home/huangbo/ros2_learn/tongxun_learn/install/py03_acton/bin'
[14.728s] Level 1:colcon.colcon_core.environment:create_environment_scripts_only(py03_acton)
[14.729s] INFO:colcon.colcon_core.shell:Creating package script '/home/huangbo/ros2_learn/tongxun_learn/install/py03_acton/share/py03_acton/package.ps1'
[14.730s] INFO:colcon.colcon_core.shell:Creating package descriptor '/home/huangbo/ros2_learn/tongxun_learn/install/py03_acton/share/py03_acton/package.dsv'
[14.731s] INFO:colcon.colcon_core.shell:Creating package script '/home/huangbo/ros2_learn/tongxun_learn/install/py03_acton/share/py03_acton/package.sh'
[14.731s] INFO:colcon.colcon_core.shell:Creating package script '/home/huangbo/ros2_learn/tongxun_learn/install/py03_acton/share/py03_acton/package.bash'
[14.732s] INFO:colcon.colcon_core.shell:Creating package script '/home/huangbo/ros2_learn/tongxun_learn/install/py03_acton/share/py03_acton/package.zsh'
[14.733s] Level 1:colcon.colcon_core.environment:create_file_with_runtime_dependencies(/home/huangbo/ros2_learn/tongxun_learn/install/py03_acton/share/colcon-core/packages/py03_acton)
[14.733s] DEBUG:colcon.colcon_parallel_executor.executor.parallel:closing loop
[14.735s] DEBUG:colcon.colcon_parallel_executor.executor.parallel:loop closed
[14.735s] DEBUG:colcon.colcon_parallel_executor.executor.parallel:run_until_complete finished with '0'
[14.735s] DEBUG:colcon.colcon_core.event_reactor:joining thread
[14.743s] INFO:colcon.colcon_core.plugin_system:Skipping extension 'colcon_notification.desktop_notification.terminal_notifier': Not used on non-Darwin systems
[14.743s] INFO:colcon.colcon_core.plugin_system:Skipping extension 'colcon_notification.desktop_notification.win32': Not used on non-Windows systems
[14.743s] INFO:colcon.colcon_notification.desktop_notification:Sending desktop notification using 'notify2'
[14.766s] DEBUG:colcon.colcon_core.event_reactor:joined thread
[14.767s] INFO:colcon.colcon_core.shell:Creating prefix script '/home/huangbo/ros2_learn/tongxun_learn/install/local_setup.ps1'
[14.768s] INFO:colcon.colcon_core.shell:Creating prefix util module '/home/huangbo/ros2_learn/tongxun_learn/install/_local_setup_util_ps1.py'
[14.770s] INFO:colcon.colcon_core.shell:Creating prefix chain script '/home/huangbo/ros2_learn/tongxun_learn/install/setup.ps1'
[14.772s] INFO:colcon.colcon_core.shell:Creating prefix script '/home/huangbo/ros2_learn/tongxun_learn/install/local_setup.sh'
[14.773s] INFO:colcon.colcon_core.shell:Creating prefix util module '/home/huangbo/ros2_learn/tongxun_learn/install/_local_setup_util_sh.py'
[14.774s] INFO:colcon.colcon_core.shell:Creating prefix chain script '/home/huangbo/ros2_learn/tongxun_learn/install/setup.sh'
[14.777s] INFO:colcon.colcon_core.shell:Creating prefix script '/home/huangbo/ros2_learn/tongxun_learn/install/local_setup.bash'
[14.778s] INFO:colcon.colcon_core.shell:Creating prefix chain script '/home/huangbo/ros2_learn/tongxun_learn/install/setup.bash'
[14.779s] INFO:colcon.colcon_core.shell:Creating prefix script '/home/huangbo/ros2_learn/tongxun_learn/install/local_setup.zsh'
[14.780s] INFO:colcon.colcon_core.shell:Creating prefix chain script '/home/huangbo/ros2_learn/tongxun_learn/install/setup.zsh'
