[0.000000] (-) TimerEvent: {}
[0.000277] (base_tongxun_s) JobQueued: {'identifier': 'base_tongxun_s', 'dependencies': OrderedDict()}
[0.000309] (py02_service) JobQueued: {'identifier': 'py02_service', 'dependencies': OrderedDict()}
[0.000326] (py02_service_my) JobQueued: {'identifier': 'py02_service_my', 'dependencies': OrderedDict()}
[0.000338] (student_interfaces) JobQueued: {'identifier': 'student_interfaces', 'dependencies': OrderedDict()}
[0.000349] (py01_topic) JobQueued: {'identifier': 'py01_topic', 'dependencies': OrderedDict({'student_interfaces': '/home/huangbo/ros2_learn/tongxun_learn/install/student_interfaces'})}
[0.000364] (py03_acton) JobQueued: {'identifier': 'py03_acton', 'dependencies': OrderedDict({'student_interfaces': '/home/huangbo/ros2_learn/tongxun_learn/install/student_interfaces'})}
[0.000377] (student_interfaces) JobStarted: {'identifier': 'student_interfaces'}
[0.016879] (base_tongxun_s) JobStarted: {'identifier': 'base_tongxun_s'}
[0.028015] (student_interfaces) JobProgress: {'identifier': 'student_interfaces', 'progress': 'cmake'}
[0.028098] (student_interfaces) JobProgress: {'identifier': 'student_interfaces', 'progress': 'build'}
[0.028136] (student_interfaces) Command: {'cmd': ['/usr/bin/cmake', '--build', '/home/huangbo/ros2_learn/tongxun_learn/build/student_interfaces', '--', '-j2', '-l2'], 'cwd': '/home/huangbo/ros2_learn/tongxun_learn/build/student_interfaces', 'env': OrderedDict({'PYTHON_BASIC_REPL': '1', 'LESSOPEN': '| /usr/bin/lesspipe %s', 'USER': 'huangbo', 'SSH_CLIENT': '192.168.91.1 4611 22', 'XDG_SESSION_TYPE': 'tty', 'GIT_ASKPASS': '/home/huangbo/.vscode-server/cli/servers/Stable-7debcd0e2acdea1c52de81bf9ee1620444407dda/server/extensions/git/dist/askpass.sh', 'SHLVL': '1', 'LD_LIBRARY_PATH': '/home/huangbo/ros2_learn/tongxun_learn/install/student_interfaces/lib:/opt/ros/jazzy/opt/rviz_ogre_vendor/lib:/opt/ros/jazzy/lib/x86_64-linux-gnu:/opt/ros/jazzy/opt/gz_math_vendor/lib:/opt/ros/jazzy/opt/gz_utils_vendor/lib:/opt/ros/jazzy/opt/gz_cmake_vendor/lib:/opt/ros/jazzy/lib', 'BROWSER': '/home/huangbo/.vscode-server/cli/servers/Stable-7debcd0e2acdea1c52de81bf9ee1620444407dda/server/bin/helpers/browser.sh', 'HOME': '/home/huangbo', 'TERM_PROGRAM_VERSION': '1.138.0', 'VSCODE_IPC_HOOK_CLI': '/run/user/1000/vscode-ipc-1a622cb4-c665-4f38-ac7f-27620576ea20.sock', 'ROS_PYTHON_VERSION': '3', 'VSCODE_GIT_ASKPASS_MAIN': '/home/huangbo/.vscode-server/cli/servers/Stable-7debcd0e2acdea1c52de81bf9ee1620444407dda/server/extensions/git/dist/askpass-main.js', 'VSCODE_GIT_ASKPASS_NODE': '/home/huangbo/.vscode-server/cli/servers/Stable-7debcd0e2acdea1c52de81bf9ee1620444407dda/server/node', 'PYDEVD_DISABLE_FILE_VALIDATION': '1', 'BUNDLED_DEBUGPY_PATH': '/home/huangbo/.vscode-server/extensions/ms-python.debugpy-2026.6.0-linux-x64/bundled/libs/debugpy', 'VSCODE_PYTHON_AUTOACTIVATE_GUARD': '1', 'DBUS_SESSION_BUS_ADDRESS': 'unix:path=/run/user/1000/bus', 'COLORTERM': 'truecolor', 'DEBUGINFOD_URLS': 'https://debuginfod.ubuntu.com', 'COLCON_PREFIX_PATH': '/home/huangbo/ros2_learn/tongxun_learn/install', 'ROS_DISTRO': 'jazzy', 'LOGNAME': 'huangbo', '_': '/usr/bin/colcon', 'ROS_VERSION': '2', 'XDG_SESSION_CLASS': 'user', 'TERM': 'xterm-256color', 'XDG_SESSION_ID': '4', 'PATH': '/home/huangbo/.vscode-server/data/User/globalStorage/github.copilot-chat/debugCommand:/home/huangbo/.vscode-server/data/User/globalStorage/github.copilot-chat/copilotCli:/home/huangbo/.vscode-server/cli/servers/Stable-7debcd0e2acdea1c52de81bf9ee1620444407dda/server/bin/remote-cli:/opt/ros/jazzy/bin:/usr/local/sbin:/usr/local/bin:/usr/sbin:/usr/bin:/sbin:/bin:/usr/games:/usr/local/games:/snap/bin:/home/huangbo/.vscode-server/extensions/ms-python.debugpy-2026.6.0-linux-x64/bundled/scripts/noConfigScripts', 'XDG_RUNTIME_DIR': '/run/user/1000', 'VSCODE_DEBUGPY_ADAPTER_ENDPOINTS': '/home/huangbo/.vscode-server/extensions/ms-python.debugpy-2026.6.0-linux-x64/.noConfigDebugAdapterEndpoints/endpoint-66c467e2907e460e.txt', 'LANG': 'zh_CN.UTF-8', 'PYTHONSTARTUP': '/home/huangbo/.vscode-server/data/User/workspaceStorage/c358a63721801e90ff5d3c048722ef27/ms-python.python/pythonrc.py', 'LS_COLORS': 'rs=0:di=01;34:ln=01;36:mh=00:pi=40;33:so=01;35:do=01;35:bd=40;33;01:cd=40;33;01:or=40;31;01:mi=00:su=37;41:sg=30;43:ca=00:tw=30;42:ow=34;42:st=37;44:ex=01;32:*.tar=01;31:*.tgz=01;31:*.arc=01;31:*.arj=01;31:*.taz=01;31:*.lha=01;31:*.lz4=01;31:*.lzh=01;31:*.lzma=01;31:*.tlz=01;31:*.txz=01;31:*.tzo=01;31:*.t7z=01;31:*.zip=01;31:*.z=01;31:*.dz=01;31:*.gz=01;31:*.lrz=01;31:*.lz=01;31:*.lzo=01;31:*.xz=01;31:*.zst=01;31:*.tzst=01;31:*.bz2=01;31:*.bz=01;31:*.tbz=01;31:*.tbz2=01;31:*.tz=01;31:*.deb=01;31:*.rpm=01;31:*.jar=01;31:*.war=01;31:*.ear=01;31:*.sar=01;31:*.rar=01;31:*.alz=01;31:*.ace=01;31:*.zoo=01;31:*.cpio=01;31:*.7z=01;31:*.rz=01;31:*.cab=01;31:*.wim=01;31:*.swm=01;31:*.dwm=01;31:*.esd=01;31:*.avif=01;35:*.jpg=01;35:*.jpeg=01;35:*.mjpg=01;35:*.mjpeg=01;35:*.gif=01;35:*.bmp=01;35:*.pbm=01;35:*.pgm=01;35:*.ppm=01;35:*.tga=01;35:*.xbm=01;35:*.xpm=01;35:*.tif=01;35:*.tiff=01;35:*.png=01;35:*.svg=01;35:*.svgz=01;35:*.mng=01;35:*.pcx=01;35:*.mov=01;35:*.mpg=01;35:*.mpeg=01;35:*.m2v=01;35:*.mkv=01;35:*.webm=01;35:*.webp=01;35:*.ogm=01;35:*.mp4=01;35:*.m4v=01;35:*.mp4v=01;35:*.vob=01;35:*.qt=01;35:*.nuv=01;35:*.wmv=01;35:*.asf=01;35:*.rm=01;35:*.rmvb=01;35:*.flc=01;35:*.avi=01;35:*.fli=01;35:*.flv=01;35:*.gl=01;35:*.dl=01;35:*.xcf=01;35:*.xwd=01;35:*.yuv=01;35:*.cgm=01;35:*.emf=01;35:*.ogv=01;35:*.ogx=01;35:*.aac=00;36:*.au=00;36:*.flac=00;36:*.m4a=00;36:*.mid=00;36:*.midi=00;36:*.mka=00;36:*.mp3=00;36:*.mpc=00;36:*.ogg=00;36:*.ra=00;36:*.wav=00;36:*.oga=00;36:*.opus=00;36:*.spx=00;36:*.xspf=00;36:*~=00;90:*#=00;90:*.bak=00;90:*.crdownload=00;90:*.dpkg-dist=00;90:*.dpkg-new=00;90:*.dpkg-old=00;90:*.dpkg-tmp=00;90:*.old=00;90:*.orig=00;90:*.part=00;90:*.rej=00;90:*.rpmnew=00;90:*.rpmorig=00;90:*.rpmsave=00;90:*.swp=00;90:*.tmp=00;90:*.ucf-dist=00;90:*.ucf-new=00;90:*.ucf-old=00;90:', 'VSCODE_GIT_IPC_HANDLE': '/run/user/1000/vscode-git-b3ba6a87e1.sock', 'TERM_PROGRAM': 'vscode', 'AMENT_PREFIX_PATH': '/home/huangbo/ros2_learn/tongxun_learn/install/py03_acton:/home/huangbo/ros2_learn/tongxun_learn/install/py01_topic:/home/huangbo/ros2_learn/tongxun_learn/install/student_interfaces:/home/huangbo/ros2_learn/tongxun_learn/install/py02_service_my:/home/huangbo/ros2_learn/tongxun_learn/install/py02_service:/home/huangbo/ros2_learn/tongxun_learn/install/base_tongxun_s:/opt/ros/jazzy', 'SHELL': '/bin/bash', 'LESSCLOSE': '/usr/bin/lesspipe %s %s', 'ROS_AUTOMATIC_DISCOVERY_RANGE': 'SUBNET', 'VSCODE_GIT_ASKPASS_EXTRA_ARGS': '', 'PWD': '/home/huangbo/ros2_learn/tongxun_learn/build/student_interfaces', 'COPILOT_DEBUG_NONCE': '0eaae38a08eb9b17f52bd7ed955eaf75', 'SSH_CONNECTION': '192.168.91.1 4611 192.168.91.129 22', 'XDG_DATA_DIRS': '/usr/share/gnome:/usr/local/share:/usr/share:/var/lib/snapd/desktop', 'PYTHONPATH': '/home/huangbo/ros2_learn/tongxun_learn/install/py03_acton/lib/python3.12/site-packages:/home/huangbo/ros2_learn/tongxun_learn/install/py01_topic/lib/python3.12/site-packages:/home/huangbo/ros2_learn/tongxun_learn/install/student_interfaces/lib/python3.12/site-packages:/home/huangbo/ros2_learn/tongxun_learn/install/py02_service_my/lib/python3.12/site-packages:/home/huangbo/ros2_learn/tongxun_learn/install/py02_service/lib/python3.12/site-packages:/home/huangbo/ros2_learn/tongxun_learn/install/base_tongxun_s/lib/python3.12/site-packages:/opt/ros/jazzy/opt/gz_math_vendor/lib/python:/opt/ros/jazzy/lib/python3.12/site-packages', 'COLCON': '1', 'CMAKE_PREFIX_PATH': '/home/huangbo/ros2_learn/tongxun_learn/install/py03_acton:/home/huangbo/ros2_learn/tongxun_learn/install/py01_topic:/home/huangbo/ros2_learn/tongxun_learn/install/py02_service_my:/home/huangbo/ros2_learn/tongxun_learn/install/py02_service:/home/huangbo/ros2_learn/tongxun_learn/install/base_tongxun_s:/opt/ros/jazzy:/home/huangbo/ros2_learn/tongxun_learn/install/student_interfaces:/opt/ros/jazzy/opt/gz_math_vendor:/opt/ros/jazzy/opt/gz_utils_vendor:/opt/ros/jazzy/opt/gz_cmake_vendor'}), 'shell': False}
[0.098894] (-) TimerEvent: {}
[0.200928] (-) TimerEvent: {}
[0.203850] (student_interfaces) StdoutLine: {'line': b'[  1%] Built target student_interfaces__rosidl_generator_type_description\n'}
[0.226097] (student_interfaces) StdoutLine: {'line': b'[  3%] Built target student_interfaces__rs\n'}
[0.304384] (-) TimerEvent: {}
[0.377804] (student_interfaces) StdoutLine: {'line': b'[  3%] Built target ament_cmake_python_copy_student_interfaces\n'}
[0.381883] (student_interfaces) StdoutLine: {'line': b'[ 23%] Built target student_interfaces__rosidl_generator_c\n'}
[0.405002] (-) TimerEvent: {}
[0.449020] (student_interfaces) StdoutLine: {'line': b'[ 25%] Built target student_interfaces__cpp\n'}
[0.505983] (-) TimerEvent: {}
[0.608754] (student_interfaces) StdoutLine: {'line': b'[ 34%] Built target student_interfaces__rosidl_typesupport_fastrtps_c\n'}
[0.608950] (-) TimerEvent: {}
[0.711784] (-) TimerEvent: {}
[0.725442] (student_interfaces) StdoutLine: {'line': b'[ 43%] Built target student_interfaces__rosidl_typesupport_introspection_c\n'}
[0.812853] (student_interfaces) StdoutLine: {'line': b'[ 52%] Built target student_interfaces__rosidl_typesupport_c\n'}
[0.813027] (-) TimerEvent: {}
[0.908824] (student_interfaces) StdoutLine: {'line': b'[ 61%] Built target student_interfaces__rosidl_typesupport_fastrtps_cpp\n'}
[0.914723] (-) TimerEvent: {}
[0.967864] (student_interfaces) StdoutLine: {'line': b'[ 70%] Built target student_interfaces__rosidl_typesupport_introspection_cpp\n'}
[1.015300] (-) TimerEvent: {}
[1.050119] (student_interfaces) StdoutLine: {'line': b'[ 80%] Built target student_interfaces__rosidl_typesupport_cpp\n'}
[1.116550] (-) TimerEvent: {}
[1.146504] (student_interfaces) StdoutLine: {'line': b'[ 80%] Built target student_interfaces\n'}
[1.203178] (student_interfaces) StdoutLine: {'line': b'running egg_info\n'}
[1.211210] (student_interfaces) StdoutLine: {'line': b'[ 81%] Built target student_interfaces__py\n'}
[1.217139] (-) TimerEvent: {}
[1.241977] (student_interfaces) StdoutLine: {'line': b'writing student_interfaces.egg-info/PKG-INFO\n'}
[1.247159] (student_interfaces) StdoutLine: {'line': b'writing dependency_links to student_interfaces.egg-info/dependency_links.txt\n'}
[1.247333] (student_interfaces) StdoutLine: {'line': b'writing top-level names to student_interfaces.egg-info/top_level.txt\n'}
[1.285755] (student_interfaces) StdoutLine: {'line': b'[ 89%] Built target student_interfaces__rosidl_generator_py\n'}
[1.318003] (-) TimerEvent: {}
[1.387203] (student_interfaces) StdoutLine: {'line': b'[ 92%] Built target student_interfaces_s__rosidl_typesupport_fastrtps_c\n'}
[1.397129] (student_interfaces) StdoutLine: {'line': b"reading manifest file 'student_interfaces.egg-info/SOURCES.txt'\n"}
[1.399828] (student_interfaces) StdoutLine: {'line': b"writing manifest file 'student_interfaces.egg-info/SOURCES.txt'\n"}
[1.419626] (-) TimerEvent: {}
[1.460826] (student_interfaces) StdoutLine: {'line': b'[ 96%] Built target student_interfaces_s__rosidl_typesupport_introspection_c\n'}
[1.461022] (student_interfaces) StdoutLine: {'line': b'[ 96%] Built target ament_cmake_python_build_student_interfaces_egg\n'}
[1.503594] (student_interfaces) StdoutLine: {'line': b'[100%] Built target student_interfaces_s__rosidl_typesupport_c\n'}
[1.520404] (-) TimerEvent: {}
[1.528104] (student_interfaces) CommandEnded: {'returncode': 0}
[1.529430] (student_interfaces) JobProgress: {'identifier': 'student_interfaces', 'progress': 'install'}
[1.546866] (student_interfaces) Command: {'cmd': ['/usr/bin/cmake', '--install', '/home/huangbo/ros2_learn/tongxun_learn/build/student_interfaces'], 'cwd': '/home/huangbo/ros2_learn/tongxun_learn/build/student_interfaces', 'env': OrderedDict({'PYTHON_BASIC_REPL': '1', 'LESSOPEN': '| /usr/bin/lesspipe %s', 'USER': 'huangbo', 'SSH_CLIENT': '192.168.91.1 4611 22', 'XDG_SESSION_TYPE': 'tty', 'GIT_ASKPASS': '/home/huangbo/.vscode-server/cli/servers/Stable-7debcd0e2acdea1c52de81bf9ee1620444407dda/server/extensions/git/dist/askpass.sh', 'SHLVL': '1', 'LD_LIBRARY_PATH': '/home/huangbo/ros2_learn/tongxun_learn/install/student_interfaces/lib:/opt/ros/jazzy/opt/rviz_ogre_vendor/lib:/opt/ros/jazzy/lib/x86_64-linux-gnu:/opt/ros/jazzy/opt/gz_math_vendor/lib:/opt/ros/jazzy/opt/gz_utils_vendor/lib:/opt/ros/jazzy/opt/gz_cmake_vendor/lib:/opt/ros/jazzy/lib', 'BROWSER': '/home/huangbo/.vscode-server/cli/servers/Stable-7debcd0e2acdea1c52de81bf9ee1620444407dda/server/bin/helpers/browser.sh', 'HOME': '/home/huangbo', 'TERM_PROGRAM_VERSION': '1.138.0', 'VSCODE_IPC_HOOK_CLI': '/run/user/1000/vscode-ipc-1a622cb4-c665-4f38-ac7f-27620576ea20.sock', 'ROS_PYTHON_VERSION': '3', 'VSCODE_GIT_ASKPASS_MAIN': '/home/huangbo/.vscode-server/cli/servers/Stable-7debcd0e2acdea1c52de81bf9ee1620444407dda/server/extensions/git/dist/askpass-main.js', 'VSCODE_GIT_ASKPASS_NODE': '/home/huangbo/.vscode-server/cli/servers/Stable-7debcd0e2acdea1c52de81bf9ee1620444407dda/server/node', 'PYDEVD_DISABLE_FILE_VALIDATION': '1', 'BUNDLED_DEBUGPY_PATH': '/home/huangbo/.vscode-server/extensions/ms-python.debugpy-2026.6.0-linux-x64/bundled/libs/debugpy', 'VSCODE_PYTHON_AUTOACTIVATE_GUARD': '1', 'DBUS_SESSION_BUS_ADDRESS': 'unix:path=/run/user/1000/bus', 'COLORTERM': 'truecolor', 'DEBUGINFOD_URLS': 'https://debuginfod.ubuntu.com', 'COLCON_PREFIX_PATH': '/home/huangbo/ros2_learn/tongxun_learn/install', 'ROS_DISTRO': 'jazzy', 'LOGNAME': 'huangbo', '_': '/usr/bin/colcon', 'ROS_VERSION': '2', 'XDG_SESSION_CLASS': 'user', 'TERM': 'xterm-256color', 'XDG_SESSION_ID': '4', 'PATH': '/home/huangbo/.vscode-server/data/User/globalStorage/github.copilot-chat/debugCommand:/home/huangbo/.vscode-server/data/User/globalStorage/github.copilot-chat/copilotCli:/home/huangbo/.vscode-server/cli/servers/Stable-7debcd0e2acdea1c52de81bf9ee1620444407dda/server/bin/remote-cli:/opt/ros/jazzy/bin:/usr/local/sbin:/usr/local/bin:/usr/sbin:/usr/bin:/sbin:/bin:/usr/games:/usr/local/games:/snap/bin:/home/huangbo/.vscode-server/extensions/ms-python.debugpy-2026.6.0-linux-x64/bundled/scripts/noConfigScripts', 'XDG_RUNTIME_DIR': '/run/user/1000', 'VSCODE_DEBUGPY_ADAPTER_ENDPOINTS': '/home/huangbo/.vscode-server/extensions/ms-python.debugpy-2026.6.0-linux-x64/.noConfigDebugAdapterEndpoints/endpoint-66c467e2907e460e.txt', 'LANG': 'zh_CN.UTF-8', 'PYTHONSTARTUP': '/home/huangbo/.vscode-server/data/User/workspaceStorage/c358a63721801e90ff5d3c048722ef27/ms-python.python/pythonrc.py', 'LS_COLORS': 'rs=0:di=01;34:ln=01;36:mh=00:pi=40;33:so=01;35:do=01;35:bd=40;33;01:cd=40;33;01:or=40;31;01:mi=00:su=37;41:sg=30;43:ca=00:tw=30;42:ow=34;42:st=37;44:ex=01;32:*.tar=01;31:*.tgz=01;31:*.arc=01;31:*.arj=01;31:*.taz=01;31:*.lha=01;31:*.lz4=01;31:*.lzh=01;31:*.lzma=01;31:*.tlz=01;31:*.txz=01;31:*.tzo=01;31:*.t7z=01;31:*.zip=01;31:*.z=01;31:*.dz=01;31:*.gz=01;31:*.lrz=01;31:*.lz=01;31:*.lzo=01;31:*.xz=01;31:*.zst=01;31:*.tzst=01;31:*.bz2=01;31:*.bz=01;31:*.tbz=01;31:*.tbz2=01;31:*.tz=01;31:*.deb=01;31:*.rpm=01;31:*.jar=01;31:*.war=01;31:*.ear=01;31:*.sar=01;31:*.rar=01;31:*.alz=01;31:*.ace=01;31:*.zoo=01;31:*.cpio=01;31:*.7z=01;31:*.rz=01;31:*.cab=01;31:*.wim=01;31:*.swm=01;31:*.dwm=01;31:*.esd=01;31:*.avif=01;35:*.jpg=01;35:*.jpeg=01;35:*.mjpg=01;35:*.mjpeg=01;35:*.gif=01;35:*.bmp=01;35:*.pbm=01;35:*.pgm=01;35:*.ppm=01;35:*.tga=01;35:*.xbm=01;35:*.xpm=01;35:*.tif=01;35:*.tiff=01;35:*.png=01;35:*.svg=01;35:*.svgz=01;35:*.mng=01;35:*.pcx=01;35:*.mov=01;35:*.mpg=01;35:*.mpeg=01;35:*.m2v=01;35:*.mkv=01;35:*.webm=01;35:*.webp=01;35:*.ogm=01;35:*.mp4=01;35:*.m4v=01;35:*.mp4v=01;35:*.vob=01;35:*.qt=01;35:*.nuv=01;35:*.wmv=01;35:*.asf=01;35:*.rm=01;35:*.rmvb=01;35:*.flc=01;35:*.avi=01;35:*.fli=01;35:*.flv=01;35:*.gl=01;35:*.dl=01;35:*.xcf=01;35:*.xwd=01;35:*.yuv=01;35:*.cgm=01;35:*.emf=01;35:*.ogv=01;35:*.ogx=01;35:*.aac=00;36:*.au=00;36:*.flac=00;36:*.m4a=00;36:*.mid=00;36:*.midi=00;36:*.mka=00;36:*.mp3=00;36:*.mpc=00;36:*.ogg=00;36:*.ra=00;36:*.wav=00;36:*.oga=00;36:*.opus=00;36:*.spx=00;36:*.xspf=00;36:*~=00;90:*#=00;90:*.bak=00;90:*.crdownload=00;90:*.dpkg-dist=00;90:*.dpkg-new=00;90:*.dpkg-old=00;90:*.dpkg-tmp=00;90:*.old=00;90:*.orig=00;90:*.part=00;90:*.rej=00;90:*.rpmnew=00;90:*.rpmorig=00;90:*.rpmsave=00;90:*.swp=00;90:*.tmp=00;90:*.ucf-dist=00;90:*.ucf-new=00;90:*.ucf-old=00;90:', 'VSCODE_GIT_IPC_HANDLE': '/run/user/1000/vscode-git-b3ba6a87e1.sock', 'TERM_PROGRAM': 'vscode', 'AMENT_PREFIX_PATH': '/home/huangbo/ros2_learn/tongxun_learn/install/py03_acton:/home/huangbo/ros2_learn/tongxun_learn/install/py01_topic:/home/huangbo/ros2_learn/tongxun_learn/install/student_interfaces:/home/huangbo/ros2_learn/tongxun_learn/install/py02_service_my:/home/huangbo/ros2_learn/tongxun_learn/install/py02_service:/home/huangbo/ros2_learn/tongxun_learn/install/base_tongxun_s:/opt/ros/jazzy', 'SHELL': '/bin/bash', 'LESSCLOSE': '/usr/bin/lesspipe %s %s', 'ROS_AUTOMATIC_DISCOVERY_RANGE': 'SUBNET', 'VSCODE_GIT_ASKPASS_EXTRA_ARGS': '', 'PWD': '/home/huangbo/ros2_learn/tongxun_learn/build/student_interfaces', 'COPILOT_DEBUG_NONCE': '0eaae38a08eb9b17f52bd7ed955eaf75', 'SSH_CONNECTION': '192.168.91.1 4611 192.168.91.129 22', 'XDG_DATA_DIRS': '/usr/share/gnome:/usr/local/share:/usr/share:/var/lib/snapd/desktop', 'PYTHONPATH': '/home/huangbo/ros2_learn/tongxun_learn/install/py03_acton/lib/python3.12/site-packages:/home/huangbo/ros2_learn/tongxun_learn/install/py01_topic/lib/python3.12/site-packages:/home/huangbo/ros2_learn/tongxun_learn/install/student_interfaces/lib/python3.12/site-packages:/home/huangbo/ros2_learn/tongxun_learn/install/py02_service_my/lib/python3.12/site-packages:/home/huangbo/ros2_learn/tongxun_learn/install/py02_service/lib/python3.12/site-packages:/home/huangbo/ros2_learn/tongxun_learn/install/base_tongxun_s/lib/python3.12/site-packages:/opt/ros/jazzy/opt/gz_math_vendor/lib/python:/opt/ros/jazzy/lib/python3.12/site-packages', 'COLCON': '1', 'CMAKE_PREFIX_PATH': '/home/huangbo/ros2_learn/tongxun_learn/install/py03_acton:/home/huangbo/ros2_learn/tongxun_learn/install/py01_topic:/home/huangbo/ros2_learn/tongxun_learn/install/py02_service_my:/home/huangbo/ros2_learn/tongxun_learn/install/py02_service:/home/huangbo/ros2_learn/tongxun_learn/install/base_tongxun_s:/opt/ros/jazzy:/home/huangbo/ros2_learn/tongxun_learn/install/student_interfaces:/opt/ros/jazzy/opt/gz_math_vendor:/opt/ros/jazzy/opt/gz_utils_vendor:/opt/ros/jazzy/opt/gz_cmake_vendor'}), 'shell': False}
[1.558489] (student_interfaces) StdoutLine: {'line': b'-- Install configuration: ""\n'}
[1.558791] (student_interfaces) StdoutLine: {'line': b'-- Up-to-date: /home/huangbo/ros2_learn/tongxun_learn/install/student_interfaces/share/ament_index/resource_index/rosidl_interfaces/student_interfaces\n'}
[1.559072] (student_interfaces) StdoutLine: {'line': b'-- Up-to-date: /home/huangbo/ros2_learn/tongxun_learn/install/student_interfaces/share/student_interfaces/msg/Student.json\n'}
[1.560289] (student_interfaces) StdoutLine: {'line': b'-- Up-to-date: /home/huangbo/ros2_learn/tongxun_learn/install/student_interfaces/share/student_interfaces/srv/Addints.json\n'}
[1.560391] (student_interfaces) StdoutLine: {'line': b'-- Up-to-date: /home/huangbo/ros2_learn/tongxun_learn/install/student_interfaces/share/student_interfaces/action/Progress.json\n'}
[1.560462] (student_interfaces) StdoutLine: {'line': b'-- Up-to-date: /home/huangbo/ros2_learn/tongxun_learn/install/student_interfaces/include/student_interfaces/student_interfaces\n'}
[1.560643] (student_interfaces) StdoutLine: {'line': b'-- Up-to-date: /home/huangbo/ros2_learn/tongxun_learn/install/student_interfaces/include/student_interfaces/student_interfaces/action\n'}
[1.560810] (student_interfaces) StdoutLine: {'line': b'-- Up-to-date: /home/huangbo/ros2_learn/tongxun_learn/install/student_interfaces/include/student_interfaces/student_interfaces/action/detail\n'}
[1.560990] (student_interfaces) StdoutLine: {'line': b'-- Installing: /home/huangbo/ros2_learn/tongxun_learn/install/student_interfaces/include/student_interfaces/student_interfaces/action/detail/progress__type_support.c\n'}
[1.561064] (student_interfaces) StdoutLine: {'line': b'-- Up-to-date: /home/huangbo/ros2_learn/tongxun_learn/install/student_interfaces/include/student_interfaces/student_interfaces/action/detail/progress__functions.h\n'}
[1.562414] (student_interfaces) StdoutLine: {'line': b'-- Up-to-date: /home/huangbo/ros2_learn/tongxun_learn/install/student_interfaces/include/student_interfaces/student_interfaces/action/detail/progress__type_support.h\n'}
[1.562576] (student_interfaces) StdoutLine: {'line': b'-- Up-to-date: /home/huangbo/ros2_learn/tongxun_learn/install/student_interfaces/include/student_interfaces/student_interfaces/action/detail/progress__functions.c\n'}
[1.562801] (student_interfaces) StdoutLine: {'line': b'-- Up-to-date: /home/huangbo/ros2_learn/tongxun_learn/install/student_interfaces/include/student_interfaces/student_interfaces/action/detail/progress__description.c\n'}
[1.562890] (student_interfaces) StdoutLine: {'line': b'-- Up-to-date: /home/huangbo/ros2_learn/tongxun_learn/install/student_interfaces/include/student_interfaces/student_interfaces/action/detail/progress__struct.h\n'}
[1.563041] (student_interfaces) StdoutLine: {'line': b'-- Up-to-date: /home/huangbo/ros2_learn/tongxun_learn/install/student_interfaces/include/student_interfaces/student_interfaces/action/progress.h\n'}
[1.563241] (student_interfaces) StdoutLine: {'line': b'-- Up-to-date: /home/huangbo/ros2_learn/tongxun_learn/install/student_interfaces/include/student_interfaces/student_interfaces/srv\n'}
[1.563439] (student_interfaces) StdoutLine: {'line': b'-- Up-to-date: /home/huangbo/ros2_learn/tongxun_learn/install/student_interfaces/include/student_interfaces/student_interfaces/srv/addints.h\n'}
[1.563542] (student_interfaces) StdoutLine: {'line': b'-- Up-to-date: /home/huangbo/ros2_learn/tongxun_learn/install/student_interfaces/include/student_interfaces/student_interfaces/srv/detail\n'}
[1.563663] (student_interfaces) StdoutLine: {'line': b'-- Up-to-date: /home/huangbo/ros2_learn/tongxun_learn/install/student_interfaces/include/student_interfaces/student_interfaces/srv/detail/addints__type_support.c\n'}
[1.563839] (student_interfaces) StdoutLine: {'line': b'-- Up-to-date: /home/huangbo/ros2_learn/tongxun_learn/install/student_interfaces/include/student_interfaces/student_interfaces/srv/detail/addints__struct.h\n'}
[1.565307] (student_interfaces) StdoutLine: {'line': b'-- Up-to-date: /home/huangbo/ros2_learn/tongxun_learn/install/student_interfaces/include/student_interfaces/student_interfaces/srv/detail/addints__functions.h\n'}
[1.565394] (student_interfaces) StdoutLine: {'line': b'-- Up-to-date: /home/huangbo/ros2_learn/tongxun_learn/install/student_interfaces/include/student_interfaces/student_interfaces/srv/detail/addints__functions.c\n'}
[1.565567] (student_interfaces) StdoutLine: {'line': b'-- Up-to-date: /home/huangbo/ros2_learn/tongxun_learn/install/student_interfaces/include/student_interfaces/student_interfaces/srv/detail/addints__type_support.h\n'}
[1.565759] (student_interfaces) StdoutLine: {'line': b'-- Up-to-date: /home/huangbo/ros2_learn/tongxun_learn/install/student_interfaces/include/student_interfaces/student_interfaces/srv/detail/addints__description.c\n'}
[1.565834] (student_interfaces) StdoutLine: {'line': b'-- Up-to-date: /home/huangbo/ros2_learn/tongxun_learn/install/student_interfaces/include/student_interfaces/student_interfaces/msg\n'}
[1.565897] (student_interfaces) StdoutLine: {'line': b'-- Up-to-date: /home/huangbo/ros2_learn/tongxun_learn/install/student_interfaces/include/student_interfaces/student_interfaces/msg/detail\n'}
[1.565986] (student_interfaces) StdoutLine: {'line': b'-- Installing: /home/huangbo/ros2_learn/tongxun_learn/install/student_interfaces/include/student_interfaces/student_interfaces/msg/detail/student__type_support.c\n'}
[1.566129] (student_interfaces) StdoutLine: {'line': b'-- Up-to-date: /home/huangbo/ros2_learn/tongxun_learn/install/student_interfaces/include/student_interfaces/student_interfaces/msg/detail/student__struct.h\n'}
[1.568535] (student_interfaces) StdoutLine: {'line': b'-- Up-to-date: /home/huangbo/ros2_learn/tongxun_learn/install/student_interfaces/include/student_interfaces/student_interfaces/msg/detail/student__description.c\n'}
[1.568798] (student_interfaces) StdoutLine: {'line': b'-- Up-to-date: /home/huangbo/ros2_learn/tongxun_learn/install/student_interfaces/include/student_interfaces/student_interfaces/msg/detail/student__functions.h\n'}
[1.568961] (student_interfaces) StdoutLine: {'line': b'-- Up-to-date: /home/huangbo/ros2_learn/tongxun_learn/install/student_interfaces/include/student_interfaces/student_interfaces/msg/detail/student__functions.c\n'}
[1.569405] (student_interfaces) StdoutLine: {'line': b'-- Up-to-date: /home/huangbo/ros2_learn/tongxun_learn/install/student_interfaces/include/student_interfaces/student_interfaces/msg/detail/student__type_support.h\n'}
[1.569574] (student_interfaces) StdoutLine: {'line': b'-- Up-to-date: /home/huangbo/ros2_learn/tongxun_learn/install/student_interfaces/include/student_interfaces/student_interfaces/msg/rosidl_generator_c__visibility_control.h\n'}
[1.569665] (student_interfaces) StdoutLine: {'line': b'-- Up-to-date: /home/huangbo/ros2_learn/tongxun_learn/install/student_interfaces/include/student_interfaces/student_interfaces/msg/student.h\n'}
[1.569731] (student_interfaces) StdoutLine: {'line': b'-- Up-to-date: /home/huangbo/ros2_learn/tongxun_learn/install/student_interfaces/share/student_interfaces/environment/library_path.sh\n'}
[1.569788] (student_interfaces) StdoutLine: {'line': b'-- Up-to-date: /home/huangbo/ros2_learn/tongxun_learn/install/student_interfaces/share/student_interfaces/environment/library_path.dsv\n'}
[1.569847] (student_interfaces) StdoutLine: {'line': b'-- Up-to-date: /home/huangbo/ros2_learn/tongxun_learn/install/student_interfaces/lib/libstudent_interfaces__rosidl_generator_c.so\n'}
[1.569953] (student_interfaces) StdoutLine: {'line': b'-- Up-to-date: /home/huangbo/ros2_learn/tongxun_learn/install/student_interfaces/include/student_interfaces/student_interfaces\n'}
[1.570022] (student_interfaces) StdoutLine: {'line': b'-- Up-to-date: /home/huangbo/ros2_learn/tongxun_learn/install/student_interfaces/include/student_interfaces/student_interfaces/action\n'}
[1.570083] (student_interfaces) StdoutLine: {'line': b'-- Up-to-date: /home/huangbo/ros2_learn/tongxun_learn/install/student_interfaces/include/student_interfaces/student_interfaces/action/detail\n'}
[1.570144] (student_interfaces) StdoutLine: {'line': b'-- Up-to-date: /home/huangbo/ros2_learn/tongxun_learn/install/student_interfaces/include/student_interfaces/student_interfaces/action/detail/progress__rosidl_typesupport_fastrtps_c.h\n'}
[1.570469] (student_interfaces) StdoutLine: {'line': b'-- Up-to-date: /home/huangbo/ros2_learn/tongxun_learn/install/student_interfaces/include/student_interfaces/student_interfaces/srv\n'}
[1.570669] (student_interfaces) StdoutLine: {'line': b'-- Up-to-date: /home/huangbo/ros2_learn/tongxun_learn/install/student_interfaces/include/student_interfaces/student_interfaces/srv/detail\n'}
[1.572343] (student_interfaces) StdoutLine: {'line': b'-- Up-to-date: /home/huangbo/ros2_learn/tongxun_learn/install/student_interfaces/include/student_interfaces/student_interfaces/srv/detail/addints__rosidl_typesupport_fastrtps_c.h\n'}
[1.572422] (student_interfaces) StdoutLine: {'line': b'-- Up-to-date: /home/huangbo/ros2_learn/tongxun_learn/install/student_interfaces/include/student_interfaces/student_interfaces/msg\n'}
[1.572547] (student_interfaces) StdoutLine: {'line': b'-- Up-to-date: /home/huangbo/ros2_learn/tongxun_learn/install/student_interfaces/include/student_interfaces/student_interfaces/msg/detail\n'}
[1.572673] (student_interfaces) StdoutLine: {'line': b'-- Up-to-date: /home/huangbo/ros2_learn/tongxun_learn/install/student_interfaces/include/student_interfaces/student_interfaces/msg/detail/student__rosidl_typesupport_fastrtps_c.h\n'}
[1.572850] (student_interfaces) StdoutLine: {'line': b'-- Up-to-date: /home/huangbo/ros2_learn/tongxun_learn/install/student_interfaces/include/student_interfaces/student_interfaces/msg/rosidl_typesupport_fastrtps_c__visibility_control.h\n'}
[1.573003] (student_interfaces) StdoutLine: {'line': b'-- Up-to-date: /home/huangbo/ros2_learn/tongxun_learn/install/student_interfaces/lib/libstudent_interfaces__rosidl_typesupport_fastrtps_c.so\n'}
[1.573072] (student_interfaces) StdoutLine: {'line': b'-- Up-to-date: /home/huangbo/ros2_learn/tongxun_learn/install/student_interfaces/include/student_interfaces/student_interfaces\n'}
[1.573138] (student_interfaces) StdoutLine: {'line': b'-- Up-to-date: /home/huangbo/ros2_learn/tongxun_learn/install/student_interfaces/include/student_interfaces/student_interfaces/action\n'}
[1.573286] (student_interfaces) StdoutLine: {'line': b'-- Up-to-date: /home/huangbo/ros2_learn/tongxun_learn/install/student_interfaces/include/student_interfaces/student_interfaces/action/detail\n'}
[1.573441] (student_interfaces) StdoutLine: {'line': b'-- Installing: /home/huangbo/ros2_learn/tongxun_learn/install/student_interfaces/include/student_interfaces/student_interfaces/action/detail/progress__type_support.c\n'}
[1.573641] (student_interfaces) StdoutLine: {'line': b'-- Up-to-date: /home/huangbo/ros2_learn/tongxun_learn/install/student_interfaces/include/student_interfaces/student_interfaces/action/detail/progress__rosidl_typesupport_introspection_c.h\n'}
[1.573839] (student_interfaces) StdoutLine: {'line': b'-- Up-to-date: /home/huangbo/ros2_learn/tongxun_learn/install/student_interfaces/include/student_interfaces/student_interfaces/srv\n'}
[1.573938] (student_interfaces) StdoutLine: {'line': b'-- Up-to-date: /home/huangbo/ros2_learn/tongxun_learn/install/student_interfaces/include/student_interfaces/student_interfaces/srv/detail\n'}
[1.574083] (student_interfaces) StdoutLine: {'line': b'-- Up-to-date: /home/huangbo/ros2_learn/tongxun_learn/install/student_interfaces/include/student_interfaces/student_interfaces/srv/detail/addints__type_support.c\n'}
[1.576422] (student_interfaces) StdoutLine: {'line': b'-- Up-to-date: /home/huangbo/ros2_learn/tongxun_learn/install/student_interfaces/include/student_interfaces/student_interfaces/srv/detail/addints__rosidl_typesupport_introspection_c.h\n'}
[1.576635] (student_interfaces) StdoutLine: {'line': b'-- Up-to-date: /home/huangbo/ros2_learn/tongxun_learn/install/student_interfaces/include/student_interfaces/student_interfaces/msg\n'}
[1.576840] (student_interfaces) StdoutLine: {'line': b'-- Up-to-date: /home/huangbo/ros2_learn/tongxun_learn/install/student_interfaces/include/student_interfaces/student_interfaces/msg/detail\n'}
[1.577093] (student_interfaces) StdoutLine: {'line': b'-- Installing: /home/huangbo/ros2_learn/tongxun_learn/install/student_interfaces/include/student_interfaces/student_interfaces/msg/detail/student__type_support.c\n'}
[1.577300] (student_interfaces) StdoutLine: {'line': b'-- Up-to-date: /home/huangbo/ros2_learn/tongxun_learn/install/student_interfaces/include/student_interfaces/student_interfaces/msg/detail/student__rosidl_typesupport_introspection_c.h\n'}
[1.577527] (student_interfaces) StdoutLine: {'line': b'-- Up-to-date: /home/huangbo/ros2_learn/tongxun_learn/install/student_interfaces/include/student_interfaces/student_interfaces/msg/rosidl_typesupport_introspection_c__visibility_control.h\n'}
[1.577823] (student_interfaces) StdoutLine: {'line': b'-- Up-to-date: /home/huangbo/ros2_learn/tongxun_learn/install/student_interfaces/lib/libstudent_interfaces__rosidl_typesupport_introspection_c.so\n'}
[1.578000] (student_interfaces) StdoutLine: {'line': b'-- Up-to-date: /home/huangbo/ros2_learn/tongxun_learn/install/student_interfaces/lib/libstudent_interfaces__rosidl_typesupport_c.so\n'}
[1.578140] (student_interfaces) StdoutLine: {'line': b'-- Up-to-date: /home/huangbo/ros2_learn/tongxun_learn/install/student_interfaces/include/student_interfaces/student_interfaces\n'}
[1.580359] (student_interfaces) StdoutLine: {'line': b'-- Up-to-date: /home/huangbo/ros2_learn/tongxun_learn/install/student_interfaces/include/student_interfaces/student_interfaces/action\n'}
[1.580433] (student_interfaces) StdoutLine: {'line': b'-- Up-to-date: /home/huangbo/ros2_learn/tongxun_learn/install/student_interfaces/include/student_interfaces/student_interfaces/action/detail\n'}
[1.580493] (student_interfaces) StdoutLine: {'line': b'-- Up-to-date: /home/huangbo/ros2_learn/tongxun_learn/install/student_interfaces/include/student_interfaces/student_interfaces/action/detail/progress__struct.hpp\n'}
[1.580551] (student_interfaces) StdoutLine: {'line': b'-- Up-to-date: /home/huangbo/ros2_learn/tongxun_learn/install/student_interfaces/include/student_interfaces/student_interfaces/action/detail/progress__traits.hpp\n'}
[1.580621] (student_interfaces) StdoutLine: {'line': b'-- Up-to-date: /home/huangbo/ros2_learn/tongxun_learn/install/student_interfaces/include/student_interfaces/student_interfaces/action/detail/progress__type_support.hpp\n'}
[1.580856] (student_interfaces) StdoutLine: {'line': b'-- Up-to-date: /home/huangbo/ros2_learn/tongxun_learn/install/student_interfaces/include/student_interfaces/student_interfaces/action/detail/progress__builder.hpp\n'}
[1.580931] (student_interfaces) StdoutLine: {'line': b'-- Up-to-date: /home/huangbo/ros2_learn/tongxun_learn/install/student_interfaces/include/student_interfaces/student_interfaces/action/progress.hpp\n'}
[1.581051] (student_interfaces) StdoutLine: {'line': b'-- Up-to-date: /home/huangbo/ros2_learn/tongxun_learn/install/student_interfaces/include/student_interfaces/student_interfaces/srv\n'}
[1.581120] (student_interfaces) StdoutLine: {'line': b'-- Up-to-date: /home/huangbo/ros2_learn/tongxun_learn/install/student_interfaces/include/student_interfaces/student_interfaces/srv/detail\n'}
[1.581256] (student_interfaces) StdoutLine: {'line': b'-- Up-to-date: /home/huangbo/ros2_learn/tongxun_learn/install/student_interfaces/include/student_interfaces/student_interfaces/srv/detail/addints__builder.hpp\n'}
[1.581321] (student_interfaces) StdoutLine: {'line': b'-- Up-to-date: /home/huangbo/ros2_learn/tongxun_learn/install/student_interfaces/include/student_interfaces/student_interfaces/srv/detail/addints__type_support.hpp\n'}
[1.581380] (student_interfaces) StdoutLine: {'line': b'-- Up-to-date: /home/huangbo/ros2_learn/tongxun_learn/install/student_interfaces/include/student_interfaces/student_interfaces/srv/detail/addints__struct.hpp\n'}
[1.581442] (student_interfaces) StdoutLine: {'line': b'-- Up-to-date: /home/huangbo/ros2_learn/tongxun_learn/install/student_interfaces/include/student_interfaces/student_interfaces/srv/detail/addints__traits.hpp\n'}
[1.581547] (student_interfaces) StdoutLine: {'line': b'-- Up-to-date: /home/huangbo/ros2_learn/tongxun_learn/install/student_interfaces/include/student_interfaces/student_interfaces/srv/addints.hpp\n'}
[1.581709] (student_interfaces) StdoutLine: {'line': b'-- Up-to-date: /home/huangbo/ros2_learn/tongxun_learn/install/student_interfaces/include/student_interfaces/student_interfaces/msg\n'}
[1.581858] (student_interfaces) StdoutLine: {'line': b'-- Up-to-date: /home/huangbo/ros2_learn/tongxun_learn/install/student_interfaces/include/student_interfaces/student_interfaces/msg/detail\n'}
[1.582027] (student_interfaces) StdoutLine: {'line': b'-- Up-to-date: /home/huangbo/ros2_learn/tongxun_learn/install/student_interfaces/include/student_interfaces/student_interfaces/msg/detail/student__builder.hpp\n'}
[1.582486] (student_interfaces) StdoutLine: {'line': b'-- Up-to-date: /home/huangbo/ros2_learn/tongxun_learn/install/student_interfaces/include/student_interfaces/student_interfaces/msg/detail/student__traits.hpp\n'}
[1.582583] (student_interfaces) StdoutLine: {'line': b'-- Up-to-date: /home/huangbo/ros2_learn/tongxun_learn/install/student_interfaces/include/student_interfaces/student_interfaces/msg/detail/student__struct.hpp\n'}
[1.582652] (student_interfaces) StdoutLine: {'line': b'-- Up-to-date: /home/huangbo/ros2_learn/tongxun_learn/install/student_interfaces/include/student_interfaces/student_interfaces/msg/detail/student__type_support.hpp\n'}
[1.582711] (student_interfaces) StdoutLine: {'line': b'-- Up-to-date: /home/huangbo/ros2_learn/tongxun_learn/install/student_interfaces/include/student_interfaces/student_interfaces/msg/student.hpp\n'}
[1.582773] (student_interfaces) StdoutLine: {'line': b'-- Up-to-date: /home/huangbo/ros2_learn/tongxun_learn/install/student_interfaces/include/student_interfaces/student_interfaces/msg/rosidl_generator_cpp__visibility_control.hpp\n'}
[1.582835] (student_interfaces) StdoutLine: {'line': b'-- Up-to-date: /home/huangbo/ros2_learn/tongxun_learn/install/student_interfaces/include/student_interfaces/student_interfaces\n'}
[1.582898] (student_interfaces) StdoutLine: {'line': b'-- Up-to-date: /home/huangbo/ros2_learn/tongxun_learn/install/student_interfaces/include/student_interfaces/student_interfaces/action\n'}
[1.582961] (student_interfaces) StdoutLine: {'line': b'-- Up-to-date: /home/huangbo/ros2_learn/tongxun_learn/install/student_interfaces/include/student_interfaces/student_interfaces/action/detail\n'}
[1.583023] (student_interfaces) StdoutLine: {'line': b'-- Up-to-date: /home/huangbo/ros2_learn/tongxun_learn/install/student_interfaces/include/student_interfaces/student_interfaces/action/detail/progress__rosidl_typesupport_fastrtps_cpp.hpp\n'}
[1.583085] (student_interfaces) StdoutLine: {'line': b'-- Up-to-date: /home/huangbo/ros2_learn/tongxun_learn/install/student_interfaces/include/student_interfaces/student_interfaces/action/detail/dds_fastrtps\n'}
[1.585635] (student_interfaces) StdoutLine: {'line': b'-- Up-to-date: /home/huangbo/ros2_learn/tongxun_learn/install/student_interfaces/include/student_interfaces/student_interfaces/srv\n'}
[1.585974] (student_interfaces) StdoutLine: {'line': b'-- Up-to-date: /home/huangbo/ros2_learn/tongxun_learn/install/student_interfaces/include/student_interfaces/student_interfaces/srv/detail\n'}
[1.586578] (student_interfaces) StdoutLine: {'line': b'-- Up-to-date: /home/huangbo/ros2_learn/tongxun_learn/install/student_interfaces/include/student_interfaces/student_interfaces/srv/detail/addints__rosidl_typesupport_fastrtps_cpp.hpp\n'}
[1.586724] (student_interfaces) StdoutLine: {'line': b'-- Up-to-date: /home/huangbo/ros2_learn/tongxun_learn/install/student_interfaces/include/student_interfaces/student_interfaces/srv/detail/dds_fastrtps\n'}
[1.586855] (student_interfaces) StdoutLine: {'line': b'-- Up-to-date: /home/huangbo/ros2_learn/tongxun_learn/install/student_interfaces/include/student_interfaces/student_interfaces/msg\n'}
[1.587064] (student_interfaces) StdoutLine: {'line': b'-- Up-to-date: /home/huangbo/ros2_learn/tongxun_learn/install/student_interfaces/include/student_interfaces/student_interfaces/msg/detail\n'}
[1.589339] (student_interfaces) StdoutLine: {'line': b'-- Up-to-date: /home/huangbo/ros2_learn/tongxun_learn/install/student_interfaces/include/student_interfaces/student_interfaces/msg/detail/student__rosidl_typesupport_fastrtps_cpp.hpp\n'}
[1.589473] (student_interfaces) StdoutLine: {'line': b'-- Up-to-date: /home/huangbo/ros2_learn/tongxun_learn/install/student_interfaces/include/student_interfaces/student_interfaces/msg/detail/dds_fastrtps\n'}
[1.589543] (student_interfaces) StdoutLine: {'line': b'-- Up-to-date: /home/huangbo/ros2_learn/tongxun_learn/install/student_interfaces/include/student_interfaces/student_interfaces/msg/rosidl_typesupport_fastrtps_cpp__visibility_control.h\n'}
[1.589602] (student_interfaces) StdoutLine: {'line': b'-- Up-to-date: /home/huangbo/ros2_learn/tongxun_learn/install/student_interfaces/lib/libstudent_interfaces__rosidl_typesupport_fastrtps_cpp.so\n'}
[1.589658] (student_interfaces) StdoutLine: {'line': b'-- Up-to-date: /home/huangbo/ros2_learn/tongxun_learn/install/student_interfaces/include/student_interfaces/student_interfaces\n'}
[1.589713] (student_interfaces) StdoutLine: {'line': b'-- Up-to-date: /home/huangbo/ros2_learn/tongxun_learn/install/student_interfaces/include/student_interfaces/student_interfaces/action\n'}
[1.589766] (student_interfaces) StdoutLine: {'line': b'-- Up-to-date: /home/huangbo/ros2_learn/tongxun_learn/install/student_interfaces/include/student_interfaces/student_interfaces/action/detail\n'}
[1.589817] (student_interfaces) StdoutLine: {'line': b'-- Up-to-date: /home/huangbo/ros2_learn/tongxun_learn/install/student_interfaces/include/student_interfaces/student_interfaces/action/detail/progress__type_support.cpp\n'}
[1.589869] (student_interfaces) StdoutLine: {'line': b'-- Up-to-date: /home/huangbo/ros2_learn/tongxun_learn/install/student_interfaces/include/student_interfaces/student_interfaces/action/detail/progress__rosidl_typesupport_introspection_cpp.hpp\n'}
[1.589932] (student_interfaces) StdoutLine: {'line': b'-- Up-to-date: /home/huangbo/ros2_learn/tongxun_learn/install/student_interfaces/include/student_interfaces/student_interfaces/srv\n'}
[1.589985] (student_interfaces) StdoutLine: {'line': b'-- Up-to-date: /home/huangbo/ros2_learn/tongxun_learn/install/student_interfaces/include/student_interfaces/student_interfaces/srv/detail\n'}
[1.590037] (student_interfaces) StdoutLine: {'line': b'-- Up-to-date: /home/huangbo/ros2_learn/tongxun_learn/install/student_interfaces/include/student_interfaces/student_interfaces/srv/detail/addints__type_support.cpp\n'}
[1.590088] (student_interfaces) StdoutLine: {'line': b'-- Up-to-date: /home/huangbo/ros2_learn/tongxun_learn/install/student_interfaces/include/student_interfaces/student_interfaces/srv/detail/addints__rosidl_typesupport_introspection_cpp.hpp\n'}
[1.590138] (student_interfaces) StdoutLine: {'line': b'-- Up-to-date: /home/huangbo/ros2_learn/tongxun_learn/install/student_interfaces/include/student_interfaces/student_interfaces/msg\n'}
[1.590335] (student_interfaces) StdoutLine: {'line': b'-- Up-to-date: /home/huangbo/ros2_learn/tongxun_learn/install/student_interfaces/include/student_interfaces/student_interfaces/msg/detail\n'}
[1.590405] (student_interfaces) StdoutLine: {'line': b'-- Up-to-date: /home/huangbo/ros2_learn/tongxun_learn/install/student_interfaces/include/student_interfaces/student_interfaces/msg/detail/student__type_support.cpp\n'}
[1.590461] (student_interfaces) StdoutLine: {'line': b'-- Up-to-date: /home/huangbo/ros2_learn/tongxun_learn/install/student_interfaces/include/student_interfaces/student_interfaces/msg/detail/student__rosidl_typesupport_introspection_cpp.hpp\n'}
[1.590516] (student_interfaces) StdoutLine: {'line': b'-- Up-to-date: /home/huangbo/ros2_learn/tongxun_learn/install/student_interfaces/lib/libstudent_interfaces__rosidl_typesupport_introspection_cpp.so\n'}
[1.590791] (student_interfaces) StdoutLine: {'line': b'-- Up-to-date: /home/huangbo/ros2_learn/tongxun_learn/install/student_interfaces/lib/libstudent_interfaces__rosidl_typesupport_cpp.so\n'}
[1.590874] (student_interfaces) StdoutLine: {'line': b'-- Up-to-date: /home/huangbo/ros2_learn/tongxun_learn/install/student_interfaces/share/student_interfaces/environment/pythonpath.sh\n'}
[1.590935] (student_interfaces) StdoutLine: {'line': b'-- Up-to-date: /home/huangbo/ros2_learn/tongxun_learn/install/student_interfaces/share/student_interfaces/environment/pythonpath.dsv\n'}
[1.590991] (student_interfaces) StdoutLine: {'line': b'-- Up-to-date: /home/huangbo/ros2_learn/tongxun_learn/install/student_interfaces/lib/python3.12/site-packages/student_interfaces-0.0.0-py3.12.egg-info\n'}
[1.591084] (student_interfaces) StdoutLine: {'line': b'-- Installing: /home/huangbo/ros2_learn/tongxun_learn/install/student_interfaces/lib/python3.12/site-packages/student_interfaces-0.0.0-py3.12.egg-info/SOURCES.txt\n'}
[1.591141] (student_interfaces) StdoutLine: {'line': b'-- Installing: /home/huangbo/ros2_learn/tongxun_learn/install/student_interfaces/lib/python3.12/site-packages/student_interfaces-0.0.0-py3.12.egg-info/dependency_links.txt\n'}
[1.592577] (student_interfaces) StdoutLine: {'line': b'-- Installing: /home/huangbo/ros2_learn/tongxun_learn/install/student_interfaces/lib/python3.12/site-packages/student_interfaces-0.0.0-py3.12.egg-info/PKG-INFO\n'}
[1.592660] (student_interfaces) StdoutLine: {'line': b'-- Installing: /home/huangbo/ros2_learn/tongxun_learn/install/student_interfaces/lib/python3.12/site-packages/student_interfaces-0.0.0-py3.12.egg-info/top_level.txt\n'}
[1.592727] (student_interfaces) StdoutLine: {'line': b'-- Up-to-date: /home/huangbo/ros2_learn/tongxun_learn/install/student_interfaces/lib/python3.12/site-packages/student_interfaces\n'}
[1.592790] (student_interfaces) StdoutLine: {'line': b'-- Up-to-date: /home/huangbo/ros2_learn/tongxun_learn/install/student_interfaces/lib/python3.12/site-packages/student_interfaces/student_interfaces_s__rosidl_typesupport_c.so\n'}
[1.592865] (student_interfaces) StdoutLine: {'line': b'-- Up-to-date: /home/huangbo/ros2_learn/tongxun_learn/install/student_interfaces/lib/python3.12/site-packages/student_interfaces/student_interfaces_s__rosidl_typesupport_fastrtps_c.so\n'}
[1.592931] (student_interfaces) StdoutLine: {'line': b'-- Up-to-date: /home/huangbo/ros2_learn/tongxun_learn/install/student_interfaces/lib/python3.12/site-packages/student_interfaces/_student_interfaces_s.ep.rosidl_typesupport_fastrtps_c.c\n'}
[1.592992] (student_interfaces) StdoutLine: {'line': b'-- Up-to-date: /home/huangbo/ros2_learn/tongxun_learn/install/student_interfaces/lib/python3.12/site-packages/student_interfaces/_student_interfaces_s.ep.rosidl_typesupport_introspection_c.c\n'}
[1.593052] (student_interfaces) StdoutLine: {'line': b'-- Up-to-date: /home/huangbo/ros2_learn/tongxun_learn/install/student_interfaces/lib/python3.12/site-packages/student_interfaces/action\n'}
[1.593111] (student_interfaces) StdoutLine: {'line': b'-- Up-to-date: /home/huangbo/ros2_learn/tongxun_learn/install/student_interfaces/lib/python3.12/site-packages/student_interfaces/action/_progress_s.c\n'}
[1.593244] (student_interfaces) StdoutLine: {'line': b'-- Up-to-date: /home/huangbo/ros2_learn/tongxun_learn/install/student_interfaces/lib/python3.12/site-packages/student_interfaces/action/_progress.py\n'}
[1.593331] (student_interfaces) StdoutLine: {'line': b'-- Up-to-date: /home/huangbo/ros2_learn/tongxun_learn/install/student_interfaces/lib/python3.12/site-packages/student_interfaces/action/__init__.py\n'}
[1.593399] (student_interfaces) StdoutLine: {'line': b'-- Up-to-date: /home/huangbo/ros2_learn/tongxun_learn/install/student_interfaces/lib/python3.12/site-packages/student_interfaces/_student_interfaces_s.ep.rosidl_typesupport_c.c\n'}
[1.593456] (student_interfaces) StdoutLine: {'line': b'-- Up-to-date: /home/huangbo/ros2_learn/tongxun_learn/install/student_interfaces/lib/python3.12/site-packages/student_interfaces/srv\n'}
[1.593508] (student_interfaces) StdoutLine: {'line': b'-- Up-to-date: /home/huangbo/ros2_learn/tongxun_learn/install/student_interfaces/lib/python3.12/site-packages/student_interfaces/srv/_addints.py\n'}
[1.593560] (student_interfaces) StdoutLine: {'line': b'-- Up-to-date: /home/huangbo/ros2_learn/tongxun_learn/install/student_interfaces/lib/python3.12/site-packages/student_interfaces/srv/_addints_s.c\n'}
[1.593611] (student_interfaces) StdoutLine: {'line': b'-- Up-to-date: /home/huangbo/ros2_learn/tongxun_learn/install/student_interfaces/lib/python3.12/site-packages/student_interfaces/srv/__init__.py\n'}
[1.593662] (student_interfaces) StdoutLine: {'line': b'-- Up-to-date: /home/huangbo/ros2_learn/tongxun_learn/install/student_interfaces/lib/python3.12/site-packages/student_interfaces/msg\n'}
[1.593713] (student_interfaces) StdoutLine: {'line': b'-- Up-to-date: /home/huangbo/ros2_learn/tongxun_learn/install/student_interfaces/lib/python3.12/site-packages/student_interfaces/msg/_student.py\n'}
[1.593765] (student_interfaces) StdoutLine: {'line': b'-- Up-to-date: /home/huangbo/ros2_learn/tongxun_learn/install/student_interfaces/lib/python3.12/site-packages/student_interfaces/msg/_student_s.c\n'}
[1.593816] (student_interfaces) StdoutLine: {'line': b'-- Up-to-date: /home/huangbo/ros2_learn/tongxun_learn/install/student_interfaces/lib/python3.12/site-packages/student_interfaces/msg/__init__.py\n'}
[1.593867] (student_interfaces) StdoutLine: {'line': b'-- Up-to-date: /home/huangbo/ros2_learn/tongxun_learn/install/student_interfaces/lib/python3.12/site-packages/student_interfaces/__init__.py\n'}
[1.593916] (student_interfaces) StdoutLine: {'line': b'-- Up-to-date: /home/huangbo/ros2_learn/tongxun_learn/install/student_interfaces/lib/python3.12/site-packages/student_interfaces/student_interfaces_s__rosidl_typesupport_introspection_c.so\n'}
[1.623280] (-) TimerEvent: {}
[1.631039] (student_interfaces) StdoutLine: {'line': b"Listing '/home/huangbo/ros2_learn/tongxun_learn/install/student_interfaces/lib/python3.12/site-packages/student_interfaces'...\n"}
[1.631311] (student_interfaces) StdoutLine: {'line': b"Listing '/home/huangbo/ros2_learn/tongxun_learn/install/student_interfaces/lib/python3.12/site-packages/student_interfaces/action'...\n"}
[1.631397] (student_interfaces) StdoutLine: {'line': b"Listing '/home/huangbo/ros2_learn/tongxun_learn/install/student_interfaces/lib/python3.12/site-packages/student_interfaces/msg'...\n"}
[1.631459] (student_interfaces) StdoutLine: {'line': b"Listing '/home/huangbo/ros2_learn/tongxun_learn/install/student_interfaces/lib/python3.12/site-packages/student_interfaces/srv'...\n"}
[1.640895] (student_interfaces) StdoutLine: {'line': b'-- Up-to-date: /home/huangbo/ros2_learn/tongxun_learn/install/student_interfaces/lib/python3.12/site-packages/student_interfaces/student_interfaces_s__rosidl_typesupport_fastrtps_c.so\n'}
[1.641126] (student_interfaces) StdoutLine: {'line': b'-- Up-to-date: /home/huangbo/ros2_learn/tongxun_learn/install/student_interfaces/lib/python3.12/site-packages/student_interfaces/student_interfaces_s__rosidl_typesupport_introspection_c.so\n'}
[1.641511] (student_interfaces) StdoutLine: {'line': b'-- Up-to-date: /home/huangbo/ros2_learn/tongxun_learn/install/student_interfaces/lib/python3.12/site-packages/student_interfaces/student_interfaces_s__rosidl_typesupport_c.so\n'}
[1.642042] (student_interfaces) StdoutLine: {'line': b'-- Up-to-date: /home/huangbo/ros2_learn/tongxun_learn/install/student_interfaces/lib/libstudent_interfaces__rosidl_generator_py.so\n'}
[1.643087] (student_interfaces) StdoutLine: {'line': b'-- Up-to-date: /home/huangbo/ros2_learn/tongxun_learn/install/student_interfaces/share/student_interfaces/rust\n'}
[1.644353] (student_interfaces) StdoutLine: {'line': b'-- Up-to-date: /home/huangbo/ros2_learn/tongxun_learn/install/student_interfaces/share/student_interfaces/rust/src\n'}
[1.644533] (student_interfaces) StdoutLine: {'line': b'-- Up-to-date: /home/huangbo/ros2_learn/tongxun_learn/install/student_interfaces/share/student_interfaces/rust/src/srv.rs\n'}
[1.644723] (student_interfaces) StdoutLine: {'line': b'-- Up-to-date: /home/huangbo/ros2_learn/tongxun_learn/install/student_interfaces/share/student_interfaces/rust/src/action\n'}
[1.644942] (student_interfaces) StdoutLine: {'line': b'-- Up-to-date: /home/huangbo/ros2_learn/tongxun_learn/install/student_interfaces/share/student_interfaces/rust/src/action/rmw.rs\n'}
[1.645107] (student_interfaces) StdoutLine: {'line': b'-- Up-to-date: /home/huangbo/ros2_learn/tongxun_learn/install/student_interfaces/share/student_interfaces/rust/src/msg.rs\n'}
[1.647391] (student_interfaces) StdoutLine: {'line': b'-- Up-to-date: /home/huangbo/ros2_learn/tongxun_learn/install/student_interfaces/share/student_interfaces/rust/src/action.rs\n'}
[1.647546] (student_interfaces) StdoutLine: {'line': b'-- Up-to-date: /home/huangbo/ros2_learn/tongxun_learn/install/student_interfaces/share/student_interfaces/rust/src/srv\n'}
[1.647747] (student_interfaces) StdoutLine: {'line': b'-- Up-to-date: /home/huangbo/ros2_learn/tongxun_learn/install/student_interfaces/share/student_interfaces/rust/src/srv/rmw.rs\n'}
[1.647905] (student_interfaces) StdoutLine: {'line': b'-- Up-to-date: /home/huangbo/ros2_learn/tongxun_learn/install/student_interfaces/share/student_interfaces/rust/src/msg\n'}
[1.647982] (student_interfaces) StdoutLine: {'line': b'-- Up-to-date: /home/huangbo/ros2_learn/tongxun_learn/install/student_interfaces/share/student_interfaces/rust/src/msg/rmw.rs\n'}
[1.648046] (student_interfaces) StdoutLine: {'line': b'-- Up-to-date: /home/huangbo/ros2_learn/tongxun_learn/install/student_interfaces/share/student_interfaces/rust/src/lib.rs\n'}
[1.648136] (student_interfaces) StdoutLine: {'line': b'-- Up-to-date: /home/huangbo/ros2_learn/tongxun_learn/install/student_interfaces/share/student_interfaces/rust/Cargo.toml\n'}
[1.648506] (student_interfaces) StdoutLine: {'line': b'-- Up-to-date: /home/huangbo/ros2_learn/tongxun_learn/install/student_interfaces/share/student_interfaces/rust/build.rs\n'}
[1.648769] (student_interfaces) StdoutLine: {'line': b'-- Up-to-date: /home/huangbo/ros2_learn/tongxun_learn/install/student_interfaces/share/student_interfaces/msg/Student.idl\n'}
[1.649034] (student_interfaces) StdoutLine: {'line': b'-- Up-to-date: /home/huangbo/ros2_learn/tongxun_learn/install/student_interfaces/share/student_interfaces/srv/Addints.idl\n'}
[1.651517] (student_interfaces) StdoutLine: {'line': b'-- Up-to-date: /home/huangbo/ros2_learn/tongxun_learn/install/student_interfaces/share/student_interfaces/action/Progress.idl\n'}
[1.651736] (student_interfaces) StdoutLine: {'line': b'-- Up-to-date: /home/huangbo/ros2_learn/tongxun_learn/install/student_interfaces/share/student_interfaces/msg/Student.msg\n'}
[1.652041] (student_interfaces) StdoutLine: {'line': b'-- Up-to-date: /home/huangbo/ros2_learn/tongxun_learn/install/student_interfaces/share/student_interfaces/srv/Addints.srv\n'}
[1.652294] (student_interfaces) StdoutLine: {'line': b'-- Up-to-date: /home/huangbo/ros2_learn/tongxun_learn/install/student_interfaces/share/student_interfaces/action/Progress.action\n'}
[1.652574] (student_interfaces) StdoutLine: {'line': b'-- Up-to-date: /home/huangbo/ros2_learn/tongxun_learn/install/student_interfaces/share/ament_index/resource_index/package_run_dependencies/student_interfaces\n'}
[1.652660] (student_interfaces) StdoutLine: {'line': b'-- Up-to-date: /home/huangbo/ros2_learn/tongxun_learn/install/student_interfaces/share/ament_index/resource_index/parent_prefix_path/student_interfaces\n'}
[1.652819] (student_interfaces) StdoutLine: {'line': b'-- Up-to-date: /home/huangbo/ros2_learn/tongxun_learn/install/student_interfaces/share/student_interfaces/environment/ament_prefix_path.sh\n'}
[1.652947] (student_interfaces) StdoutLine: {'line': b'-- Up-to-date: /home/huangbo/ros2_learn/tongxun_learn/install/student_interfaces/share/student_interfaces/environment/ament_prefix_path.dsv\n'}
[1.653288] (student_interfaces) StdoutLine: {'line': b'-- Up-to-date: /home/huangbo/ros2_learn/tongxun_learn/install/student_interfaces/share/student_interfaces/environment/path.sh\n'}
[1.653460] (student_interfaces) StdoutLine: {'line': b'-- Up-to-date: /home/huangbo/ros2_learn/tongxun_learn/install/student_interfaces/share/student_interfaces/environment/path.dsv\n'}
[1.653536] (student_interfaces) StdoutLine: {'line': b'-- Up-to-date: /home/huangbo/ros2_learn/tongxun_learn/install/student_interfaces/share/student_interfaces/local_setup.bash\n'}
[1.653791] (student_interfaces) StdoutLine: {'line': b'-- Up-to-date: /home/huangbo/ros2_learn/tongxun_learn/install/student_interfaces/share/student_interfaces/local_setup.sh\n'}
[1.653960] (student_interfaces) StdoutLine: {'line': b'-- Up-to-date: /home/huangbo/ros2_learn/tongxun_learn/install/student_interfaces/share/student_interfaces/local_setup.zsh\n'}
[1.654035] (student_interfaces) StdoutLine: {'line': b'-- Up-to-date: /home/huangbo/ros2_learn/tongxun_learn/install/student_interfaces/share/student_interfaces/local_setup.dsv\n'}
[1.655458] (student_interfaces) StdoutLine: {'line': b'-- Installing: /home/huangbo/ros2_learn/tongxun_learn/install/student_interfaces/share/student_interfaces/package.dsv\n'}
[1.655567] (student_interfaces) StdoutLine: {'line': b'-- Up-to-date: /home/huangbo/ros2_learn/tongxun_learn/install/student_interfaces/share/ament_index/resource_index/packages/student_interfaces\n'}
[1.655638] (student_interfaces) StdoutLine: {'line': b'-- Up-to-date: /home/huangbo/ros2_learn/tongxun_learn/install/student_interfaces/share/student_interfaces/cmake/export_student_interfaces__rosidl_generator_cExport.cmake\n'}
[1.655917] (student_interfaces) StdoutLine: {'line': b'-- Up-to-date: /home/huangbo/ros2_learn/tongxun_learn/install/student_interfaces/share/student_interfaces/cmake/export_student_interfaces__rosidl_generator_cExport-noconfig.cmake\n'}
[1.655993] (student_interfaces) StdoutLine: {'line': b'-- Up-to-date: /home/huangbo/ros2_learn/tongxun_learn/install/student_interfaces/share/student_interfaces/cmake/export_student_interfaces__rosidl_typesupport_fastrtps_cExport.cmake\n'}
[1.656059] (student_interfaces) StdoutLine: {'line': b'-- Up-to-date: /home/huangbo/ros2_learn/tongxun_learn/install/student_interfaces/share/student_interfaces/cmake/export_student_interfaces__rosidl_typesupport_fastrtps_cExport-noconfig.cmake\n'}
[1.656123] (student_interfaces) StdoutLine: {'line': b'-- Up-to-date: /home/huangbo/ros2_learn/tongxun_learn/install/student_interfaces/share/student_interfaces/cmake/student_interfaces__rosidl_typesupport_introspection_cExport.cmake\n'}
[1.656337] (student_interfaces) StdoutLine: {'line': b'-- Up-to-date: /home/huangbo/ros2_learn/tongxun_learn/install/student_interfaces/share/student_interfaces/cmake/student_interfaces__rosidl_typesupport_introspection_cExport-noconfig.cmake\n'}
[1.656408] (student_interfaces) StdoutLine: {'line': b'-- Up-to-date: /home/huangbo/ros2_learn/tongxun_learn/install/student_interfaces/share/student_interfaces/cmake/student_interfaces__rosidl_typesupport_cExport.cmake\n'}
[1.656467] (student_interfaces) StdoutLine: {'line': b'-- Up-to-date: /home/huangbo/ros2_learn/tongxun_learn/install/student_interfaces/share/student_interfaces/cmake/student_interfaces__rosidl_typesupport_cExport-noconfig.cmake\n'}
[1.656523] (student_interfaces) StdoutLine: {'line': b'-- Up-to-date: /home/huangbo/ros2_learn/tongxun_learn/install/student_interfaces/share/student_interfaces/cmake/export_student_interfaces__rosidl_generator_cppExport.cmake\n'}
[1.656658] (student_interfaces) StdoutLine: {'line': b'-- Up-to-date: /home/huangbo/ros2_learn/tongxun_learn/install/student_interfaces/share/student_interfaces/cmake/export_student_interfaces__rosidl_typesupport_fastrtps_cppExport.cmake\n'}
[1.656718] (student_interfaces) StdoutLine: {'line': b'-- Up-to-date: /home/huangbo/ros2_learn/tongxun_learn/install/student_interfaces/share/student_interfaces/cmake/export_student_interfaces__rosidl_typesupport_fastrtps_cppExport-noconfig.cmake\n'}
[1.656775] (student_interfaces) StdoutLine: {'line': b'-- Up-to-date: /home/huangbo/ros2_learn/tongxun_learn/install/student_interfaces/share/student_interfaces/cmake/student_interfaces__rosidl_typesupport_introspection_cppExport.cmake\n'}
[1.656828] (student_interfaces) StdoutLine: {'line': b'-- Up-to-date: /home/huangbo/ros2_learn/tongxun_learn/install/student_interfaces/share/student_interfaces/cmake/student_interfaces__rosidl_typesupport_introspection_cppExport-noconfig.cmake\n'}
[1.656882] (student_interfaces) StdoutLine: {'line': b'-- Up-to-date: /home/huangbo/ros2_learn/tongxun_learn/install/student_interfaces/share/student_interfaces/cmake/student_interfaces__rosidl_typesupport_cppExport.cmake\n'}
[1.656934] (student_interfaces) StdoutLine: {'line': b'-- Up-to-date: /home/huangbo/ros2_learn/tongxun_learn/install/student_interfaces/share/student_interfaces/cmake/student_interfaces__rosidl_typesupport_cppExport-noconfig.cmake\n'}
[1.656986] (student_interfaces) StdoutLine: {'line': b'-- Up-to-date: /home/huangbo/ros2_learn/tongxun_learn/install/student_interfaces/share/student_interfaces/cmake/export_student_interfaces__rosidl_generator_pyExport.cmake\n'}
[1.657037] (student_interfaces) StdoutLine: {'line': b'-- Up-to-date: /home/huangbo/ros2_learn/tongxun_learn/install/student_interfaces/share/student_interfaces/cmake/export_student_interfaces__rosidl_generator_pyExport-noconfig.cmake\n'}
[1.657089] (student_interfaces) StdoutLine: {'line': b'-- Up-to-date: /home/huangbo/ros2_learn/tongxun_learn/install/student_interfaces/share/student_interfaces/cmake/rosidl_cmake-extras.cmake\n'}
[1.657141] (student_interfaces) StdoutLine: {'line': b'-- Up-to-date: /home/huangbo/ros2_learn/tongxun_learn/install/student_interfaces/share/student_interfaces/cmake/ament_cmake_export_dependencies-extras.cmake\n'}
[1.658682] (student_interfaces) StdoutLine: {'line': b'-- Up-to-date: /home/huangbo/ros2_learn/tongxun_learn/install/student_interfaces/share/student_interfaces/cmake/ament_cmake_export_include_directories-extras.cmake\n'}
[1.658778] (student_interfaces) StdoutLine: {'line': b'-- Up-to-date: /home/huangbo/ros2_learn/tongxun_learn/install/student_interfaces/share/student_interfaces/cmake/ament_cmake_export_libraries-extras.cmake\n'}
[1.658854] (student_interfaces) StdoutLine: {'line': b'-- Up-to-date: /home/huangbo/ros2_learn/tongxun_learn/install/student_interfaces/share/student_interfaces/cmake/ament_cmake_export_targets-extras.cmake\n'}
[1.658935] (student_interfaces) StdoutLine: {'line': b'-- Up-to-date: /home/huangbo/ros2_learn/tongxun_learn/install/student_interfaces/share/student_interfaces/cmake/rosidl_cmake_export_typesupport_targets-extras.cmake\n'}
[1.659005] (student_interfaces) StdoutLine: {'line': b'-- Up-to-date: /home/huangbo/ros2_learn/tongxun_learn/install/student_interfaces/share/student_interfaces/cmake/rosidl_cmake_export_typesupport_libraries-extras.cmake\n'}
[1.659070] (student_interfaces) StdoutLine: {'line': b'-- Up-to-date: /home/huangbo/ros2_learn/tongxun_learn/install/student_interfaces/share/student_interfaces/cmake/rosidl_cmake_aggregate_target-extras.cmake\n'}
[1.659137] (student_interfaces) StdoutLine: {'line': b'-- Up-to-date: /home/huangbo/ros2_learn/tongxun_learn/install/student_interfaces/share/student_interfaces/cmake/student_interfacesConfig.cmake\n'}
[1.659315] (student_interfaces) StdoutLine: {'line': b'-- Up-to-date: /home/huangbo/ros2_learn/tongxun_learn/install/student_interfaces/share/student_interfaces/cmake/student_interfacesConfig-version.cmake\n'}
[1.659381] (student_interfaces) StdoutLine: {'line': b'-- Up-to-date: /home/huangbo/ros2_learn/tongxun_learn/install/student_interfaces/share/student_interfaces/package.xml\n'}
[1.661258] (student_interfaces) CommandEnded: {'returncode': 0}
[1.692599] (student_interfaces) JobEnded: {'identifier': 'student_interfaces', 'rc': 0}
[1.693437] (py02_service) JobStarted: {'identifier': 'py02_service'}
[1.724969] (-) TimerEvent: {}
[1.826349] (-) TimerEvent: {}
[1.927366] (-) TimerEvent: {}
[2.028066] (-) TimerEvent: {}
[2.128796] (-) TimerEvent: {}
[2.161654] (base_tongxun_s) Command: {'cmd': ['/usr/bin/python3', '-W', 'ignore:setup.py install is deprecated', '-W', 'ignore:easy_install command is deprecated', 'setup.py', 'egg_info', '--egg-base', '../../build/base_tongxun_s', 'build', '--build-base', '/home/huangbo/ros2_learn/tongxun_learn/build/base_tongxun_s/build', 'install', '--record', '/home/huangbo/ros2_learn/tongxun_learn/build/base_tongxun_s/install.log', '--install-scripts', '$base/lib/base_tongxun_s', '--single-version-externally-managed', 'install_data'], 'cwd': '/home/huangbo/ros2_learn/tongxun_learn/src/base_tongxun_s', 'env': OrderedDict({'PYTHON_BASIC_REPL': '1', 'LESSOPEN': '| /usr/bin/lesspipe %s', 'USER': 'huangbo', 'SSH_CLIENT': '192.168.91.1 4611 22', 'XDG_SESSION_TYPE': 'tty', 'GIT_ASKPASS': '/home/huangbo/.vscode-server/cli/servers/Stable-7debcd0e2acdea1c52de81bf9ee1620444407dda/server/extensions/git/dist/askpass.sh', 'SHLVL': '1', 'LD_LIBRARY_PATH': '/home/huangbo/ros2_learn/tongxun_learn/install/student_interfaces/lib:/opt/ros/jazzy/opt/rviz_ogre_vendor/lib:/opt/ros/jazzy/lib/x86_64-linux-gnu:/opt/ros/jazzy/opt/gz_math_vendor/lib:/opt/ros/jazzy/opt/gz_utils_vendor/lib:/opt/ros/jazzy/opt/gz_cmake_vendor/lib:/opt/ros/jazzy/lib', 'BROWSER': '/home/huangbo/.vscode-server/cli/servers/Stable-7debcd0e2acdea1c52de81bf9ee1620444407dda/server/bin/helpers/browser.sh', 'HOME': '/home/huangbo', 'TERM_PROGRAM_VERSION': '1.138.0', 'VSCODE_IPC_HOOK_CLI': '/run/user/1000/vscode-ipc-1a622cb4-c665-4f38-ac7f-27620576ea20.sock', 'ROS_PYTHON_VERSION': '3', 'VSCODE_GIT_ASKPASS_MAIN': '/home/huangbo/.vscode-server/cli/servers/Stable-7debcd0e2acdea1c52de81bf9ee1620444407dda/server/extensions/git/dist/askpass-main.js', 'VSCODE_GIT_ASKPASS_NODE': '/home/huangbo/.vscode-server/cli/servers/Stable-7debcd0e2acdea1c52de81bf9ee1620444407dda/server/node', 'PYDEVD_DISABLE_FILE_VALIDATION': '1', 'BUNDLED_DEBUGPY_PATH': '/home/huangbo/.vscode-server/extensions/ms-python.debugpy-2026.6.0-linux-x64/bundled/libs/debugpy', 'VSCODE_PYTHON_AUTOACTIVATE_GUARD': '1', 'DBUS_SESSION_BUS_ADDRESS': 'unix:path=/run/user/1000/bus', 'COLORTERM': 'truecolor', 'DEBUGINFOD_URLS': 'https://debuginfod.ubuntu.com', 'COLCON_PREFIX_PATH': '/home/huangbo/ros2_learn/tongxun_learn/install', 'ROS_DISTRO': 'jazzy', 'LOGNAME': 'huangbo', '_': '/usr/bin/colcon', 'ROS_VERSION': '2', 'XDG_SESSION_CLASS': 'user', 'TERM': 'xterm-256color', 'XDG_SESSION_ID': '4', 'PATH': '/home/huangbo/.vscode-server/data/User/globalStorage/github.copilot-chat/debugCommand:/home/huangbo/.vscode-server/data/User/globalStorage/github.copilot-chat/copilotCli:/home/huangbo/.vscode-server/cli/servers/Stable-7debcd0e2acdea1c52de81bf9ee1620444407dda/server/bin/remote-cli:/opt/ros/jazzy/bin:/usr/local/sbin:/usr/local/bin:/usr/sbin:/usr/bin:/sbin:/bin:/usr/games:/usr/local/games:/snap/bin:/home/huangbo/.vscode-server/extensions/ms-python.debugpy-2026.6.0-linux-x64/bundled/scripts/noConfigScripts', 'XDG_RUNTIME_DIR': '/run/user/1000', 'VSCODE_DEBUGPY_ADAPTER_ENDPOINTS': '/home/huangbo/.vscode-server/extensions/ms-python.debugpy-2026.6.0-linux-x64/.noConfigDebugAdapterEndpoints/endpoint-66c467e2907e460e.txt', 'LANG': 'zh_CN.UTF-8', 'PYTHONSTARTUP': '/home/huangbo/.vscode-server/data/User/workspaceStorage/c358a63721801e90ff5d3c048722ef27/ms-python.python/pythonrc.py', 'LS_COLORS': 'rs=0:di=01;34:ln=01;36:mh=00:pi=40;33:so=01;35:do=01;35:bd=40;33;01:cd=40;33;01:or=40;31;01:mi=00:su=37;41:sg=30;43:ca=00:tw=30;42:ow=34;42:st=37;44:ex=01;32:*.tar=01;31:*.tgz=01;31:*.arc=01;31:*.arj=01;31:*.taz=01;31:*.lha=01;31:*.lz4=01;31:*.lzh=01;31:*.lzma=01;31:*.tlz=01;31:*.txz=01;31:*.tzo=01;31:*.t7z=01;31:*.zip=01;31:*.z=01;31:*.dz=01;31:*.gz=01;31:*.lrz=01;31:*.lz=01;31:*.lzo=01;31:*.xz=01;31:*.zst=01;31:*.tzst=01;31:*.bz2=01;31:*.bz=01;31:*.tbz=01;31:*.tbz2=01;31:*.tz=01;31:*.deb=01;31:*.rpm=01;31:*.jar=01;31:*.war=01;31:*.ear=01;31:*.sar=01;31:*.rar=01;31:*.alz=01;31:*.ace=01;31:*.zoo=01;31:*.cpio=01;31:*.7z=01;31:*.rz=01;31:*.cab=01;31:*.wim=01;31:*.swm=01;31:*.dwm=01;31:*.esd=01;31:*.avif=01;35:*.jpg=01;35:*.jpeg=01;35:*.mjpg=01;35:*.mjpeg=01;35:*.gif=01;35:*.bmp=01;35:*.pbm=01;35:*.pgm=01;35:*.ppm=01;35:*.tga=01;35:*.xbm=01;35:*.xpm=01;35:*.tif=01;35:*.tiff=01;35:*.png=01;35:*.svg=01;35:*.svgz=01;35:*.mng=01;35:*.pcx=01;35:*.mov=01;35:*.mpg=01;35:*.mpeg=01;35:*.m2v=01;35:*.mkv=01;35:*.webm=01;35:*.webp=01;35:*.ogm=01;35:*.mp4=01;35:*.m4v=01;35:*.mp4v=01;35:*.vob=01;35:*.qt=01;35:*.nuv=01;35:*.wmv=01;35:*.asf=01;35:*.rm=01;35:*.rmvb=01;35:*.flc=01;35:*.avi=01;35:*.fli=01;35:*.flv=01;35:*.gl=01;35:*.dl=01;35:*.xcf=01;35:*.xwd=01;35:*.yuv=01;35:*.cgm=01;35:*.emf=01;35:*.ogv=01;35:*.ogx=01;35:*.aac=00;36:*.au=00;36:*.flac=00;36:*.m4a=00;36:*.mid=00;36:*.midi=00;36:*.mka=00;36:*.mp3=00;36:*.mpc=00;36:*.ogg=00;36:*.ra=00;36:*.wav=00;36:*.oga=00;36:*.opus=00;36:*.spx=00;36:*.xspf=00;36:*~=00;90:*#=00;90:*.bak=00;90:*.crdownload=00;90:*.dpkg-dist=00;90:*.dpkg-new=00;90:*.dpkg-old=00;90:*.dpkg-tmp=00;90:*.old=00;90:*.orig=00;90:*.part=00;90:*.rej=00;90:*.rpmnew=00;90:*.rpmorig=00;90:*.rpmsave=00;90:*.swp=00;90:*.tmp=00;90:*.ucf-dist=00;90:*.ucf-new=00;90:*.ucf-old=00;90:', 'VSCODE_GIT_IPC_HANDLE': '/run/user/1000/vscode-git-b3ba6a87e1.sock', 'TERM_PROGRAM': 'vscode', 'AMENT_PREFIX_PATH': '/home/huangbo/ros2_learn/tongxun_learn/install/py03_acton:/home/huangbo/ros2_learn/tongxun_learn/install/py01_topic:/home/huangbo/ros2_learn/tongxun_learn/install/student_interfaces:/home/huangbo/ros2_learn/tongxun_learn/install/py02_service_my:/home/huangbo/ros2_learn/tongxun_learn/install/py02_service:/home/huangbo/ros2_learn/tongxun_learn/install/base_tongxun_s:/opt/ros/jazzy', 'SHELL': '/bin/bash', 'LESSCLOSE': '/usr/bin/lesspipe %s %s', 'ROS_AUTOMATIC_DISCOVERY_RANGE': 'SUBNET', 'VSCODE_GIT_ASKPASS_EXTRA_ARGS': '', 'PWD': '/home/huangbo/ros2_learn/tongxun_learn/build/base_tongxun_s', 'COPILOT_DEBUG_NONCE': '0eaae38a08eb9b17f52bd7ed955eaf75', 'SSH_CONNECTION': '192.168.91.1 4611 192.168.91.129 22', 'XDG_DATA_DIRS': '/usr/share/gnome:/usr/local/share:/usr/share:/var/lib/snapd/desktop', 'PYTHONPATH': '/home/huangbo/ros2_learn/tongxun_learn/build/base_tongxun_s/prefix_override:/usr/lib/python3/dist-packages/colcon_core/task/python/colcon_distutils_commands:/home/huangbo/ros2_learn/tongxun_learn/install/base_tongxun_s/lib/python3.12/site-packages:/home/huangbo/ros2_learn/tongxun_learn/install/py03_acton/lib/python3.12/site-packages:/home/huangbo/ros2_learn/tongxun_learn/install/py01_topic/lib/python3.12/site-packages:/home/huangbo/ros2_learn/tongxun_learn/install/student_interfaces/lib/python3.12/site-packages:/home/huangbo/ros2_learn/tongxun_learn/install/py02_service_my/lib/python3.12/site-packages:/home/huangbo/ros2_learn/tongxun_learn/install/py02_service/lib/python3.12/site-packages:/home/huangbo/ros2_learn/tongxun_learn/install/base_tongxun_s/lib/python3.12/site-packages:/opt/ros/jazzy/opt/gz_math_vendor/lib/python:/opt/ros/jazzy/lib/python3.12/site-packages', 'COLCON': '1', 'CMAKE_PREFIX_PATH': '/home/huangbo/ros2_learn/tongxun_learn/install/student_interfaces:/opt/ros/jazzy/opt/gz_math_vendor:/opt/ros/jazzy/opt/gz_utils_vendor:/opt/ros/jazzy/opt/gz_cmake_vendor'}), 'shell': False}
[2.229106] (-) TimerEvent: {}
[2.330725] (-) TimerEvent: {}
[2.432552] (-) TimerEvent: {}
[2.487800] (base_tongxun_s) StdoutLine: {'line': b'running egg_info\n'}
[2.508828] (base_tongxun_s) StdoutLine: {'line': b'writing ../../build/base_tongxun_s/base_tongxun_s.egg-info/PKG-INFO\n'}
[2.509424] (base_tongxun_s) StdoutLine: {'line': b'writing dependency_links to ../../build/base_tongxun_s/base_tongxun_s.egg-info/dependency_links.txt\n'}
[2.509835] (base_tongxun_s) StdoutLine: {'line': b'writing requirements to ../../build/base_tongxun_s/base_tongxun_s.egg-info/requires.txt\n'}
[2.510131] (base_tongxun_s) StdoutLine: {'line': b'writing top-level names to ../../build/base_tongxun_s/base_tongxun_s.egg-info/top_level.txt\n'}
[2.533381] (-) TimerEvent: {}
[2.559009] (base_tongxun_s) StdoutLine: {'line': b"reading manifest file '../../build/base_tongxun_s/base_tongxun_s.egg-info/SOURCES.txt'\n"}
[2.559222] (base_tongxun_s) StdoutLine: {'line': b"writing manifest file '../../build/base_tongxun_s/base_tongxun_s.egg-info/SOURCES.txt'\n"}
[2.559381] (base_tongxun_s) StdoutLine: {'line': b'running build\n'}
[2.559455] (base_tongxun_s) StdoutLine: {'line': b'running build_py\n'}
[2.559547] (base_tongxun_s) StdoutLine: {'line': b'running install\n'}
[2.564752] (base_tongxun_s) StdoutLine: {'line': b'running install_lib\n'}
[2.586905] (base_tongxun_s) StdoutLine: {'line': b'running install_data\n'}
[2.587177] (base_tongxun_s) StdoutLine: {'line': b'running install_egg_info\n'}
[2.610576] (base_tongxun_s) StdoutLine: {'line': b"removing '/home/huangbo/ros2_learn/tongxun_learn/install/base_tongxun_s/lib/python3.12/site-packages/base_tongxun_s-0.0.0-py3.12.egg-info' (and everything under it)\n"}
[2.614383] (base_tongxun_s) StdoutLine: {'line': b'Copying ../../build/base_tongxun_s/base_tongxun_s.egg-info to /home/huangbo/ros2_learn/tongxun_learn/install/base_tongxun_s/lib/python3.12/site-packages/base_tongxun_s-0.0.0-py3.12.egg-info\n'}
[2.614512] (base_tongxun_s) StdoutLine: {'line': b'running install_scripts\n'}
[2.634421] (-) TimerEvent: {}
[2.735358] (-) TimerEvent: {}
[2.763533] (base_tongxun_s) StdoutLine: {'line': b"writing list of installed files to '/home/huangbo/ros2_learn/tongxun_learn/build/base_tongxun_s/install.log'\n"}
[2.808346] (base_tongxun_s) CommandEnded: {'returncode': 0}
[2.820110] (base_tongxun_s) JobEnded: {'identifier': 'base_tongxun_s', 'rc': 0}
[2.823470] (py02_service_my) JobStarted: {'identifier': 'py02_service_my'}
[2.836397] (-) TimerEvent: {}
[2.936729] (-) TimerEvent: {}
[3.037540] (-) TimerEvent: {}
[3.118996] (py02_service) Command: {'cmd': ['/usr/bin/python3', '-W', 'ignore:setup.py install is deprecated', '-W', 'ignore:easy_install command is deprecated', 'setup.py', 'egg_info', '--egg-base', '../../build/py02_service', 'build', '--build-base', '/home/huangbo/ros2_learn/tongxun_learn/build/py02_service/build', 'install', '--record', '/home/huangbo/ros2_learn/tongxun_learn/build/py02_service/install.log', '--install-scripts', '$base/lib/py02_service', '--single-version-externally-managed', 'install_data'], 'cwd': '/home/huangbo/ros2_learn/tongxun_learn/src/py02_service', 'env': OrderedDict({'PYTHON_BASIC_REPL': '1', 'LESSOPEN': '| /usr/bin/lesspipe %s', 'USER': 'huangbo', 'SSH_CLIENT': '192.168.91.1 4611 22', 'XDG_SESSION_TYPE': 'tty', 'GIT_ASKPASS': '/home/huangbo/.vscode-server/cli/servers/Stable-7debcd0e2acdea1c52de81bf9ee1620444407dda/server/extensions/git/dist/askpass.sh', 'SHLVL': '1', 'LD_LIBRARY_PATH': '/home/huangbo/ros2_learn/tongxun_learn/install/student_interfaces/lib:/opt/ros/jazzy/opt/rviz_ogre_vendor/lib:/opt/ros/jazzy/lib/x86_64-linux-gnu:/opt/ros/jazzy/opt/gz_math_vendor/lib:/opt/ros/jazzy/opt/gz_utils_vendor/lib:/opt/ros/jazzy/opt/gz_cmake_vendor/lib:/opt/ros/jazzy/lib', 'BROWSER': '/home/huangbo/.vscode-server/cli/servers/Stable-7debcd0e2acdea1c52de81bf9ee1620444407dda/server/bin/helpers/browser.sh', 'HOME': '/home/huangbo', 'TERM_PROGRAM_VERSION': '1.138.0', 'VSCODE_IPC_HOOK_CLI': '/run/user/1000/vscode-ipc-1a622cb4-c665-4f38-ac7f-27620576ea20.sock', 'ROS_PYTHON_VERSION': '3', 'VSCODE_GIT_ASKPASS_MAIN': '/home/huangbo/.vscode-server/cli/servers/Stable-7debcd0e2acdea1c52de81bf9ee1620444407dda/server/extensions/git/dist/askpass-main.js', 'VSCODE_GIT_ASKPASS_NODE': '/home/huangbo/.vscode-server/cli/servers/Stable-7debcd0e2acdea1c52de81bf9ee1620444407dda/server/node', 'PYDEVD_DISABLE_FILE_VALIDATION': '1', 'BUNDLED_DEBUGPY_PATH': '/home/huangbo/.vscode-server/extensions/ms-python.debugpy-2026.6.0-linux-x64/bundled/libs/debugpy', 'VSCODE_PYTHON_AUTOACTIVATE_GUARD': '1', 'DBUS_SESSION_BUS_ADDRESS': 'unix:path=/run/user/1000/bus', 'COLORTERM': 'truecolor', 'DEBUGINFOD_URLS': 'https://debuginfod.ubuntu.com', 'COLCON_PREFIX_PATH': '/home/huangbo/ros2_learn/tongxun_learn/install', 'ROS_DISTRO': 'jazzy', 'LOGNAME': 'huangbo', '_': '/usr/bin/colcon', 'ROS_VERSION': '2', 'XDG_SESSION_CLASS': 'user', 'TERM': 'xterm-256color', 'XDG_SESSION_ID': '4', 'PATH': '/home/huangbo/.vscode-server/data/User/globalStorage/github.copilot-chat/debugCommand:/home/huangbo/.vscode-server/data/User/globalStorage/github.copilot-chat/copilotCli:/home/huangbo/.vscode-server/cli/servers/Stable-7debcd0e2acdea1c52de81bf9ee1620444407dda/server/bin/remote-cli:/opt/ros/jazzy/bin:/usr/local/sbin:/usr/local/bin:/usr/sbin:/usr/bin:/sbin:/bin:/usr/games:/usr/local/games:/snap/bin:/home/huangbo/.vscode-server/extensions/ms-python.debugpy-2026.6.0-linux-x64/bundled/scripts/noConfigScripts', 'XDG_RUNTIME_DIR': '/run/user/1000', 'VSCODE_DEBUGPY_ADAPTER_ENDPOINTS': '/home/huangbo/.vscode-server/extensions/ms-python.debugpy-2026.6.0-linux-x64/.noConfigDebugAdapterEndpoints/endpoint-66c467e2907e460e.txt', 'LANG': 'zh_CN.UTF-8', 'PYTHONSTARTUP': '/home/huangbo/.vscode-server/data/User/workspaceStorage/c358a63721801e90ff5d3c048722ef27/ms-python.python/pythonrc.py', 'LS_COLORS': 'rs=0:di=01;34:ln=01;36:mh=00:pi=40;33:so=01;35:do=01;35:bd=40;33;01:cd=40;33;01:or=40;31;01:mi=00:su=37;41:sg=30;43:ca=00:tw=30;42:ow=34;42:st=37;44:ex=01;32:*.tar=01;31:*.tgz=01;31:*.arc=01;31:*.arj=01;31:*.taz=01;31:*.lha=01;31:*.lz4=01;31:*.lzh=01;31:*.lzma=01;31:*.tlz=01;31:*.txz=01;31:*.tzo=01;31:*.t7z=01;31:*.zip=01;31:*.z=01;31:*.dz=01;31:*.gz=01;31:*.lrz=01;31:*.lz=01;31:*.lzo=01;31:*.xz=01;31:*.zst=01;31:*.tzst=01;31:*.bz2=01;31:*.bz=01;31:*.tbz=01;31:*.tbz2=01;31:*.tz=01;31:*.deb=01;31:*.rpm=01;31:*.jar=01;31:*.war=01;31:*.ear=01;31:*.sar=01;31:*.rar=01;31:*.alz=01;31:*.ace=01;31:*.zoo=01;31:*.cpio=01;31:*.7z=01;31:*.rz=01;31:*.cab=01;31:*.wim=01;31:*.swm=01;31:*.dwm=01;31:*.esd=01;31:*.avif=01;35:*.jpg=01;35:*.jpeg=01;35:*.mjpg=01;35:*.mjpeg=01;35:*.gif=01;35:*.bmp=01;35:*.pbm=01;35:*.pgm=01;35:*.ppm=01;35:*.tga=01;35:*.xbm=01;35:*.xpm=01;35:*.tif=01;35:*.tiff=01;35:*.png=01;35:*.svg=01;35:*.svgz=01;35:*.mng=01;35:*.pcx=01;35:*.mov=01;35:*.mpg=01;35:*.mpeg=01;35:*.m2v=01;35:*.mkv=01;35:*.webm=01;35:*.webp=01;35:*.ogm=01;35:*.mp4=01;35:*.m4v=01;35:*.mp4v=01;35:*.vob=01;35:*.qt=01;35:*.nuv=01;35:*.wmv=01;35:*.asf=01;35:*.rm=01;35:*.rmvb=01;35:*.flc=01;35:*.avi=01;35:*.fli=01;35:*.flv=01;35:*.gl=01;35:*.dl=01;35:*.xcf=01;35:*.xwd=01;35:*.yuv=01;35:*.cgm=01;35:*.emf=01;35:*.ogv=01;35:*.ogx=01;35:*.aac=00;36:*.au=00;36:*.flac=00;36:*.m4a=00;36:*.mid=00;36:*.midi=00;36:*.mka=00;36:*.mp3=00;36:*.mpc=00;36:*.ogg=00;36:*.ra=00;36:*.wav=00;36:*.oga=00;36:*.opus=00;36:*.spx=00;36:*.xspf=00;36:*~=00;90:*#=00;90:*.bak=00;90:*.crdownload=00;90:*.dpkg-dist=00;90:*.dpkg-new=00;90:*.dpkg-old=00;90:*.dpkg-tmp=00;90:*.old=00;90:*.orig=00;90:*.part=00;90:*.rej=00;90:*.rpmnew=00;90:*.rpmorig=00;90:*.rpmsave=00;90:*.swp=00;90:*.tmp=00;90:*.ucf-dist=00;90:*.ucf-new=00;90:*.ucf-old=00;90:', 'VSCODE_GIT_IPC_HANDLE': '/run/user/1000/vscode-git-b3ba6a87e1.sock', 'TERM_PROGRAM': 'vscode', 'AMENT_PREFIX_PATH': '/home/huangbo/ros2_learn/tongxun_learn/install/py03_acton:/home/huangbo/ros2_learn/tongxun_learn/install/py01_topic:/home/huangbo/ros2_learn/tongxun_learn/install/student_interfaces:/home/huangbo/ros2_learn/tongxun_learn/install/py02_service_my:/home/huangbo/ros2_learn/tongxun_learn/install/py02_service:/home/huangbo/ros2_learn/tongxun_learn/install/base_tongxun_s:/opt/ros/jazzy', 'SHELL': '/bin/bash', 'LESSCLOSE': '/usr/bin/lesspipe %s %s', 'ROS_AUTOMATIC_DISCOVERY_RANGE': 'SUBNET', 'VSCODE_GIT_ASKPASS_EXTRA_ARGS': '', 'PWD': '/home/huangbo/ros2_learn/tongxun_learn/build/py02_service', 'COPILOT_DEBUG_NONCE': '0eaae38a08eb9b17f52bd7ed955eaf75', 'SSH_CONNECTION': '192.168.91.1 4611 192.168.91.129 22', 'XDG_DATA_DIRS': '/usr/share/gnome:/usr/local/share:/usr/share:/var/lib/snapd/desktop', 'PYTHONPATH': '/home/huangbo/ros2_learn/tongxun_learn/build/py02_service/prefix_override:/usr/lib/python3/dist-packages/colcon_core/task/python/colcon_distutils_commands:/home/huangbo/ros2_learn/tongxun_learn/install/py02_service/lib/python3.12/site-packages:/home/huangbo/ros2_learn/tongxun_learn/install/py03_acton/lib/python3.12/site-packages:/home/huangbo/ros2_learn/tongxun_learn/install/py01_topic/lib/python3.12/site-packages:/home/huangbo/ros2_learn/tongxun_learn/install/student_interfaces/lib/python3.12/site-packages:/home/huangbo/ros2_learn/tongxun_learn/install/py02_service_my/lib/python3.12/site-packages:/home/huangbo/ros2_learn/tongxun_learn/install/py02_service/lib/python3.12/site-packages:/home/huangbo/ros2_learn/tongxun_learn/install/base_tongxun_s/lib/python3.12/site-packages:/opt/ros/jazzy/opt/gz_math_vendor/lib/python:/opt/ros/jazzy/lib/python3.12/site-packages', 'COLCON': '1', 'CMAKE_PREFIX_PATH': '/home/huangbo/ros2_learn/tongxun_learn/install/student_interfaces:/opt/ros/jazzy/opt/gz_math_vendor:/opt/ros/jazzy/opt/gz_utils_vendor:/opt/ros/jazzy/opt/gz_cmake_vendor'}), 'shell': False}
[3.138489] (-) TimerEvent: {}
[3.239395] (-) TimerEvent: {}
[3.339999] (-) TimerEvent: {}
[3.441392] (-) TimerEvent: {}
[3.443197] (py02_service) StdoutLine: {'line': b'running egg_info\n'}
[3.466593] (py02_service) StdoutLine: {'line': b'writing ../../build/py02_service/py02_service.egg-info/PKG-INFO\n'}
[3.468714] (py02_service) StdoutLine: {'line': b'writing dependency_links to ../../build/py02_service/py02_service.egg-info/dependency_links.txt\n'}
[3.469905] (py02_service) StdoutLine: {'line': b'writing entry points to ../../build/py02_service/py02_service.egg-info/entry_points.txt\n'}
[3.470969] (py02_service) StdoutLine: {'line': b'writing requirements to ../../build/py02_service/py02_service.egg-info/requires.txt\n'}
[3.471922] (py02_service) StdoutLine: {'line': b'writing top-level names to ../../build/py02_service/py02_service.egg-info/top_level.txt\n'}
[3.520323] (py02_service) StdoutLine: {'line': b"reading manifest file '../../build/py02_service/py02_service.egg-info/SOURCES.txt'\n"}
[3.521696] (py02_service) StdoutLine: {'line': b"writing manifest file '../../build/py02_service/py02_service.egg-info/SOURCES.txt'\n"}
[3.522535] (py02_service) StdoutLine: {'line': b'running build\n'}
[3.522750] (py02_service) StdoutLine: {'line': b'running build_py\n'}
[3.523409] (py02_service) StdoutLine: {'line': b'running install\n'}
[3.529452] (py02_service) StdoutLine: {'line': b'running install_lib\n'}
[3.541533] (-) TimerEvent: {}
[3.554451] (py02_service) StdoutLine: {'line': b'running install_data\n'}
[3.554816] (py02_service) StdoutLine: {'line': b'running install_egg_info\n'}
[3.579495] (py02_service) StdoutLine: {'line': b"removing '/home/huangbo/ros2_learn/tongxun_learn/install/py02_service/lib/python3.12/site-packages/py02_service-0.0.0-py3.12.egg-info' (and everything under it)\n"}
[3.582456] (py02_service) StdoutLine: {'line': b'Copying ../../build/py02_service/py02_service.egg-info to /home/huangbo/ros2_learn/tongxun_learn/install/py02_service/lib/python3.12/site-packages/py02_service-0.0.0-py3.12.egg-info\n'}
[3.583193] (py02_service) StdoutLine: {'line': b'running install_scripts\n'}
[3.641775] (-) TimerEvent: {}
[3.742839] (-) TimerEvent: {}
[3.753245] (py02_service) StdoutLine: {'line': b'Installing demo01_server_py script to /home/huangbo/ros2_learn/tongxun_learn/install/py02_service/lib/py02_service\n'}
[3.754560] (py02_service) StdoutLine: {'line': b'Installing demo02_client_py script to /home/huangbo/ros2_learn/tongxun_learn/install/py02_service/lib/py02_service\n'}
[3.755725] (py02_service) StdoutLine: {'line': b"writing list of installed files to '/home/huangbo/ros2_learn/tongxun_learn/build/py02_service/install.log'\n"}
[3.801060] (py02_service) CommandEnded: {'returncode': 0}
[3.813098] (py02_service) JobEnded: {'identifier': 'py02_service', 'rc': 0}
[3.814733] (py01_topic) JobStarted: {'identifier': 'py01_topic'}
[3.822486] (py02_service_my) Command: {'cmd': ['/usr/bin/python3', '-W', 'ignore:setup.py install is deprecated', '-W', 'ignore:easy_install command is deprecated', 'setup.py', 'egg_info', '--egg-base', '../../build/py02_service_my', 'build', '--build-base', '/home/huangbo/ros2_learn/tongxun_learn/build/py02_service_my/build', 'install', '--record', '/home/huangbo/ros2_learn/tongxun_learn/build/py02_service_my/install.log', '--install-scripts', '$base/lib/py02_service_my', '--single-version-externally-managed', 'install_data'], 'cwd': '/home/huangbo/ros2_learn/tongxun_learn/src/py02_service_my', 'env': OrderedDict({'PYTHON_BASIC_REPL': '1', 'LESSOPEN': '| /usr/bin/lesspipe %s', 'USER': 'huangbo', 'SSH_CLIENT': '192.168.91.1 4611 22', 'XDG_SESSION_TYPE': 'tty', 'GIT_ASKPASS': '/home/huangbo/.vscode-server/cli/servers/Stable-7debcd0e2acdea1c52de81bf9ee1620444407dda/server/extensions/git/dist/askpass.sh', 'SHLVL': '1', 'LD_LIBRARY_PATH': '/home/huangbo/ros2_learn/tongxun_learn/install/student_interfaces/lib:/opt/ros/jazzy/opt/rviz_ogre_vendor/lib:/opt/ros/jazzy/lib/x86_64-linux-gnu:/opt/ros/jazzy/opt/gz_math_vendor/lib:/opt/ros/jazzy/opt/gz_utils_vendor/lib:/opt/ros/jazzy/opt/gz_cmake_vendor/lib:/opt/ros/jazzy/lib', 'BROWSER': '/home/huangbo/.vscode-server/cli/servers/Stable-7debcd0e2acdea1c52de81bf9ee1620444407dda/server/bin/helpers/browser.sh', 'HOME': '/home/huangbo', 'TERM_PROGRAM_VERSION': '1.138.0', 'VSCODE_IPC_HOOK_CLI': '/run/user/1000/vscode-ipc-1a622cb4-c665-4f38-ac7f-27620576ea20.sock', 'ROS_PYTHON_VERSION': '3', 'VSCODE_GIT_ASKPASS_MAIN': '/home/huangbo/.vscode-server/cli/servers/Stable-7debcd0e2acdea1c52de81bf9ee1620444407dda/server/extensions/git/dist/askpass-main.js', 'VSCODE_GIT_ASKPASS_NODE': '/home/huangbo/.vscode-server/cli/servers/Stable-7debcd0e2acdea1c52de81bf9ee1620444407dda/server/node', 'PYDEVD_DISABLE_FILE_VALIDATION': '1', 'BUNDLED_DEBUGPY_PATH': '/home/huangbo/.vscode-server/extensions/ms-python.debugpy-2026.6.0-linux-x64/bundled/libs/debugpy', 'VSCODE_PYTHON_AUTOACTIVATE_GUARD': '1', 'DBUS_SESSION_BUS_ADDRESS': 'unix:path=/run/user/1000/bus', 'COLORTERM': 'truecolor', 'DEBUGINFOD_URLS': 'https://debuginfod.ubuntu.com', 'COLCON_PREFIX_PATH': '/home/huangbo/ros2_learn/tongxun_learn/install', 'ROS_DISTRO': 'jazzy', 'LOGNAME': 'huangbo', '_': '/usr/bin/colcon', 'ROS_VERSION': '2', 'XDG_SESSION_CLASS': 'user', 'TERM': 'xterm-256color', 'XDG_SESSION_ID': '4', 'PATH': '/home/huangbo/.vscode-server/data/User/globalStorage/github.copilot-chat/debugCommand:/home/huangbo/.vscode-server/data/User/globalStorage/github.copilot-chat/copilotCli:/home/huangbo/.vscode-server/cli/servers/Stable-7debcd0e2acdea1c52de81bf9ee1620444407dda/server/bin/remote-cli:/opt/ros/jazzy/bin:/usr/local/sbin:/usr/local/bin:/usr/sbin:/usr/bin:/sbin:/bin:/usr/games:/usr/local/games:/snap/bin:/home/huangbo/.vscode-server/extensions/ms-python.debugpy-2026.6.0-linux-x64/bundled/scripts/noConfigScripts', 'XDG_RUNTIME_DIR': '/run/user/1000', 'VSCODE_DEBUGPY_ADAPTER_ENDPOINTS': '/home/huangbo/.vscode-server/extensions/ms-python.debugpy-2026.6.0-linux-x64/.noConfigDebugAdapterEndpoints/endpoint-66c467e2907e460e.txt', 'LANG': 'zh_CN.UTF-8', 'PYTHONSTARTUP': '/home/huangbo/.vscode-server/data/User/workspaceStorage/c358a63721801e90ff5d3c048722ef27/ms-python.python/pythonrc.py', 'LS_COLORS': 'rs=0:di=01;34:ln=01;36:mh=00:pi=40;33:so=01;35:do=01;35:bd=40;33;01:cd=40;33;01:or=40;31;01:mi=00:su=37;41:sg=30;43:ca=00:tw=30;42:ow=34;42:st=37;44:ex=01;32:*.tar=01;31:*.tgz=01;31:*.arc=01;31:*.arj=01;31:*.taz=01;31:*.lha=01;31:*.lz4=01;31:*.lzh=01;31:*.lzma=01;31:*.tlz=01;31:*.txz=01;31:*.tzo=01;31:*.t7z=01;31:*.zip=01;31:*.z=01;31:*.dz=01;31:*.gz=01;31:*.lrz=01;31:*.lz=01;31:*.lzo=01;31:*.xz=01;31:*.zst=01;31:*.tzst=01;31:*.bz2=01;31:*.bz=01;31:*.tbz=01;31:*.tbz2=01;31:*.tz=01;31:*.deb=01;31:*.rpm=01;31:*.jar=01;31:*.war=01;31:*.ear=01;31:*.sar=01;31:*.rar=01;31:*.alz=01;31:*.ace=01;31:*.zoo=01;31:*.cpio=01;31:*.7z=01;31:*.rz=01;31:*.cab=01;31:*.wim=01;31:*.swm=01;31:*.dwm=01;31:*.esd=01;31:*.avif=01;35:*.jpg=01;35:*.jpeg=01;35:*.mjpg=01;35:*.mjpeg=01;35:*.gif=01;35:*.bmp=01;35:*.pbm=01;35:*.pgm=01;35:*.ppm=01;35:*.tga=01;35:*.xbm=01;35:*.xpm=01;35:*.tif=01;35:*.tiff=01;35:*.png=01;35:*.svg=01;35:*.svgz=01;35:*.mng=01;35:*.pcx=01;35:*.mov=01;35:*.mpg=01;35:*.mpeg=01;35:*.m2v=01;35:*.mkv=01;35:*.webm=01;35:*.webp=01;35:*.ogm=01;35:*.mp4=01;35:*.m4v=01;35:*.mp4v=01;35:*.vob=01;35:*.qt=01;35:*.nuv=01;35:*.wmv=01;35:*.asf=01;35:*.rm=01;35:*.rmvb=01;35:*.flc=01;35:*.avi=01;35:*.fli=01;35:*.flv=01;35:*.gl=01;35:*.dl=01;35:*.xcf=01;35:*.xwd=01;35:*.yuv=01;35:*.cgm=01;35:*.emf=01;35:*.ogv=01;35:*.ogx=01;35:*.aac=00;36:*.au=00;36:*.flac=00;36:*.m4a=00;36:*.mid=00;36:*.midi=00;36:*.mka=00;36:*.mp3=00;36:*.mpc=00;36:*.ogg=00;36:*.ra=00;36:*.wav=00;36:*.oga=00;36:*.opus=00;36:*.spx=00;36:*.xspf=00;36:*~=00;90:*#=00;90:*.bak=00;90:*.crdownload=00;90:*.dpkg-dist=00;90:*.dpkg-new=00;90:*.dpkg-old=00;90:*.dpkg-tmp=00;90:*.old=00;90:*.orig=00;90:*.part=00;90:*.rej=00;90:*.rpmnew=00;90:*.rpmorig=00;90:*.rpmsave=00;90:*.swp=00;90:*.tmp=00;90:*.ucf-dist=00;90:*.ucf-new=00;90:*.ucf-old=00;90:', 'VSCODE_GIT_IPC_HANDLE': '/run/user/1000/vscode-git-b3ba6a87e1.sock', 'TERM_PROGRAM': 'vscode', 'AMENT_PREFIX_PATH': '/home/huangbo/ros2_learn/tongxun_learn/install/py03_acton:/home/huangbo/ros2_learn/tongxun_learn/install/py01_topic:/home/huangbo/ros2_learn/tongxun_learn/install/student_interfaces:/home/huangbo/ros2_learn/tongxun_learn/install/py02_service_my:/home/huangbo/ros2_learn/tongxun_learn/install/py02_service:/home/huangbo/ros2_learn/tongxun_learn/install/base_tongxun_s:/opt/ros/jazzy', 'SHELL': '/bin/bash', 'LESSCLOSE': '/usr/bin/lesspipe %s %s', 'ROS_AUTOMATIC_DISCOVERY_RANGE': 'SUBNET', 'VSCODE_GIT_ASKPASS_EXTRA_ARGS': '', 'PWD': '/home/huangbo/ros2_learn/tongxun_learn/build/py02_service_my', 'COPILOT_DEBUG_NONCE': '0eaae38a08eb9b17f52bd7ed955eaf75', 'SSH_CONNECTION': '192.168.91.1 4611 192.168.91.129 22', 'XDG_DATA_DIRS': '/usr/share/gnome:/usr/local/share:/usr/share:/var/lib/snapd/desktop', 'PYTHONPATH': '/home/huangbo/ros2_learn/tongxun_learn/build/py02_service_my/prefix_override:/usr/lib/python3/dist-packages/colcon_core/task/python/colcon_distutils_commands:/home/huangbo/ros2_learn/tongxun_learn/install/py02_service_my/lib/python3.12/site-packages:/home/huangbo/ros2_learn/tongxun_learn/install/py03_acton/lib/python3.12/site-packages:/home/huangbo/ros2_learn/tongxun_learn/install/py01_topic/lib/python3.12/site-packages:/home/huangbo/ros2_learn/tongxun_learn/install/student_interfaces/lib/python3.12/site-packages:/home/huangbo/ros2_learn/tongxun_learn/install/py02_service_my/lib/python3.12/site-packages:/home/huangbo/ros2_learn/tongxun_learn/install/py02_service/lib/python3.12/site-packages:/home/huangbo/ros2_learn/tongxun_learn/install/base_tongxun_s/lib/python3.12/site-packages:/opt/ros/jazzy/opt/gz_math_vendor/lib/python:/opt/ros/jazzy/lib/python3.12/site-packages', 'COLCON': '1', 'CMAKE_PREFIX_PATH': '/home/huangbo/ros2_learn/tongxun_learn/install/student_interfaces:/opt/ros/jazzy/opt/gz_math_vendor:/opt/ros/jazzy/opt/gz_utils_vendor:/opt/ros/jazzy/opt/gz_cmake_vendor'}), 'shell': False}
[3.843478] (-) TimerEvent: {}
[3.945227] (-) TimerEvent: {}
[4.047491] (-) TimerEvent: {}
[4.148255] (-) TimerEvent: {}
[4.249180] (-) TimerEvent: {}
[4.351920] (-) TimerEvent: {}
[4.378682] (py02_service_my) StdoutLine: {'line': b'running egg_info\n'}
[4.429488] (py02_service_my) StdoutLine: {'line': b'writing ../../build/py02_service_my/py02_service_my.egg-info/PKG-INFO\n'}
[4.431674] (py02_service_my) StdoutLine: {'line': b'writing dependency_links to ../../build/py02_service_my/py02_service_my.egg-info/dependency_links.txt\n'}
[4.431916] (py02_service_my) StdoutLine: {'line': b'writing entry points to ../../build/py02_service_my/py02_service_my.egg-info/entry_points.txt\n'}
[4.436840] (py02_service_my) StdoutLine: {'line': b'writing requirements to ../../build/py02_service_my/py02_service_my.egg-info/requires.txt\n'}
[4.437112] (py02_service_my) StdoutLine: {'line': b'writing top-level names to ../../build/py02_service_my/py02_service_my.egg-info/top_level.txt\n'}
[4.452774] (-) TimerEvent: {}
[4.553848] (-) TimerEvent: {}
[4.560311] (py02_service_my) StdoutLine: {'line': b"reading manifest file '../../build/py02_service_my/py02_service_my.egg-info/SOURCES.txt'\n"}
[4.565769] (py02_service_my) StdoutLine: {'line': b"writing manifest file '../../build/py02_service_my/py02_service_my.egg-info/SOURCES.txt'\n"}
[4.566061] (py02_service_my) StdoutLine: {'line': b'running build\n'}
[4.566630] (py02_service_my) StdoutLine: {'line': b'running build_py\n'}
[4.566723] (py02_service_my) StdoutLine: {'line': b'running install\n'}
[4.584713] (py02_service_my) StdoutLine: {'line': b'running install_lib\n'}
[4.616317] (py02_service_my) StdoutLine: {'line': b'running install_data\n'}
[4.616735] (py02_service_my) StdoutLine: {'line': b'running install_egg_info\n'}
[4.654610] (-) TimerEvent: {}
[4.657530] (py02_service_my) StdoutLine: {'line': b"removing '/home/huangbo/ros2_learn/tongxun_learn/install/py02_service_my/lib/python3.12/site-packages/py02_service_my-0.0.0-py3.12.egg-info' (and everything under it)\n"}
[4.657715] (py02_service_my) StdoutLine: {'line': b'Copying ../../build/py02_service_my/py02_service_my.egg-info to /home/huangbo/ros2_learn/tongxun_learn/install/py02_service_my/lib/python3.12/site-packages/py02_service_my-0.0.0-py3.12.egg-info\n'}
[4.659613] (py02_service_my) StdoutLine: {'line': b'running install_scripts\n'}
[4.755573] (-) TimerEvent: {}
[4.861854] (-) TimerEvent: {}
[4.962536] (-) TimerEvent: {}
[5.063001] (-) TimerEvent: {}
[5.064292] (py02_service_my) StdoutLine: {'line': b'Installing demo_client_py script to /home/huangbo/ros2_learn/tongxun_learn/install/py02_service_my/lib/py02_service_my\n'}
[5.067678] (py02_service_my) StdoutLine: {'line': b'Installing demo_server_py script to /home/huangbo/ros2_learn/tongxun_learn/install/py02_service_my/lib/py02_service_my\n'}
[5.067907] (py02_service_my) StdoutLine: {'line': b"writing list of installed files to '/home/huangbo/ros2_learn/tongxun_learn/build/py02_service_my/install.log'\n"}
[5.163514] (-) TimerEvent: {}
[5.180561] (py02_service_my) CommandEnded: {'returncode': 0}
[5.202731] (py02_service_my) JobEnded: {'identifier': 'py02_service_my', 'rc': 0}
[5.203591] (py03_acton) JobStarted: {'identifier': 'py03_acton'}
[5.265646] (-) TimerEvent: {}
[5.367589] (-) TimerEvent: {}
[5.468878] (-) TimerEvent: {}
[5.570301] (-) TimerEvent: {}
[5.672667] (-) TimerEvent: {}
[5.695741] (py01_topic) Command: {'cmd': ['/usr/bin/python3', '-W', 'ignore:setup.py install is deprecated', '-W', 'ignore:easy_install command is deprecated', 'setup.py', 'egg_info', '--egg-base', '../../build/py01_topic', 'build', '--build-base', '/home/huangbo/ros2_learn/tongxun_learn/build/py01_topic/build', 'install', '--record', '/home/huangbo/ros2_learn/tongxun_learn/build/py01_topic/install.log', '--install-scripts', '$base/lib/py01_topic', '--single-version-externally-managed', 'install_data'], 'cwd': '/home/huangbo/ros2_learn/tongxun_learn/src/py01_topic', 'env': OrderedDict({'PYTHON_BASIC_REPL': '1', 'LESSOPEN': '| /usr/bin/lesspipe %s', 'USER': 'huangbo', 'SSH_CLIENT': '192.168.91.1 4611 22', 'XDG_SESSION_TYPE': 'tty', 'GIT_ASKPASS': '/home/huangbo/.vscode-server/cli/servers/Stable-7debcd0e2acdea1c52de81bf9ee1620444407dda/server/extensions/git/dist/askpass.sh', 'SHLVL': '1', 'LD_LIBRARY_PATH': '/home/huangbo/ros2_learn/tongxun_learn/install/student_interfaces/lib:/opt/ros/jazzy/opt/rviz_ogre_vendor/lib:/opt/ros/jazzy/lib/x86_64-linux-gnu:/opt/ros/jazzy/opt/gz_math_vendor/lib:/opt/ros/jazzy/opt/gz_utils_vendor/lib:/opt/ros/jazzy/opt/gz_cmake_vendor/lib:/opt/ros/jazzy/lib', 'BROWSER': '/home/huangbo/.vscode-server/cli/servers/Stable-7debcd0e2acdea1c52de81bf9ee1620444407dda/server/bin/helpers/browser.sh', 'HOME': '/home/huangbo', 'TERM_PROGRAM_VERSION': '1.138.0', 'VSCODE_IPC_HOOK_CLI': '/run/user/1000/vscode-ipc-1a622cb4-c665-4f38-ac7f-27620576ea20.sock', 'ROS_PYTHON_VERSION': '3', 'VSCODE_GIT_ASKPASS_MAIN': '/home/huangbo/.vscode-server/cli/servers/Stable-7debcd0e2acdea1c52de81bf9ee1620444407dda/server/extensions/git/dist/askpass-main.js', 'VSCODE_GIT_ASKPASS_NODE': '/home/huangbo/.vscode-server/cli/servers/Stable-7debcd0e2acdea1c52de81bf9ee1620444407dda/server/node', 'PYDEVD_DISABLE_FILE_VALIDATION': '1', 'BUNDLED_DEBUGPY_PATH': '/home/huangbo/.vscode-server/extensions/ms-python.debugpy-2026.6.0-linux-x64/bundled/libs/debugpy', 'VSCODE_PYTHON_AUTOACTIVATE_GUARD': '1', 'DBUS_SESSION_BUS_ADDRESS': 'unix:path=/run/user/1000/bus', 'COLORTERM': 'truecolor', 'DEBUGINFOD_URLS': 'https://debuginfod.ubuntu.com', 'COLCON_PREFIX_PATH': '/home/huangbo/ros2_learn/tongxun_learn/install', 'ROS_DISTRO': 'jazzy', 'LOGNAME': 'huangbo', '_': '/usr/bin/colcon', 'ROS_VERSION': '2', 'XDG_SESSION_CLASS': 'user', 'TERM': 'xterm-256color', 'XDG_SESSION_ID': '4', 'PATH': '/home/huangbo/.vscode-server/data/User/globalStorage/github.copilot-chat/debugCommand:/home/huangbo/.vscode-server/data/User/globalStorage/github.copilot-chat/copilotCli:/home/huangbo/.vscode-server/cli/servers/Stable-7debcd0e2acdea1c52de81bf9ee1620444407dda/server/bin/remote-cli:/opt/ros/jazzy/bin:/usr/local/sbin:/usr/local/bin:/usr/sbin:/usr/bin:/sbin:/bin:/usr/games:/usr/local/games:/snap/bin:/home/huangbo/.vscode-server/extensions/ms-python.debugpy-2026.6.0-linux-x64/bundled/scripts/noConfigScripts', 'XDG_RUNTIME_DIR': '/run/user/1000', 'VSCODE_DEBUGPY_ADAPTER_ENDPOINTS': '/home/huangbo/.vscode-server/extensions/ms-python.debugpy-2026.6.0-linux-x64/.noConfigDebugAdapterEndpoints/endpoint-66c467e2907e460e.txt', 'LANG': 'zh_CN.UTF-8', 'PYTHONSTARTUP': '/home/huangbo/.vscode-server/data/User/workspaceStorage/c358a63721801e90ff5d3c048722ef27/ms-python.python/pythonrc.py', 'LS_COLORS': 'rs=0:di=01;34:ln=01;36:mh=00:pi=40;33:so=01;35:do=01;35:bd=40;33;01:cd=40;33;01:or=40;31;01:mi=00:su=37;41:sg=30;43:ca=00:tw=30;42:ow=34;42:st=37;44:ex=01;32:*.tar=01;31:*.tgz=01;31:*.arc=01;31:*.arj=01;31:*.taz=01;31:*.lha=01;31:*.lz4=01;31:*.lzh=01;31:*.lzma=01;31:*.tlz=01;31:*.txz=01;31:*.tzo=01;31:*.t7z=01;31:*.zip=01;31:*.z=01;31:*.dz=01;31:*.gz=01;31:*.lrz=01;31:*.lz=01;31:*.lzo=01;31:*.xz=01;31:*.zst=01;31:*.tzst=01;31:*.bz2=01;31:*.bz=01;31:*.tbz=01;31:*.tbz2=01;31:*.tz=01;31:*.deb=01;31:*.rpm=01;31:*.jar=01;31:*.war=01;31:*.ear=01;31:*.sar=01;31:*.rar=01;31:*.alz=01;31:*.ace=01;31:*.zoo=01;31:*.cpio=01;31:*.7z=01;31:*.rz=01;31:*.cab=01;31:*.wim=01;31:*.swm=01;31:*.dwm=01;31:*.esd=01;31:*.avif=01;35:*.jpg=01;35:*.jpeg=01;35:*.mjpg=01;35:*.mjpeg=01;35:*.gif=01;35:*.bmp=01;35:*.pbm=01;35:*.pgm=01;35:*.ppm=01;35:*.tga=01;35:*.xbm=01;35:*.xpm=01;35:*.tif=01;35:*.tiff=01;35:*.png=01;35:*.svg=01;35:*.svgz=01;35:*.mng=01;35:*.pcx=01;35:*.mov=01;35:*.mpg=01;35:*.mpeg=01;35:*.m2v=01;35:*.mkv=01;35:*.webm=01;35:*.webp=01;35:*.ogm=01;35:*.mp4=01;35:*.m4v=01;35:*.mp4v=01;35:*.vob=01;35:*.qt=01;35:*.nuv=01;35:*.wmv=01;35:*.asf=01;35:*.rm=01;35:*.rmvb=01;35:*.flc=01;35:*.avi=01;35:*.fli=01;35:*.flv=01;35:*.gl=01;35:*.dl=01;35:*.xcf=01;35:*.xwd=01;35:*.yuv=01;35:*.cgm=01;35:*.emf=01;35:*.ogv=01;35:*.ogx=01;35:*.aac=00;36:*.au=00;36:*.flac=00;36:*.m4a=00;36:*.mid=00;36:*.midi=00;36:*.mka=00;36:*.mp3=00;36:*.mpc=00;36:*.ogg=00;36:*.ra=00;36:*.wav=00;36:*.oga=00;36:*.opus=00;36:*.spx=00;36:*.xspf=00;36:*~=00;90:*#=00;90:*.bak=00;90:*.crdownload=00;90:*.dpkg-dist=00;90:*.dpkg-new=00;90:*.dpkg-old=00;90:*.dpkg-tmp=00;90:*.old=00;90:*.orig=00;90:*.part=00;90:*.rej=00;90:*.rpmnew=00;90:*.rpmorig=00;90:*.rpmsave=00;90:*.swp=00;90:*.tmp=00;90:*.ucf-dist=00;90:*.ucf-new=00;90:*.ucf-old=00;90:', 'VSCODE_GIT_IPC_HANDLE': '/run/user/1000/vscode-git-b3ba6a87e1.sock', 'TERM_PROGRAM': 'vscode', 'AMENT_PREFIX_PATH': '/home/huangbo/ros2_learn/tongxun_learn/install/py03_acton:/home/huangbo/ros2_learn/tongxun_learn/install/py01_topic:/home/huangbo/ros2_learn/tongxun_learn/install/student_interfaces:/home/huangbo/ros2_learn/tongxun_learn/install/py02_service_my:/home/huangbo/ros2_learn/tongxun_learn/install/py02_service:/home/huangbo/ros2_learn/tongxun_learn/install/base_tongxun_s:/opt/ros/jazzy', 'SHELL': '/bin/bash', 'LESSCLOSE': '/usr/bin/lesspipe %s %s', 'ROS_AUTOMATIC_DISCOVERY_RANGE': 'SUBNET', 'VSCODE_GIT_ASKPASS_EXTRA_ARGS': '', 'PWD': '/home/huangbo/ros2_learn/tongxun_learn/build/py01_topic', 'COPILOT_DEBUG_NONCE': '0eaae38a08eb9b17f52bd7ed955eaf75', 'SSH_CONNECTION': '192.168.91.1 4611 192.168.91.129 22', 'XDG_DATA_DIRS': '/usr/share/gnome:/usr/local/share:/usr/share:/var/lib/snapd/desktop', 'PYTHONPATH': '/home/huangbo/ros2_learn/tongxun_learn/build/py01_topic/prefix_override:/usr/lib/python3/dist-packages/colcon_core/task/python/colcon_distutils_commands:/home/huangbo/ros2_learn/tongxun_learn/install/py01_topic/lib/python3.12/site-packages:/home/huangbo/ros2_learn/tongxun_learn/install/student_interfaces/lib/python3.12/site-packages:/home/huangbo/ros2_learn/tongxun_learn/install/py03_acton/lib/python3.12/site-packages:/home/huangbo/ros2_learn/tongxun_learn/install/py01_topic/lib/python3.12/site-packages:/home/huangbo/ros2_learn/tongxun_learn/install/py02_service_my/lib/python3.12/site-packages:/home/huangbo/ros2_learn/tongxun_learn/install/py02_service/lib/python3.12/site-packages:/home/huangbo/ros2_learn/tongxun_learn/install/base_tongxun_s/lib/python3.12/site-packages:/opt/ros/jazzy/opt/gz_math_vendor/lib/python:/opt/ros/jazzy/lib/python3.12/site-packages', 'COLCON': '1', 'CMAKE_PREFIX_PATH': '/home/huangbo/ros2_learn/tongxun_learn/install/student_interfaces:/opt/ros/jazzy/opt/gz_math_vendor:/opt/ros/jazzy/opt/gz_utils_vendor:/opt/ros/jazzy/opt/gz_cmake_vendor'}), 'shell': False}
[5.773264] (-) TimerEvent: {}
[5.874445] (-) TimerEvent: {}
[5.976435] (-) TimerEvent: {}
[6.079584] (-) TimerEvent: {}
[6.180080] (-) TimerEvent: {}
[6.281628] (-) TimerEvent: {}
[6.382195] (-) TimerEvent: {}
[6.429283] (py01_topic) StdoutLine: {'line': b'running egg_info\n'}
[6.451511] (py01_topic) StdoutLine: {'line': b'writing ../../build/py01_topic/py01_topic.egg-info/PKG-INFO\n'}
[6.452907] (py01_topic) StdoutLine: {'line': b'writing dependency_links to ../../build/py01_topic/py01_topic.egg-info/dependency_links.txt\n'}
[6.453257] (py01_topic) StdoutLine: {'line': b'writing entry points to ../../build/py01_topic/py01_topic.egg-info/entry_points.txt\n'}
[6.453961] (py01_topic) StdoutLine: {'line': b'writing requirements to ../../build/py01_topic/py01_topic.egg-info/requires.txt\n'}
[6.454264] (py01_topic) StdoutLine: {'line': b'writing top-level names to ../../build/py01_topic/py01_topic.egg-info/top_level.txt\n'}
[6.483333] (-) TimerEvent: {}
[6.498443] (py01_topic) StdoutLine: {'line': b"reading manifest file '../../build/py01_topic/py01_topic.egg-info/SOURCES.txt'\n"}
[6.500168] (py01_topic) StdoutLine: {'line': b"writing manifest file '../../build/py01_topic/py01_topic.egg-info/SOURCES.txt'\n"}
[6.502435] (py01_topic) StdoutLine: {'line': b'running build\n'}
[6.502769] (py01_topic) StdoutLine: {'line': b'running build_py\n'}
[6.502900] (py01_topic) StdoutLine: {'line': b'running install\n'}
[6.510411] (py01_topic) StdoutLine: {'line': b'running install_lib\n'}
[6.538255] (py01_topic) StdoutLine: {'line': b'running install_data\n'}
[6.538624] (py01_topic) StdoutLine: {'line': b'running install_egg_info\n'}
[6.563603] (py01_topic) StdoutLine: {'line': b"removing '/home/huangbo/ros2_learn/tongxun_learn/install/py01_topic/lib/python3.12/site-packages/py01_topic-0.0.0-py3.12.egg-info' (and everything under it)\n"}
[6.564313] (py01_topic) StdoutLine: {'line': b'Copying ../../build/py01_topic/py01_topic.egg-info to /home/huangbo/ros2_learn/tongxun_learn/install/py01_topic/lib/python3.12/site-packages/py01_topic-0.0.0-py3.12.egg-info\n'}
[6.565572] (py01_topic) StdoutLine: {'line': b'running install_scripts\n'}
[6.583887] (-) TimerEvent: {}
[6.685066] (-) TimerEvent: {}
[6.728203] (py03_acton) Command: {'cmd': ['/usr/bin/python3', '-W', 'ignore:setup.py install is deprecated', '-W', 'ignore:easy_install command is deprecated', 'setup.py', 'egg_info', '--egg-base', '../../build/py03_acton', 'build', '--build-base', '/home/huangbo/ros2_learn/tongxun_learn/build/py03_acton/build', 'install', '--record', '/home/huangbo/ros2_learn/tongxun_learn/build/py03_acton/install.log', '--install-scripts', '$base/lib/py03_acton', '--single-version-externally-managed', 'install_data'], 'cwd': '/home/huangbo/ros2_learn/tongxun_learn/src/py03_acton', 'env': OrderedDict({'PYTHON_BASIC_REPL': '1', 'LESSOPEN': '| /usr/bin/lesspipe %s', 'USER': 'huangbo', 'SSH_CLIENT': '192.168.91.1 4611 22', 'XDG_SESSION_TYPE': 'tty', 'GIT_ASKPASS': '/home/huangbo/.vscode-server/cli/servers/Stable-7debcd0e2acdea1c52de81bf9ee1620444407dda/server/extensions/git/dist/askpass.sh', 'SHLVL': '1', 'LD_LIBRARY_PATH': '/home/huangbo/ros2_learn/tongxun_learn/install/student_interfaces/lib:/opt/ros/jazzy/opt/rviz_ogre_vendor/lib:/opt/ros/jazzy/lib/x86_64-linux-gnu:/opt/ros/jazzy/opt/gz_math_vendor/lib:/opt/ros/jazzy/opt/gz_utils_vendor/lib:/opt/ros/jazzy/opt/gz_cmake_vendor/lib:/opt/ros/jazzy/lib', 'BROWSER': '/home/huangbo/.vscode-server/cli/servers/Stable-7debcd0e2acdea1c52de81bf9ee1620444407dda/server/bin/helpers/browser.sh', 'HOME': '/home/huangbo', 'TERM_PROGRAM_VERSION': '1.138.0', 'VSCODE_IPC_HOOK_CLI': '/run/user/1000/vscode-ipc-1a622cb4-c665-4f38-ac7f-27620576ea20.sock', 'ROS_PYTHON_VERSION': '3', 'VSCODE_GIT_ASKPASS_MAIN': '/home/huangbo/.vscode-server/cli/servers/Stable-7debcd0e2acdea1c52de81bf9ee1620444407dda/server/extensions/git/dist/askpass-main.js', 'VSCODE_GIT_ASKPASS_NODE': '/home/huangbo/.vscode-server/cli/servers/Stable-7debcd0e2acdea1c52de81bf9ee1620444407dda/server/node', 'PYDEVD_DISABLE_FILE_VALIDATION': '1', 'BUNDLED_DEBUGPY_PATH': '/home/huangbo/.vscode-server/extensions/ms-python.debugpy-2026.6.0-linux-x64/bundled/libs/debugpy', 'VSCODE_PYTHON_AUTOACTIVATE_GUARD': '1', 'DBUS_SESSION_BUS_ADDRESS': 'unix:path=/run/user/1000/bus', 'COLORTERM': 'truecolor', 'DEBUGINFOD_URLS': 'https://debuginfod.ubuntu.com', 'COLCON_PREFIX_PATH': '/home/huangbo/ros2_learn/tongxun_learn/install', 'ROS_DISTRO': 'jazzy', 'LOGNAME': 'huangbo', '_': '/usr/bin/colcon', 'ROS_VERSION': '2', 'XDG_SESSION_CLASS': 'user', 'TERM': 'xterm-256color', 'XDG_SESSION_ID': '4', 'PATH': '/home/huangbo/.vscode-server/data/User/globalStorage/github.copilot-chat/debugCommand:/home/huangbo/.vscode-server/data/User/globalStorage/github.copilot-chat/copilotCli:/home/huangbo/.vscode-server/cli/servers/Stable-7debcd0e2acdea1c52de81bf9ee1620444407dda/server/bin/remote-cli:/opt/ros/jazzy/bin:/usr/local/sbin:/usr/local/bin:/usr/sbin:/usr/bin:/sbin:/bin:/usr/games:/usr/local/games:/snap/bin:/home/huangbo/.vscode-server/extensions/ms-python.debugpy-2026.6.0-linux-x64/bundled/scripts/noConfigScripts', 'XDG_RUNTIME_DIR': '/run/user/1000', 'VSCODE_DEBUGPY_ADAPTER_ENDPOINTS': '/home/huangbo/.vscode-server/extensions/ms-python.debugpy-2026.6.0-linux-x64/.noConfigDebugAdapterEndpoints/endpoint-66c467e2907e460e.txt', 'LANG': 'zh_CN.UTF-8', 'PYTHONSTARTUP': '/home/huangbo/.vscode-server/data/User/workspaceStorage/c358a63721801e90ff5d3c048722ef27/ms-python.python/pythonrc.py', 'LS_COLORS': 'rs=0:di=01;34:ln=01;36:mh=00:pi=40;33:so=01;35:do=01;35:bd=40;33;01:cd=40;33;01:or=40;31;01:mi=00:su=37;41:sg=30;43:ca=00:tw=30;42:ow=34;42:st=37;44:ex=01;32:*.tar=01;31:*.tgz=01;31:*.arc=01;31:*.arj=01;31:*.taz=01;31:*.lha=01;31:*.lz4=01;31:*.lzh=01;31:*.lzma=01;31:*.tlz=01;31:*.txz=01;31:*.tzo=01;31:*.t7z=01;31:*.zip=01;31:*.z=01;31:*.dz=01;31:*.gz=01;31:*.lrz=01;31:*.lz=01;31:*.lzo=01;31:*.xz=01;31:*.zst=01;31:*.tzst=01;31:*.bz2=01;31:*.bz=01;31:*.tbz=01;31:*.tbz2=01;31:*.tz=01;31:*.deb=01;31:*.rpm=01;31:*.jar=01;31:*.war=01;31:*.ear=01;31:*.sar=01;31:*.rar=01;31:*.alz=01;31:*.ace=01;31:*.zoo=01;31:*.cpio=01;31:*.7z=01;31:*.rz=01;31:*.cab=01;31:*.wim=01;31:*.swm=01;31:*.dwm=01;31:*.esd=01;31:*.avif=01;35:*.jpg=01;35:*.jpeg=01;35:*.mjpg=01;35:*.mjpeg=01;35:*.gif=01;35:*.bmp=01;35:*.pbm=01;35:*.pgm=01;35:*.ppm=01;35:*.tga=01;35:*.xbm=01;35:*.xpm=01;35:*.tif=01;35:*.tiff=01;35:*.png=01;35:*.svg=01;35:*.svgz=01;35:*.mng=01;35:*.pcx=01;35:*.mov=01;35:*.mpg=01;35:*.mpeg=01;35:*.m2v=01;35:*.mkv=01;35:*.webm=01;35:*.webp=01;35:*.ogm=01;35:*.mp4=01;35:*.m4v=01;35:*.mp4v=01;35:*.vob=01;35:*.qt=01;35:*.nuv=01;35:*.wmv=01;35:*.asf=01;35:*.rm=01;35:*.rmvb=01;35:*.flc=01;35:*.avi=01;35:*.fli=01;35:*.flv=01;35:*.gl=01;35:*.dl=01;35:*.xcf=01;35:*.xwd=01;35:*.yuv=01;35:*.cgm=01;35:*.emf=01;35:*.ogv=01;35:*.ogx=01;35:*.aac=00;36:*.au=00;36:*.flac=00;36:*.m4a=00;36:*.mid=00;36:*.midi=00;36:*.mka=00;36:*.mp3=00;36:*.mpc=00;36:*.ogg=00;36:*.ra=00;36:*.wav=00;36:*.oga=00;36:*.opus=00;36:*.spx=00;36:*.xspf=00;36:*~=00;90:*#=00;90:*.bak=00;90:*.crdownload=00;90:*.dpkg-dist=00;90:*.dpkg-new=00;90:*.dpkg-old=00;90:*.dpkg-tmp=00;90:*.old=00;90:*.orig=00;90:*.part=00;90:*.rej=00;90:*.rpmnew=00;90:*.rpmorig=00;90:*.rpmsave=00;90:*.swp=00;90:*.tmp=00;90:*.ucf-dist=00;90:*.ucf-new=00;90:*.ucf-old=00;90:', 'VSCODE_GIT_IPC_HANDLE': '/run/user/1000/vscode-git-b3ba6a87e1.sock', 'TERM_PROGRAM': 'vscode', 'AMENT_PREFIX_PATH': '/home/huangbo/ros2_learn/tongxun_learn/install/py03_acton:/home/huangbo/ros2_learn/tongxun_learn/install/py01_topic:/home/huangbo/ros2_learn/tongxun_learn/install/student_interfaces:/home/huangbo/ros2_learn/tongxun_learn/install/py02_service_my:/home/huangbo/ros2_learn/tongxun_learn/install/py02_service:/home/huangbo/ros2_learn/tongxun_learn/install/base_tongxun_s:/opt/ros/jazzy', 'SHELL': '/bin/bash', 'LESSCLOSE': '/usr/bin/lesspipe %s %s', 'ROS_AUTOMATIC_DISCOVERY_RANGE': 'SUBNET', 'VSCODE_GIT_ASKPASS_EXTRA_ARGS': '', 'PWD': '/home/huangbo/ros2_learn/tongxun_learn/build/py03_acton', 'COPILOT_DEBUG_NONCE': '0eaae38a08eb9b17f52bd7ed955eaf75', 'SSH_CONNECTION': '192.168.91.1 4611 192.168.91.129 22', 'XDG_DATA_DIRS': '/usr/share/gnome:/usr/local/share:/usr/share:/var/lib/snapd/desktop', 'PYTHONPATH': '/home/huangbo/ros2_learn/tongxun_learn/build/py03_acton/prefix_override:/usr/lib/python3/dist-packages/colcon_core/task/python/colcon_distutils_commands:/home/huangbo/ros2_learn/tongxun_learn/install/py03_acton/lib/python3.12/site-packages:/home/huangbo/ros2_learn/tongxun_learn/install/student_interfaces/lib/python3.12/site-packages:/home/huangbo/ros2_learn/tongxun_learn/install/py03_acton/lib/python3.12/site-packages:/home/huangbo/ros2_learn/tongxun_learn/install/py01_topic/lib/python3.12/site-packages:/home/huangbo/ros2_learn/tongxun_learn/install/py02_service_my/lib/python3.12/site-packages:/home/huangbo/ros2_learn/tongxun_learn/install/py02_service/lib/python3.12/site-packages:/home/huangbo/ros2_learn/tongxun_learn/install/base_tongxun_s/lib/python3.12/site-packages:/opt/ros/jazzy/opt/gz_math_vendor/lib/python:/opt/ros/jazzy/lib/python3.12/site-packages', 'COLCON': '1', 'CMAKE_PREFIX_PATH': '/home/huangbo/ros2_learn/tongxun_learn/install/student_interfaces:/opt/ros/jazzy/opt/gz_math_vendor:/opt/ros/jazzy/opt/gz_utils_vendor:/opt/ros/jazzy/opt/gz_cmake_vendor'}), 'shell': False}
[6.786790] (-) TimerEvent: {}
[6.822282] (py01_topic) StdoutLine: {'line': b'Installing addints_client_py script to /home/huangbo/ros2_learn/tongxun_learn/install/py01_topic/lib/py01_topic\n'}
[6.823587] (py01_topic) StdoutLine: {'line': b'Installing addints_server_py script to /home/huangbo/ros2_learn/tongxun_learn/install/py01_topic/lib/py01_topic\n'}
[6.824687] (py01_topic) StdoutLine: {'line': b'Installing demo01_talker_str_py script to /home/huangbo/ros2_learn/tongxun_learn/install/py01_topic/lib/py01_topic\n'}
[6.826254] (py01_topic) StdoutLine: {'line': b'Installing demo02_listener_str_py script to /home/huangbo/ros2_learn/tongxun_learn/install/py01_topic/lib/py01_topic\n'}
[6.827081] (py01_topic) StdoutLine: {'line': b'Installing student_listener_py script to /home/huangbo/ros2_learn/tongxun_learn/install/py01_topic/lib/py01_topic\n'}
[6.828944] (py01_topic) StdoutLine: {'line': b'Installing student_talker_py script to /home/huangbo/ros2_learn/tongxun_learn/install/py01_topic/lib/py01_topic\n'}
[6.830748] (py01_topic) StdoutLine: {'line': b"writing list of installed files to '/home/huangbo/ros2_learn/tongxun_learn/build/py01_topic/install.log'\n"}
[6.889208] (-) TimerEvent: {}
[6.892830] (py01_topic) CommandEnded: {'returncode': 0}
[6.905808] (py01_topic) JobEnded: {'identifier': 'py01_topic', 'rc': 0}
[6.989551] (-) TimerEvent: {}
[7.089835] (py03_acton) StdoutLine: {'line': b'running egg_info\n'}
[7.090037] (-) TimerEvent: {}
[7.113354] (py03_acton) StdoutLine: {'line': b'writing ../../build/py03_acton/py03_acton.egg-info/PKG-INFO\n'}
[7.113631] (py03_acton) StdoutLine: {'line': b'writing dependency_links to ../../build/py03_acton/py03_acton.egg-info/dependency_links.txt\n'}
[7.113839] (py03_acton) StdoutLine: {'line': b'writing entry points to ../../build/py03_acton/py03_acton.egg-info/entry_points.txt\n'}
[7.114341] (py03_acton) StdoutLine: {'line': b'writing requirements to ../../build/py03_acton/py03_acton.egg-info/requires.txt\n'}
[7.114762] (py03_acton) StdoutLine: {'line': b'writing top-level names to ../../build/py03_acton/py03_acton.egg-info/top_level.txt\n'}
[7.159561] (py03_acton) StdoutLine: {'line': b"reading manifest file '../../build/py03_acton/py03_acton.egg-info/SOURCES.txt'\n"}
[7.160404] (py03_acton) StdoutLine: {'line': b"writing manifest file '../../build/py03_acton/py03_acton.egg-info/SOURCES.txt'\n"}
[7.160875] (py03_acton) StdoutLine: {'line': b'running build\n'}
[7.161176] (py03_acton) StdoutLine: {'line': b'running build_py\n'}
[7.161428] (py03_acton) StdoutLine: {'line': b'running install\n'}
[7.166970] (py03_acton) StdoutLine: {'line': b'running install_lib\n'}
[7.188411] (py03_acton) StdoutLine: {'line': b'running install_data\n'}
[7.188681] (py03_acton) StdoutLine: {'line': b'running install_egg_info\n'}
[7.190811] (-) TimerEvent: {}
[7.211682] (py03_acton) StdoutLine: {'line': b"removing '/home/huangbo/ros2_learn/tongxun_learn/install/py03_acton/lib/python3.12/site-packages/py03_acton-0.0.0-py3.12.egg-info' (and everything under it)\n"}
[7.212787] (py03_acton) StdoutLine: {'line': b'Copying ../../build/py03_acton/py03_acton.egg-info to /home/huangbo/ros2_learn/tongxun_learn/install/py03_acton/lib/python3.12/site-packages/py03_acton-0.0.0-py3.12.egg-info\n'}
[7.213252] (py03_acton) StdoutLine: {'line': b'running install_scripts\n'}
[7.291440] (-) TimerEvent: {}
[7.363015] (py03_acton) StdoutLine: {'line': b'Installing demo_action_client_py script to /home/huangbo/ros2_learn/tongxun_learn/install/py03_acton/lib/py03_acton\n'}
[7.363351] (py03_acton) StdoutLine: {'line': b'Installing demo_action_server_py script to /home/huangbo/ros2_learn/tongxun_learn/install/py03_acton/lib/py03_acton\n'}
[7.366457] (py03_acton) StdoutLine: {'line': b"writing list of installed files to '/home/huangbo/ros2_learn/tongxun_learn/build/py03_acton/install.log'\n"}
[7.391756] (-) TimerEvent: {}
[7.397924] (py03_acton) CommandEnded: {'returncode': 0}
[7.406627] (py03_acton) JobEnded: {'identifier': 'py03_acton', 'rc': 0}
[7.408541] (-) EventReactorShutdown: {}
