[0.000000] (-) TimerEvent: {}
[0.000772] (base_tongxun_s) JobQueued: {'identifier': 'base_tongxun_s', 'dependencies': OrderedDict()}
[0.000825] (py02_service) JobQueued: {'identifier': 'py02_service', 'dependencies': OrderedDict()}
[0.000862] (py02_service_my) JobQueued: {'identifier': 'py02_service_my', 'dependencies': OrderedDict()}
[0.000891] (py04_param) JobQueued: {'identifier': 'py04_param', 'dependencies': OrderedDict()}
[0.000919] (py05_time) JobQueued: {'identifier': 'py05_time', 'dependencies': OrderedDict()}
[0.000947] (py06_lianxi) JobQueued: {'identifier': 'py06_lianxi', 'dependencies': OrderedDict()}
[0.000976] (py07_jx) JobQueued: {'identifier': 'py07_jx', 'dependencies': OrderedDict()}
[0.003530] (student_interfaces) JobQueued: {'identifier': 'student_interfaces', 'dependencies': OrderedDict()}
[0.004179] (py01_topic) JobQueued: {'identifier': 'py01_topic', 'dependencies': OrderedDict({'student_interfaces': '/home/huangbo/ros2_learn/tongxun_learn/install/student_interfaces'})}
[0.004351] (py03_acton) JobQueued: {'identifier': 'py03_acton', 'dependencies': OrderedDict({'student_interfaces': '/home/huangbo/ros2_learn/tongxun_learn/install/student_interfaces'})}
[0.004513] (student_interfaces) JobStarted: {'identifier': 'student_interfaces'}
[0.008445] (base_tongxun_s) JobStarted: {'identifier': 'base_tongxun_s'}
[0.028710] (student_interfaces) JobProgress: {'identifier': 'student_interfaces', 'progress': 'cmake'}
[0.029801] (student_interfaces) JobProgress: {'identifier': 'student_interfaces', 'progress': 'build'}
[0.031690] (student_interfaces) Command: {'cmd': ['/usr/bin/cmake', '--build', '/home/huangbo/ros2_learn/tongxun_learn/build/student_interfaces', '--', '-j2', '-l2'], 'cwd': '/home/huangbo/ros2_learn/tongxun_learn/build/student_interfaces', 'env': OrderedDict({'LESSOPEN': '| /usr/bin/lesspipe %s', 'USER': 'huangbo', 'XDG_SESSION_TYPE': 'wayland', 'SHLVL': '1', 'LD_LIBRARY_PATH': '/opt/ros/jazzy/opt/rviz_ogre_vendor/lib:/opt/ros/jazzy/lib/x86_64-linux-gnu:/opt/ros/jazzy/opt/gz_math_vendor/lib:/opt/ros/jazzy/opt/gz_utils_vendor/lib:/opt/ros/jazzy/opt/gz_cmake_vendor/lib:/opt/ros/jazzy/lib', 'HOME': '/home/huangbo', 'DESKTOP_SESSION': 'ubuntu', 'ROS_PYTHON_VERSION': '3', 'GNOME_SHELL_SESSION_MODE': 'ubuntu', 'GTK_MODULES': 'gail:atk-bridge', 'DBUS_STARTER_BUS_TYPE': 'session', 'SYSTEMD_EXEC_PID': '2461', 'GSM_SKIP_SSH_AGENT_WORKAROUND': 'true', 'DBUS_SESSION_BUS_ADDRESS': 'unix:path=/run/user/1000/bus,guid=e13f3bf79aff23d7d31cac896ab3658b', 'COLORTERM': 'truecolor', 'DEBUGINFOD_URLS': 'https://debuginfod.ubuntu.com', 'IM_CONFIG_PHASE': '1', 'WAYLAND_DISPLAY': 'wayland-0', 'ROS_DISTRO': 'jazzy', 'LOGNAME': 'huangbo', '_': '/usr/bin/colcon', 'ROS_VERSION': '2', 'MEMORY_PRESSURE_WATCH': '/sys/fs/cgroup/user.slice/user-1000.slice/user@1000.service/app.slice/app-gnome\\x2dsession\\x2dmanager.slice/gnome-session-manager@ubuntu.service/memory.pressure', 'XDG_SESSION_CLASS': 'user', 'USERNAME': 'huangbo', 'TERM': 'xterm-256color', 'GNOME_DESKTOP_SESSION_ID': 'this-is-deprecated', 'PATH': '/opt/ros/jazzy/bin:/usr/local/sbin:/usr/local/bin:/usr/sbin:/usr/bin:/sbin:/bin:/usr/games:/usr/local/games:/snap/bin:/snap/bin', 'SESSION_MANAGER': 'local/huangbo-VMware-Virtual-Platform:@/tmp/.ICE-unix/2461,unix/huangbo-VMware-Virtual-Platform:/tmp/.ICE-unix/2461', 'XDG_MENU_PREFIX': 'gnome-', 'GNOME_TERMINAL_SCREEN': '/org/gnome/Terminal/screen/1fa247de_127f_4388_b4f5_14809bea7052', 'GNOME_SETUP_DISPLAY': ':1', 'XDG_RUNTIME_DIR': '/run/user/1000', 'DISPLAY': ':0', 'LANG': 'zh_CN.UTF-8', 'XDG_CURRENT_DESKTOP': 'ubuntu:GNOME', 'XMODIFIERS': '@im=ibus', 'XDG_SESSION_DESKTOP': 'ubuntu', 'XAUTHORITY': '/run/user/1000/.mutter-Xwaylandauth.LF85V3', 'LS_COLORS': 'rs=0:di=01;34:ln=01;36:mh=00:pi=40;33:so=01;35:do=01;35:bd=40;33;01:cd=40;33;01:or=40;31;01:mi=00:su=37;41:sg=30;43:ca=00:tw=30;42:ow=34;42:st=37;44:ex=01;32:*.tar=01;31:*.tgz=01;31:*.arc=01;31:*.arj=01;31:*.taz=01;31:*.lha=01;31:*.lz4=01;31:*.lzh=01;31:*.lzma=01;31:*.tlz=01;31:*.txz=01;31:*.tzo=01;31:*.t7z=01;31:*.zip=01;31:*.z=01;31:*.dz=01;31:*.gz=01;31:*.lrz=01;31:*.lz=01;31:*.lzo=01;31:*.xz=01;31:*.zst=01;31:*.tzst=01;31:*.bz2=01;31:*.bz=01;31:*.tbz=01;31:*.tbz2=01;31:*.tz=01;31:*.deb=01;31:*.rpm=01;31:*.jar=01;31:*.war=01;31:*.ear=01;31:*.sar=01;31:*.rar=01;31:*.alz=01;31:*.ace=01;31:*.zoo=01;31:*.cpio=01;31:*.7z=01;31:*.rz=01;31:*.cab=01;31:*.wim=01;31:*.swm=01;31:*.dwm=01;31:*.esd=01;31:*.avif=01;35:*.jpg=01;35:*.jpeg=01;35:*.mjpg=01;35:*.mjpeg=01;35:*.gif=01;35:*.bmp=01;35:*.pbm=01;35:*.pgm=01;35:*.ppm=01;35:*.tga=01;35:*.xbm=01;35:*.xpm=01;35:*.tif=01;35:*.tiff=01;35:*.png=01;35:*.svg=01;35:*.svgz=01;35:*.mng=01;35:*.pcx=01;35:*.mov=01;35:*.mpg=01;35:*.mpeg=01;35:*.m2v=01;35:*.mkv=01;35:*.webm=01;35:*.webp=01;35:*.ogm=01;35:*.mp4=01;35:*.m4v=01;35:*.mp4v=01;35:*.vob=01;35:*.qt=01;35:*.nuv=01;35:*.wmv=01;35:*.asf=01;35:*.rm=01;35:*.rmvb=01;35:*.flc=01;35:*.avi=01;35:*.fli=01;35:*.flv=01;35:*.gl=01;35:*.dl=01;35:*.xcf=01;35:*.xwd=01;35:*.yuv=01;35:*.cgm=01;35:*.emf=01;35:*.ogv=01;35:*.ogx=01;35:*.aac=00;36:*.au=00;36:*.flac=00;36:*.m4a=00;36:*.mid=00;36:*.midi=00;36:*.mka=00;36:*.mp3=00;36:*.mpc=00;36:*.ogg=00;36:*.ra=00;36:*.wav=00;36:*.oga=00;36:*.opus=00;36:*.spx=00;36:*.xspf=00;36:*~=00;90:*#=00;90:*.bak=00;90:*.crdownload=00;90:*.dpkg-dist=00;90:*.dpkg-new=00;90:*.dpkg-old=00;90:*.dpkg-tmp=00;90:*.old=00;90:*.orig=00;90:*.part=00;90:*.rej=00;90:*.rpmnew=00;90:*.rpmorig=00;90:*.rpmsave=00;90:*.swp=00;90:*.tmp=00;90:*.ucf-dist=00;90:*.ucf-new=00;90:*.ucf-old=00;90:', 'GNOME_TERMINAL_SERVICE': ':1.197', 'SSH_AUTH_SOCK': '/run/user/1000/keyring/ssh', 'AMENT_PREFIX_PATH': '/opt/ros/jazzy', 'SHELL': '/bin/bash', 'QT_ACCESSIBILITY': '1', 'GDMSESSION': 'ubuntu', 'LESSCLOSE': '/usr/bin/lesspipe %s %s', 'ROS_AUTOMATIC_DISCOVERY_RANGE': 'SUBNET', 'QT_IM_MODULE': 'ibus', 'PWD': '/home/huangbo/ros2_learn/tongxun_learn/build/student_interfaces', 'XDG_CONFIG_DIRS': '/etc/xdg/xdg-ubuntu:/etc/xdg', 'DBUS_STARTER_ADDRESS': 'unix:path=/run/user/1000/bus,guid=e13f3bf79aff23d7d31cac896ab3658b', 'XDG_DATA_DIRS': '/usr/share/ubuntu:/usr/share/gnome:/usr/local/share/:/usr/share/:/var/lib/snapd/desktop', 'QTWEBENGINE_DICTIONARIES_PATH': '/usr/share/hunspell-bdic/', 'PYTHONPATH': '/opt/ros/jazzy/opt/gz_math_vendor/lib/python:/opt/ros/jazzy/lib/python3.12/site-packages', 'COLCON': '1', 'MEMORY_PRESSURE_WRITE': 'c29tZSAyMDAwMDAgMjAwMDAwMAA=', 'VTE_VERSION': '7600', 'CMAKE_PREFIX_PATH': '/opt/ros/jazzy/opt/gz_math_vendor:/opt/ros/jazzy/opt/gz_utils_vendor:/opt/ros/jazzy/opt/gz_cmake_vendor:/opt/ros/jazzy'}), 'shell': False}
[0.101142] (-) TimerEvent: {}
[0.135514] (student_interfaces) StdoutLine: {'line': b'[  1%] Built target student_interfaces__rosidl_generator_type_description\n'}
[0.136461] (student_interfaces) StdoutLine: {'line': b'[  3%] Built target student_interfaces__rs\n'}
[0.179825] (student_interfaces) StdoutLine: {'line': b'[ 23%] Built target student_interfaces__rosidl_generator_c\n'}
[0.201954] (-) TimerEvent: {}
[0.223482] (student_interfaces) StdoutLine: {'line': b'[ 23%] Built target ament_cmake_python_copy_student_interfaces\n'}
[0.247258] (student_interfaces) StdoutLine: {'line': b'[ 25%] Built target student_interfaces__cpp\n'}
[0.286954] (student_interfaces) StdoutLine: {'line': b'[ 34%] Built target student_interfaces__rosidl_typesupport_fastrtps_c\n'}
[0.302564] (student_interfaces) StdoutLine: {'line': b'[ 43%] Built target student_interfaces__rosidl_typesupport_introspection_c\n'}
[0.303458] (-) TimerEvent: {}
[0.348558] (student_interfaces) StdoutLine: {'line': b'[ 52%] Built target student_interfaces__rosidl_typesupport_c\n'}
[0.354655] (student_interfaces) StdoutLine: {'line': b'[ 61%] Built target student_interfaces__rosidl_typesupport_fastrtps_cpp\n'}
[0.399651] (student_interfaces) StdoutLine: {'line': b'[ 70%] Built target student_interfaces__rosidl_typesupport_cpp\n'}
[0.404054] (-) TimerEvent: {}
[0.409055] (student_interfaces) StdoutLine: {'line': b'[ 80%] Built target student_interfaces__rosidl_typesupport_introspection_cpp\n'}
[0.442099] (student_interfaces) StdoutLine: {'line': b'[ 80%] Built target student_interfaces\n'}
[0.506928] (-) TimerEvent: {}
[0.552724] (student_interfaces) StdoutLine: {'line': b'[ 81%] Built target student_interfaces__py\n'}
[0.607844] (-) TimerEvent: {}
[0.665185] (student_interfaces) StdoutLine: {'line': b'[ 89%] Built target student_interfaces__rosidl_generator_py\n'}
[0.708665] (-) TimerEvent: {}
[0.751812] (student_interfaces) StdoutLine: {'line': b'[ 92%] Built target student_interfaces_s__rosidl_typesupport_fastrtps_c\n'}
[0.809084] (-) TimerEvent: {}
[0.832625] (student_interfaces) StdoutLine: {'line': b'[ 96%] Built target student_interfaces_s__rosidl_typesupport_introspection_c\n'}
[0.909336] (-) TimerEvent: {}
[0.926921] (student_interfaces) StdoutLine: {'line': b'[100%] Built target student_interfaces_s__rosidl_typesupport_c\n'}
[0.969935] (student_interfaces) StdoutLine: {'line': b'running egg_info\n'}
[0.999478] (student_interfaces) StdoutLine: {'line': b'writing student_interfaces.egg-info/PKG-INFO\n'}
[1.000216] (student_interfaces) StdoutLine: {'line': b'writing dependency_links to student_interfaces.egg-info/dependency_links.txt\n'}
[1.001055] (student_interfaces) StdoutLine: {'line': b'writing top-level names to student_interfaces.egg-info/top_level.txt\n'}
[1.010238] (-) TimerEvent: {}
[1.079923] (student_interfaces) StdoutLine: {'line': b"reading manifest file 'student_interfaces.egg-info/SOURCES.txt'\n"}
[1.081006] (student_interfaces) StdoutLine: {'line': b"writing manifest file 'student_interfaces.egg-info/SOURCES.txt'\n"}
[1.111283] (-) TimerEvent: {}
[1.125393] (student_interfaces) StdoutLine: {'line': b'[100%] Built target ament_cmake_python_build_student_interfaces_egg\n'}
[1.162172] (student_interfaces) CommandEnded: {'returncode': 0}
[1.162857] (student_interfaces) JobProgress: {'identifier': 'student_interfaces', 'progress': 'install'}
[1.179739] (student_interfaces) Command: {'cmd': ['/usr/bin/cmake', '--install', '/home/huangbo/ros2_learn/tongxun_learn/build/student_interfaces'], 'cwd': '/home/huangbo/ros2_learn/tongxun_learn/build/student_interfaces', 'env': OrderedDict({'LESSOPEN': '| /usr/bin/lesspipe %s', 'USER': 'huangbo', 'XDG_SESSION_TYPE': 'wayland', 'SHLVL': '1', 'LD_LIBRARY_PATH': '/opt/ros/jazzy/opt/rviz_ogre_vendor/lib:/opt/ros/jazzy/lib/x86_64-linux-gnu:/opt/ros/jazzy/opt/gz_math_vendor/lib:/opt/ros/jazzy/opt/gz_utils_vendor/lib:/opt/ros/jazzy/opt/gz_cmake_vendor/lib:/opt/ros/jazzy/lib', 'HOME': '/home/huangbo', 'DESKTOP_SESSION': 'ubuntu', 'ROS_PYTHON_VERSION': '3', 'GNOME_SHELL_SESSION_MODE': 'ubuntu', 'GTK_MODULES': 'gail:atk-bridge', 'DBUS_STARTER_BUS_TYPE': 'session', 'SYSTEMD_EXEC_PID': '2461', 'GSM_SKIP_SSH_AGENT_WORKAROUND': 'true', 'DBUS_SESSION_BUS_ADDRESS': 'unix:path=/run/user/1000/bus,guid=e13f3bf79aff23d7d31cac896ab3658b', 'COLORTERM': 'truecolor', 'DEBUGINFOD_URLS': 'https://debuginfod.ubuntu.com', 'IM_CONFIG_PHASE': '1', 'WAYLAND_DISPLAY': 'wayland-0', 'ROS_DISTRO': 'jazzy', 'LOGNAME': 'huangbo', '_': '/usr/bin/colcon', 'ROS_VERSION': '2', 'MEMORY_PRESSURE_WATCH': '/sys/fs/cgroup/user.slice/user-1000.slice/user@1000.service/app.slice/app-gnome\\x2dsession\\x2dmanager.slice/gnome-session-manager@ubuntu.service/memory.pressure', 'XDG_SESSION_CLASS': 'user', 'USERNAME': 'huangbo', 'TERM': 'xterm-256color', 'GNOME_DESKTOP_SESSION_ID': 'this-is-deprecated', 'PATH': '/opt/ros/jazzy/bin:/usr/local/sbin:/usr/local/bin:/usr/sbin:/usr/bin:/sbin:/bin:/usr/games:/usr/local/games:/snap/bin:/snap/bin', 'SESSION_MANAGER': 'local/huangbo-VMware-Virtual-Platform:@/tmp/.ICE-unix/2461,unix/huangbo-VMware-Virtual-Platform:/tmp/.ICE-unix/2461', 'XDG_MENU_PREFIX': 'gnome-', 'GNOME_TERMINAL_SCREEN': '/org/gnome/Terminal/screen/1fa247de_127f_4388_b4f5_14809bea7052', 'GNOME_SETUP_DISPLAY': ':1', 'XDG_RUNTIME_DIR': '/run/user/1000', 'DISPLAY': ':0', 'LANG': 'zh_CN.UTF-8', 'XDG_CURRENT_DESKTOP': 'ubuntu:GNOME', 'XMODIFIERS': '@im=ibus', 'XDG_SESSION_DESKTOP': 'ubuntu', 'XAUTHORITY': '/run/user/1000/.mutter-Xwaylandauth.LF85V3', 'LS_COLORS': 'rs=0:di=01;34:ln=01;36:mh=00:pi=40;33:so=01;35:do=01;35:bd=40;33;01:cd=40;33;01:or=40;31;01:mi=00:su=37;41:sg=30;43:ca=00:tw=30;42:ow=34;42:st=37;44:ex=01;32:*.tar=01;31:*.tgz=01;31:*.arc=01;31:*.arj=01;31:*.taz=01;31:*.lha=01;31:*.lz4=01;31:*.lzh=01;31:*.lzma=01;31:*.tlz=01;31:*.txz=01;31:*.tzo=01;31:*.t7z=01;31:*.zip=01;31:*.z=01;31:*.dz=01;31:*.gz=01;31:*.lrz=01;31:*.lz=01;31:*.lzo=01;31:*.xz=01;31:*.zst=01;31:*.tzst=01;31:*.bz2=01;31:*.bz=01;31:*.tbz=01;31:*.tbz2=01;31:*.tz=01;31:*.deb=01;31:*.rpm=01;31:*.jar=01;31:*.war=01;31:*.ear=01;31:*.sar=01;31:*.rar=01;31:*.alz=01;31:*.ace=01;31:*.zoo=01;31:*.cpio=01;31:*.7z=01;31:*.rz=01;31:*.cab=01;31:*.wim=01;31:*.swm=01;31:*.dwm=01;31:*.esd=01;31:*.avif=01;35:*.jpg=01;35:*.jpeg=01;35:*.mjpg=01;35:*.mjpeg=01;35:*.gif=01;35:*.bmp=01;35:*.pbm=01;35:*.pgm=01;35:*.ppm=01;35:*.tga=01;35:*.xbm=01;35:*.xpm=01;35:*.tif=01;35:*.tiff=01;35:*.png=01;35:*.svg=01;35:*.svgz=01;35:*.mng=01;35:*.pcx=01;35:*.mov=01;35:*.mpg=01;35:*.mpeg=01;35:*.m2v=01;35:*.mkv=01;35:*.webm=01;35:*.webp=01;35:*.ogm=01;35:*.mp4=01;35:*.m4v=01;35:*.mp4v=01;35:*.vob=01;35:*.qt=01;35:*.nuv=01;35:*.wmv=01;35:*.asf=01;35:*.rm=01;35:*.rmvb=01;35:*.flc=01;35:*.avi=01;35:*.fli=01;35:*.flv=01;35:*.gl=01;35:*.dl=01;35:*.xcf=01;35:*.xwd=01;35:*.yuv=01;35:*.cgm=01;35:*.emf=01;35:*.ogv=01;35:*.ogx=01;35:*.aac=00;36:*.au=00;36:*.flac=00;36:*.m4a=00;36:*.mid=00;36:*.midi=00;36:*.mka=00;36:*.mp3=00;36:*.mpc=00;36:*.ogg=00;36:*.ra=00;36:*.wav=00;36:*.oga=00;36:*.opus=00;36:*.spx=00;36:*.xspf=00;36:*~=00;90:*#=00;90:*.bak=00;90:*.crdownload=00;90:*.dpkg-dist=00;90:*.dpkg-new=00;90:*.dpkg-old=00;90:*.dpkg-tmp=00;90:*.old=00;90:*.orig=00;90:*.part=00;90:*.rej=00;90:*.rpmnew=00;90:*.rpmorig=00;90:*.rpmsave=00;90:*.swp=00;90:*.tmp=00;90:*.ucf-dist=00;90:*.ucf-new=00;90:*.ucf-old=00;90:', 'GNOME_TERMINAL_SERVICE': ':1.197', 'SSH_AUTH_SOCK': '/run/user/1000/keyring/ssh', 'AMENT_PREFIX_PATH': '/opt/ros/jazzy', 'SHELL': '/bin/bash', 'QT_ACCESSIBILITY': '1', 'GDMSESSION': 'ubuntu', 'LESSCLOSE': '/usr/bin/lesspipe %s %s', 'ROS_AUTOMATIC_DISCOVERY_RANGE': 'SUBNET', 'QT_IM_MODULE': 'ibus', 'PWD': '/home/huangbo/ros2_learn/tongxun_learn/build/student_interfaces', 'XDG_CONFIG_DIRS': '/etc/xdg/xdg-ubuntu:/etc/xdg', 'DBUS_STARTER_ADDRESS': 'unix:path=/run/user/1000/bus,guid=e13f3bf79aff23d7d31cac896ab3658b', 'XDG_DATA_DIRS': '/usr/share/ubuntu:/usr/share/gnome:/usr/local/share/:/usr/share/:/var/lib/snapd/desktop', 'QTWEBENGINE_DICTIONARIES_PATH': '/usr/share/hunspell-bdic/', 'PYTHONPATH': '/opt/ros/jazzy/opt/gz_math_vendor/lib/python:/opt/ros/jazzy/lib/python3.12/site-packages', 'COLCON': '1', 'MEMORY_PRESSURE_WRITE': 'c29tZSAyMDAwMDAgMjAwMDAwMAA=', 'VTE_VERSION': '7600', 'CMAKE_PREFIX_PATH': '/opt/ros/jazzy/opt/gz_math_vendor:/opt/ros/jazzy/opt/gz_utils_vendor:/opt/ros/jazzy/opt/gz_cmake_vendor:/opt/ros/jazzy'}), 'shell': False}
[1.194500] (student_interfaces) StdoutLine: {'line': b'-- Install configuration: ""\n'}
[1.195730] (student_interfaces) StdoutLine: {'line': b'-- Up-to-date: /home/huangbo/ros2_learn/tongxun_learn/install/student_interfaces/share/ament_index/resource_index/rosidl_interfaces/student_interfaces\n'}
[1.196039] (student_interfaces) StdoutLine: {'line': b'-- Up-to-date: /home/huangbo/ros2_learn/tongxun_learn/install/student_interfaces/share/student_interfaces/msg/Student.json\n'}
[1.196137] (student_interfaces) StdoutLine: {'line': b'-- Up-to-date: /home/huangbo/ros2_learn/tongxun_learn/install/student_interfaces/share/student_interfaces/srv/Addints.json\n'}
[1.198223] (student_interfaces) StdoutLine: {'line': b'-- Up-to-date: /home/huangbo/ros2_learn/tongxun_learn/install/student_interfaces/share/student_interfaces/action/Progress.json\n'}
[1.199272] (student_interfaces) StdoutLine: {'line': b'-- Up-to-date: /home/huangbo/ros2_learn/tongxun_learn/install/student_interfaces/include/student_interfaces/student_interfaces\n'}
[1.200455] (student_interfaces) StdoutLine: {'line': b'-- Up-to-date: /home/huangbo/ros2_learn/tongxun_learn/install/student_interfaces/include/student_interfaces/student_interfaces/action\n'}
[1.201736] (student_interfaces) StdoutLine: {'line': b'-- Up-to-date: /home/huangbo/ros2_learn/tongxun_learn/install/student_interfaces/include/student_interfaces/student_interfaces/action/detail\n'}
[1.203074] (student_interfaces) StdoutLine: {'line': b'-- Installing: /home/huangbo/ros2_learn/tongxun_learn/install/student_interfaces/include/student_interfaces/student_interfaces/action/detail/progress__type_support.c\n'}
[1.207455] (student_interfaces) StdoutLine: {'line': b'-- Up-to-date: /home/huangbo/ros2_learn/tongxun_learn/install/student_interfaces/include/student_interfaces/student_interfaces/action/detail/progress__functions.h\n'}
[1.208508] (student_interfaces) StdoutLine: {'line': b'-- Up-to-date: /home/huangbo/ros2_learn/tongxun_learn/install/student_interfaces/include/student_interfaces/student_interfaces/action/detail/progress__type_support.h\n'}
[1.209550] (student_interfaces) StdoutLine: {'line': b'-- Up-to-date: /home/huangbo/ros2_learn/tongxun_learn/install/student_interfaces/include/student_interfaces/student_interfaces/action/detail/progress__functions.c\n'}
[1.210570] (student_interfaces) StdoutLine: {'line': b'-- Up-to-date: /home/huangbo/ros2_learn/tongxun_learn/install/student_interfaces/include/student_interfaces/student_interfaces/action/detail/progress__description.c\n'}
[1.211617] (student_interfaces) StdoutLine: {'line': b'-- Up-to-date: /home/huangbo/ros2_learn/tongxun_learn/install/student_interfaces/include/student_interfaces/student_interfaces/action/detail/progress__struct.h\n'}
[1.211858] (-) TimerEvent: {}
[1.217524] (student_interfaces) StdoutLine: {'line': b'-- Up-to-date: /home/huangbo/ros2_learn/tongxun_learn/install/student_interfaces/include/student_interfaces/student_interfaces/action/progress.h\n'}
[1.217771] (student_interfaces) StdoutLine: {'line': b'-- Up-to-date: /home/huangbo/ros2_learn/tongxun_learn/install/student_interfaces/include/student_interfaces/student_interfaces/srv\n'}
[1.217908] (student_interfaces) StdoutLine: {'line': b'-- Up-to-date: /home/huangbo/ros2_learn/tongxun_learn/install/student_interfaces/include/student_interfaces/student_interfaces/srv/addints.h\n'}
[1.218182] (student_interfaces) StdoutLine: {'line': b'-- Up-to-date: /home/huangbo/ros2_learn/tongxun_learn/install/student_interfaces/include/student_interfaces/student_interfaces/srv/detail\n'}
[1.218313] (student_interfaces) StdoutLine: {'line': b'-- Up-to-date: /home/huangbo/ros2_learn/tongxun_learn/install/student_interfaces/include/student_interfaces/student_interfaces/srv/detail/addints__type_support.c\n'}
[1.218452] (student_interfaces) StdoutLine: {'line': b'-- Up-to-date: /home/huangbo/ros2_learn/tongxun_learn/install/student_interfaces/include/student_interfaces/student_interfaces/srv/detail/addints__struct.h\n'}
[1.218565] (student_interfaces) StdoutLine: {'line': b'-- Up-to-date: /home/huangbo/ros2_learn/tongxun_learn/install/student_interfaces/include/student_interfaces/student_interfaces/srv/detail/addints__functions.h\n'}
[1.224909] (student_interfaces) StdoutLine: {'line': b'-- Up-to-date: /home/huangbo/ros2_learn/tongxun_learn/install/student_interfaces/include/student_interfaces/student_interfaces/srv/detail/addints__functions.c\n'}
[1.225189] (student_interfaces) StdoutLine: {'line': b'-- Up-to-date: /home/huangbo/ros2_learn/tongxun_learn/install/student_interfaces/include/student_interfaces/student_interfaces/srv/detail/addints__type_support.h\n'}
[1.225391] (student_interfaces) StdoutLine: {'line': b'-- Up-to-date: /home/huangbo/ros2_learn/tongxun_learn/install/student_interfaces/include/student_interfaces/student_interfaces/srv/detail/addints__description.c\n'}
[1.225559] (student_interfaces) StdoutLine: {'line': b'-- Up-to-date: /home/huangbo/ros2_learn/tongxun_learn/install/student_interfaces/include/student_interfaces/student_interfaces/msg\n'}
[1.225658] (student_interfaces) StdoutLine: {'line': b'-- Up-to-date: /home/huangbo/ros2_learn/tongxun_learn/install/student_interfaces/include/student_interfaces/student_interfaces/msg/detail\n'}
[1.225806] (student_interfaces) StdoutLine: {'line': b'-- Installing: /home/huangbo/ros2_learn/tongxun_learn/install/student_interfaces/include/student_interfaces/student_interfaces/msg/detail/student__type_support.c\n'}
[1.229678] (student_interfaces) StdoutLine: {'line': b'-- Up-to-date: /home/huangbo/ros2_learn/tongxun_learn/install/student_interfaces/include/student_interfaces/student_interfaces/msg/detail/student__struct.h\n'}
[1.230607] (student_interfaces) StdoutLine: {'line': b'-- Up-to-date: /home/huangbo/ros2_learn/tongxun_learn/install/student_interfaces/include/student_interfaces/student_interfaces/msg/detail/student__description.c\n'}
[1.231743] (student_interfaces) StdoutLine: {'line': b'-- Up-to-date: /home/huangbo/ros2_learn/tongxun_learn/install/student_interfaces/include/student_interfaces/student_interfaces/msg/detail/student__functions.h\n'}
[1.232689] (student_interfaces) StdoutLine: {'line': b'-- Up-to-date: /home/huangbo/ros2_learn/tongxun_learn/install/student_interfaces/include/student_interfaces/student_interfaces/msg/detail/student__functions.c\n'}
[1.233694] (student_interfaces) StdoutLine: {'line': b'-- Up-to-date: /home/huangbo/ros2_learn/tongxun_learn/install/student_interfaces/include/student_interfaces/student_interfaces/msg/detail/student__type_support.h\n'}
[1.234609] (student_interfaces) StdoutLine: {'line': b'-- Up-to-date: /home/huangbo/ros2_learn/tongxun_learn/install/student_interfaces/include/student_interfaces/student_interfaces/msg/rosidl_generator_c__visibility_control.h\n'}
[1.236428] (student_interfaces) StdoutLine: {'line': b'-- Up-to-date: /home/huangbo/ros2_learn/tongxun_learn/install/student_interfaces/include/student_interfaces/student_interfaces/msg/student.h\n'}
[1.237581] (student_interfaces) StdoutLine: {'line': b'-- Up-to-date: /home/huangbo/ros2_learn/tongxun_learn/install/student_interfaces/share/student_interfaces/environment/library_path.sh\n'}
[1.238430] (student_interfaces) StdoutLine: {'line': b'-- Up-to-date: /home/huangbo/ros2_learn/tongxun_learn/install/student_interfaces/share/student_interfaces/environment/library_path.dsv\n'}
[1.239356] (student_interfaces) StdoutLine: {'line': b'-- Up-to-date: /home/huangbo/ros2_learn/tongxun_learn/install/student_interfaces/lib/libstudent_interfaces__rosidl_generator_c.so\n'}
[1.240358] (student_interfaces) StdoutLine: {'line': b'-- Up-to-date: /home/huangbo/ros2_learn/tongxun_learn/install/student_interfaces/include/student_interfaces/student_interfaces\n'}
[1.241086] (student_interfaces) StdoutLine: {'line': b'-- Up-to-date: /home/huangbo/ros2_learn/tongxun_learn/install/student_interfaces/include/student_interfaces/student_interfaces/action\n'}
[1.241775] (student_interfaces) StdoutLine: {'line': b'-- Up-to-date: /home/huangbo/ros2_learn/tongxun_learn/install/student_interfaces/include/student_interfaces/student_interfaces/action/detail\n'}
[1.257906] (student_interfaces) StdoutLine: {'line': b'-- Up-to-date: /home/huangbo/ros2_learn/tongxun_learn/install/student_interfaces/include/student_interfaces/student_interfaces/action/detail/progress__rosidl_typesupport_fastrtps_c.h\n'}
[1.258000] (student_interfaces) StdoutLine: {'line': b'-- Up-to-date: /home/huangbo/ros2_learn/tongxun_learn/install/student_interfaces/include/student_interfaces/student_interfaces/srv\n'}
[1.258068] (student_interfaces) StdoutLine: {'line': b'-- Up-to-date: /home/huangbo/ros2_learn/tongxun_learn/install/student_interfaces/include/student_interfaces/student_interfaces/srv/detail\n'}
[1.258133] (student_interfaces) StdoutLine: {'line': b'-- Up-to-date: /home/huangbo/ros2_learn/tongxun_learn/install/student_interfaces/include/student_interfaces/student_interfaces/srv/detail/addints__rosidl_typesupport_fastrtps_c.h\n'}
[1.258200] (student_interfaces) StdoutLine: {'line': b'-- Up-to-date: /home/huangbo/ros2_learn/tongxun_learn/install/student_interfaces/include/student_interfaces/student_interfaces/msg\n'}
[1.258264] (student_interfaces) StdoutLine: {'line': b'-- Up-to-date: /home/huangbo/ros2_learn/tongxun_learn/install/student_interfaces/include/student_interfaces/student_interfaces/msg/detail\n'}
[1.258330] (student_interfaces) StdoutLine: {'line': b'-- Up-to-date: /home/huangbo/ros2_learn/tongxun_learn/install/student_interfaces/include/student_interfaces/student_interfaces/msg/detail/student__rosidl_typesupport_fastrtps_c.h\n'}
[1.258527] (student_interfaces) StdoutLine: {'line': b'-- Up-to-date: /home/huangbo/ros2_learn/tongxun_learn/install/student_interfaces/include/student_interfaces/student_interfaces/msg/rosidl_typesupport_fastrtps_c__visibility_control.h\n'}
[1.258600] (student_interfaces) StdoutLine: {'line': b'-- Up-to-date: /home/huangbo/ros2_learn/tongxun_learn/install/student_interfaces/lib/libstudent_interfaces__rosidl_typesupport_fastrtps_c.so\n'}
[1.258667] (student_interfaces) StdoutLine: {'line': b'-- Up-to-date: /home/huangbo/ros2_learn/tongxun_learn/install/student_interfaces/include/student_interfaces/student_interfaces\n'}
[1.258733] (student_interfaces) StdoutLine: {'line': b'-- Up-to-date: /home/huangbo/ros2_learn/tongxun_learn/install/student_interfaces/include/student_interfaces/student_interfaces/action\n'}
[1.258792] (student_interfaces) StdoutLine: {'line': b'-- Up-to-date: /home/huangbo/ros2_learn/tongxun_learn/install/student_interfaces/include/student_interfaces/student_interfaces/action/detail\n'}
[1.258854] (student_interfaces) StdoutLine: {'line': b'-- Installing: /home/huangbo/ros2_learn/tongxun_learn/install/student_interfaces/include/student_interfaces/student_interfaces/action/detail/progress__type_support.c\n'}
[1.263927] (student_interfaces) StdoutLine: {'line': b'-- Up-to-date: /home/huangbo/ros2_learn/tongxun_learn/install/student_interfaces/include/student_interfaces/student_interfaces/action/detail/progress__rosidl_typesupport_introspection_c.h\n'}
[1.265496] (student_interfaces) StdoutLine: {'line': b'-- Up-to-date: /home/huangbo/ros2_learn/tongxun_learn/install/student_interfaces/include/student_interfaces/student_interfaces/srv\n'}
[1.265712] (student_interfaces) StdoutLine: {'line': b'-- Up-to-date: /home/huangbo/ros2_learn/tongxun_learn/install/student_interfaces/include/student_interfaces/student_interfaces/srv/detail\n'}
[1.265792] (student_interfaces) StdoutLine: {'line': b'-- Up-to-date: /home/huangbo/ros2_learn/tongxun_learn/install/student_interfaces/include/student_interfaces/student_interfaces/srv/detail/addints__type_support.c\n'}
[1.265959] (student_interfaces) StdoutLine: {'line': b'-- Up-to-date: /home/huangbo/ros2_learn/tongxun_learn/install/student_interfaces/include/student_interfaces/student_interfaces/srv/detail/addints__rosidl_typesupport_introspection_c.h\n'}
[1.266041] (student_interfaces) StdoutLine: {'line': b'-- Up-to-date: /home/huangbo/ros2_learn/tongxun_learn/install/student_interfaces/include/student_interfaces/student_interfaces/msg\n'}
[1.266105] (student_interfaces) StdoutLine: {'line': b'-- Up-to-date: /home/huangbo/ros2_learn/tongxun_learn/install/student_interfaces/include/student_interfaces/student_interfaces/msg/detail\n'}
[1.266164] (student_interfaces) StdoutLine: {'line': b'-- Installing: /home/huangbo/ros2_learn/tongxun_learn/install/student_interfaces/include/student_interfaces/student_interfaces/msg/detail/student__type_support.c\n'}
[1.266224] (student_interfaces) StdoutLine: {'line': b'-- Up-to-date: /home/huangbo/ros2_learn/tongxun_learn/install/student_interfaces/include/student_interfaces/student_interfaces/msg/detail/student__rosidl_typesupport_introspection_c.h\n'}
[1.270113] (student_interfaces) StdoutLine: {'line': b'-- Up-to-date: /home/huangbo/ros2_learn/tongxun_learn/install/student_interfaces/include/student_interfaces/student_interfaces/msg/rosidl_typesupport_introspection_c__visibility_control.h\n'}
[1.270502] (student_interfaces) StdoutLine: {'line': b'-- Up-to-date: /home/huangbo/ros2_learn/tongxun_learn/install/student_interfaces/lib/libstudent_interfaces__rosidl_typesupport_introspection_c.so\n'}
[1.270648] (student_interfaces) StdoutLine: {'line': b'-- Up-to-date: /home/huangbo/ros2_learn/tongxun_learn/install/student_interfaces/lib/libstudent_interfaces__rosidl_typesupport_c.so\n'}
[1.270730] (student_interfaces) StdoutLine: {'line': b'-- Up-to-date: /home/huangbo/ros2_learn/tongxun_learn/install/student_interfaces/include/student_interfaces/student_interfaces\n'}
[1.270803] (student_interfaces) StdoutLine: {'line': b'-- Up-to-date: /home/huangbo/ros2_learn/tongxun_learn/install/student_interfaces/include/student_interfaces/student_interfaces/action\n'}
[1.270897] (student_interfaces) StdoutLine: {'line': b'-- Up-to-date: /home/huangbo/ros2_learn/tongxun_learn/install/student_interfaces/include/student_interfaces/student_interfaces/action/detail\n'}
[1.271052] (student_interfaces) StdoutLine: {'line': b'-- Up-to-date: /home/huangbo/ros2_learn/tongxun_learn/install/student_interfaces/include/student_interfaces/student_interfaces/action/detail/progress__struct.hpp\n'}
[1.271730] (student_interfaces) StdoutLine: {'line': b'-- Up-to-date: /home/huangbo/ros2_learn/tongxun_learn/install/student_interfaces/include/student_interfaces/student_interfaces/action/detail/progress__traits.hpp\n'}
[1.271843] (student_interfaces) StdoutLine: {'line': b'-- Up-to-date: /home/huangbo/ros2_learn/tongxun_learn/install/student_interfaces/include/student_interfaces/student_interfaces/action/detail/progress__type_support.hpp\n'}
[1.272012] (student_interfaces) StdoutLine: {'line': b'-- Up-to-date: /home/huangbo/ros2_learn/tongxun_learn/install/student_interfaces/include/student_interfaces/student_interfaces/action/detail/progress__builder.hpp\n'}
[1.272127] (student_interfaces) StdoutLine: {'line': b'-- Up-to-date: /home/huangbo/ros2_learn/tongxun_learn/install/student_interfaces/include/student_interfaces/student_interfaces/action/progress.hpp\n'}
[1.272228] (student_interfaces) StdoutLine: {'line': b'-- Up-to-date: /home/huangbo/ros2_learn/tongxun_learn/install/student_interfaces/include/student_interfaces/student_interfaces/srv\n'}
[1.272297] (student_interfaces) StdoutLine: {'line': b'-- Up-to-date: /home/huangbo/ros2_learn/tongxun_learn/install/student_interfaces/include/student_interfaces/student_interfaces/srv/detail\n'}
[1.272363] (student_interfaces) StdoutLine: {'line': b'-- Up-to-date: /home/huangbo/ros2_learn/tongxun_learn/install/student_interfaces/include/student_interfaces/student_interfaces/srv/detail/addints__builder.hpp\n'}
[1.272461] (student_interfaces) StdoutLine: {'line': b'-- Up-to-date: /home/huangbo/ros2_learn/tongxun_learn/install/student_interfaces/include/student_interfaces/student_interfaces/srv/detail/addints__type_support.hpp\n'}
[1.272538] (student_interfaces) StdoutLine: {'line': b'-- Up-to-date: /home/huangbo/ros2_learn/tongxun_learn/install/student_interfaces/include/student_interfaces/student_interfaces/srv/detail/addints__struct.hpp\n'}
[1.276666] (student_interfaces) StdoutLine: {'line': b'-- Up-to-date: /home/huangbo/ros2_learn/tongxun_learn/install/student_interfaces/include/student_interfaces/student_interfaces/srv/detail/addints__traits.hpp\n'}
[1.276904] (student_interfaces) StdoutLine: {'line': b'-- Up-to-date: /home/huangbo/ros2_learn/tongxun_learn/install/student_interfaces/include/student_interfaces/student_interfaces/srv/addints.hpp\n'}
[1.277021] (student_interfaces) StdoutLine: {'line': b'-- Up-to-date: /home/huangbo/ros2_learn/tongxun_learn/install/student_interfaces/include/student_interfaces/student_interfaces/msg\n'}
[1.277153] (student_interfaces) StdoutLine: {'line': b'-- Up-to-date: /home/huangbo/ros2_learn/tongxun_learn/install/student_interfaces/include/student_interfaces/student_interfaces/msg/detail\n'}
[1.277269] (student_interfaces) StdoutLine: {'line': b'-- Up-to-date: /home/huangbo/ros2_learn/tongxun_learn/install/student_interfaces/include/student_interfaces/student_interfaces/msg/detail/student__builder.hpp\n'}
[1.277375] (student_interfaces) StdoutLine: {'line': b'-- Up-to-date: /home/huangbo/ros2_learn/tongxun_learn/install/student_interfaces/include/student_interfaces/student_interfaces/msg/detail/student__traits.hpp\n'}
[1.277562] (student_interfaces) StdoutLine: {'line': b'-- Up-to-date: /home/huangbo/ros2_learn/tongxun_learn/install/student_interfaces/include/student_interfaces/student_interfaces/msg/detail/student__struct.hpp\n'}
[1.277678] (student_interfaces) StdoutLine: {'line': b'-- Up-to-date: /home/huangbo/ros2_learn/tongxun_learn/install/student_interfaces/include/student_interfaces/student_interfaces/msg/detail/student__type_support.hpp\n'}
[1.277802] (student_interfaces) StdoutLine: {'line': b'-- Up-to-date: /home/huangbo/ros2_learn/tongxun_learn/install/student_interfaces/include/student_interfaces/student_interfaces/msg/student.hpp\n'}
[1.277914] (student_interfaces) StdoutLine: {'line': b'-- Up-to-date: /home/huangbo/ros2_learn/tongxun_learn/install/student_interfaces/include/student_interfaces/student_interfaces/msg/rosidl_generator_cpp__visibility_control.hpp\n'}
[1.277995] (student_interfaces) StdoutLine: {'line': b'-- Up-to-date: /home/huangbo/ros2_learn/tongxun_learn/install/student_interfaces/include/student_interfaces/student_interfaces\n'}
[1.278064] (student_interfaces) StdoutLine: {'line': b'-- Up-to-date: /home/huangbo/ros2_learn/tongxun_learn/install/student_interfaces/include/student_interfaces/student_interfaces/action\n'}
[1.278128] (student_interfaces) StdoutLine: {'line': b'-- Up-to-date: /home/huangbo/ros2_learn/tongxun_learn/install/student_interfaces/include/student_interfaces/student_interfaces/action/detail\n'}
[1.278193] (student_interfaces) StdoutLine: {'line': b'-- Up-to-date: /home/huangbo/ros2_learn/tongxun_learn/install/student_interfaces/include/student_interfaces/student_interfaces/action/detail/progress__rosidl_typesupport_fastrtps_cpp.hpp\n'}
[1.278260] (student_interfaces) StdoutLine: {'line': b'-- Up-to-date: /home/huangbo/ros2_learn/tongxun_learn/install/student_interfaces/include/student_interfaces/student_interfaces/action/detail/dds_fastrtps\n'}
[1.278325] (student_interfaces) StdoutLine: {'line': b'-- Up-to-date: /home/huangbo/ros2_learn/tongxun_learn/install/student_interfaces/include/student_interfaces/student_interfaces/srv\n'}
[1.278388] (student_interfaces) StdoutLine: {'line': b'-- Up-to-date: /home/huangbo/ros2_learn/tongxun_learn/install/student_interfaces/include/student_interfaces/student_interfaces/srv/detail\n'}
[1.281984] (student_interfaces) StdoutLine: {'line': b'-- Up-to-date: /home/huangbo/ros2_learn/tongxun_learn/install/student_interfaces/include/student_interfaces/student_interfaces/srv/detail/addints__rosidl_typesupport_fastrtps_cpp.hpp\n'}
[1.282141] (student_interfaces) StdoutLine: {'line': b'-- Up-to-date: /home/huangbo/ros2_learn/tongxun_learn/install/student_interfaces/include/student_interfaces/student_interfaces/srv/detail/dds_fastrtps\n'}
[1.282250] (student_interfaces) StdoutLine: {'line': b'-- Up-to-date: /home/huangbo/ros2_learn/tongxun_learn/install/student_interfaces/include/student_interfaces/student_interfaces/msg\n'}
[1.282394] (student_interfaces) StdoutLine: {'line': b'-- Up-to-date: /home/huangbo/ros2_learn/tongxun_learn/install/student_interfaces/include/student_interfaces/student_interfaces/msg/detail\n'}
[1.282629] (student_interfaces) StdoutLine: {'line': b'-- Up-to-date: /home/huangbo/ros2_learn/tongxun_learn/install/student_interfaces/include/student_interfaces/student_interfaces/msg/detail/student__rosidl_typesupport_fastrtps_cpp.hpp\n'}
[1.282778] (student_interfaces) StdoutLine: {'line': b'-- Up-to-date: /home/huangbo/ros2_learn/tongxun_learn/install/student_interfaces/include/student_interfaces/student_interfaces/msg/detail/dds_fastrtps\n'}
[1.282856] (student_interfaces) StdoutLine: {'line': b'-- Up-to-date: /home/huangbo/ros2_learn/tongxun_learn/install/student_interfaces/include/student_interfaces/student_interfaces/msg/rosidl_typesupport_fastrtps_cpp__visibility_control.h\n'}
[1.282925] (student_interfaces) StdoutLine: {'line': b'-- Up-to-date: /home/huangbo/ros2_learn/tongxun_learn/install/student_interfaces/lib/libstudent_interfaces__rosidl_typesupport_fastrtps_cpp.so\n'}
[1.282988] (student_interfaces) StdoutLine: {'line': b'-- Up-to-date: /home/huangbo/ros2_learn/tongxun_learn/install/student_interfaces/include/student_interfaces/student_interfaces\n'}
[1.283048] (student_interfaces) StdoutLine: {'line': b'-- Up-to-date: /home/huangbo/ros2_learn/tongxun_learn/install/student_interfaces/include/student_interfaces/student_interfaces/action\n'}
[1.283115] (student_interfaces) StdoutLine: {'line': b'-- Up-to-date: /home/huangbo/ros2_learn/tongxun_learn/install/student_interfaces/include/student_interfaces/student_interfaces/action/detail\n'}
[1.283187] (student_interfaces) StdoutLine: {'line': b'-- Up-to-date: /home/huangbo/ros2_learn/tongxun_learn/install/student_interfaces/include/student_interfaces/student_interfaces/action/detail/progress__type_support.cpp\n'}
[1.283251] (student_interfaces) StdoutLine: {'line': b'-- Up-to-date: /home/huangbo/ros2_learn/tongxun_learn/install/student_interfaces/include/student_interfaces/student_interfaces/action/detail/progress__rosidl_typesupport_introspection_cpp.hpp\n'}
[1.283315] (student_interfaces) StdoutLine: {'line': b'-- Up-to-date: /home/huangbo/ros2_learn/tongxun_learn/install/student_interfaces/include/student_interfaces/student_interfaces/srv\n'}
[1.283377] (student_interfaces) StdoutLine: {'line': b'-- Up-to-date: /home/huangbo/ros2_learn/tongxun_learn/install/student_interfaces/include/student_interfaces/student_interfaces/srv/detail\n'}
[1.287619] (student_interfaces) StdoutLine: {'line': b'-- Up-to-date: /home/huangbo/ros2_learn/tongxun_learn/install/student_interfaces/include/student_interfaces/student_interfaces/srv/detail/addints__type_support.cpp\n'}
[1.287791] (student_interfaces) StdoutLine: {'line': b'-- Up-to-date: /home/huangbo/ros2_learn/tongxun_learn/install/student_interfaces/include/student_interfaces/student_interfaces/srv/detail/addints__rosidl_typesupport_introspection_cpp.hpp\n'}
[1.287909] (student_interfaces) StdoutLine: {'line': b'-- Up-to-date: /home/huangbo/ros2_learn/tongxun_learn/install/student_interfaces/include/student_interfaces/student_interfaces/msg\n'}
[1.288053] (student_interfaces) StdoutLine: {'line': b'-- Up-to-date: /home/huangbo/ros2_learn/tongxun_learn/install/student_interfaces/include/student_interfaces/student_interfaces/msg/detail\n'}
[1.288242] (student_interfaces) StdoutLine: {'line': b'-- Up-to-date: /home/huangbo/ros2_learn/tongxun_learn/install/student_interfaces/include/student_interfaces/student_interfaces/msg/detail/student__type_support.cpp\n'}
[1.288364] (student_interfaces) StdoutLine: {'line': b'-- Up-to-date: /home/huangbo/ros2_learn/tongxun_learn/install/student_interfaces/include/student_interfaces/student_interfaces/msg/detail/student__rosidl_typesupport_introspection_cpp.hpp\n'}
[1.288576] (student_interfaces) StdoutLine: {'line': b'-- Up-to-date: /home/huangbo/ros2_learn/tongxun_learn/install/student_interfaces/lib/libstudent_interfaces__rosidl_typesupport_introspection_cpp.so\n'}
[1.288692] (student_interfaces) StdoutLine: {'line': b'-- Up-to-date: /home/huangbo/ros2_learn/tongxun_learn/install/student_interfaces/lib/libstudent_interfaces__rosidl_typesupport_cpp.so\n'}
[1.288801] (student_interfaces) StdoutLine: {'line': b'-- Up-to-date: /home/huangbo/ros2_learn/tongxun_learn/install/student_interfaces/share/student_interfaces/environment/pythonpath.sh\n'}
[1.288909] (student_interfaces) StdoutLine: {'line': b'-- Up-to-date: /home/huangbo/ros2_learn/tongxun_learn/install/student_interfaces/share/student_interfaces/environment/pythonpath.dsv\n'}
[1.289015] (student_interfaces) StdoutLine: {'line': b'-- Up-to-date: /home/huangbo/ros2_learn/tongxun_learn/install/student_interfaces/lib/python3.12/site-packages/student_interfaces-0.0.0-py3.12.egg-info\n'}
[1.289121] (student_interfaces) StdoutLine: {'line': b'-- Installing: /home/huangbo/ros2_learn/tongxun_learn/install/student_interfaces/lib/python3.12/site-packages/student_interfaces-0.0.0-py3.12.egg-info/SOURCES.txt\n'}
[1.289226] (student_interfaces) StdoutLine: {'line': b'-- Installing: /home/huangbo/ros2_learn/tongxun_learn/install/student_interfaces/lib/python3.12/site-packages/student_interfaces-0.0.0-py3.12.egg-info/dependency_links.txt\n'}
[1.289332] (student_interfaces) StdoutLine: {'line': b'-- Installing: /home/huangbo/ros2_learn/tongxun_learn/install/student_interfaces/lib/python3.12/site-packages/student_interfaces-0.0.0-py3.12.egg-info/PKG-INFO\n'}
[1.292103] (student_interfaces) StdoutLine: {'line': b'-- Installing: /home/huangbo/ros2_learn/tongxun_learn/install/student_interfaces/lib/python3.12/site-packages/student_interfaces-0.0.0-py3.12.egg-info/top_level.txt\n'}
[1.292347] (student_interfaces) StdoutLine: {'line': b'-- Up-to-date: /home/huangbo/ros2_learn/tongxun_learn/install/student_interfaces/lib/python3.12/site-packages/student_interfaces\n'}
[1.292612] (student_interfaces) StdoutLine: {'line': b'-- Up-to-date: /home/huangbo/ros2_learn/tongxun_learn/install/student_interfaces/lib/python3.12/site-packages/student_interfaces/student_interfaces_s__rosidl_typesupport_c.so\n'}
[1.292757] (student_interfaces) StdoutLine: {'line': b'-- Up-to-date: /home/huangbo/ros2_learn/tongxun_learn/install/student_interfaces/lib/python3.12/site-packages/student_interfaces/student_interfaces_s__rosidl_typesupport_fastrtps_c.so\n'}
[1.292830] (student_interfaces) StdoutLine: {'line': b'-- Up-to-date: /home/huangbo/ros2_learn/tongxun_learn/install/student_interfaces/lib/python3.12/site-packages/student_interfaces/_student_interfaces_s.ep.rosidl_typesupport_fastrtps_c.c\n'}
[1.292895] (student_interfaces) StdoutLine: {'line': b'-- Up-to-date: /home/huangbo/ros2_learn/tongxun_learn/install/student_interfaces/lib/python3.12/site-packages/student_interfaces/_student_interfaces_s.ep.rosidl_typesupport_introspection_c.c\n'}
[1.292956] (student_interfaces) StdoutLine: {'line': b'-- Up-to-date: /home/huangbo/ros2_learn/tongxun_learn/install/student_interfaces/lib/python3.12/site-packages/student_interfaces/action\n'}
[1.293014] (student_interfaces) StdoutLine: {'line': b'-- Up-to-date: /home/huangbo/ros2_learn/tongxun_learn/install/student_interfaces/lib/python3.12/site-packages/student_interfaces/action/_progress_s.c\n'}
[1.293071] (student_interfaces) StdoutLine: {'line': b'-- Up-to-date: /home/huangbo/ros2_learn/tongxun_learn/install/student_interfaces/lib/python3.12/site-packages/student_interfaces/action/_progress.py\n'}
[1.293127] (student_interfaces) StdoutLine: {'line': b'-- Up-to-date: /home/huangbo/ros2_learn/tongxun_learn/install/student_interfaces/lib/python3.12/site-packages/student_interfaces/action/__init__.py\n'}
[1.293183] (student_interfaces) StdoutLine: {'line': b'-- Up-to-date: /home/huangbo/ros2_learn/tongxun_learn/install/student_interfaces/lib/python3.12/site-packages/student_interfaces/_student_interfaces_s.ep.rosidl_typesupport_c.c\n'}
[1.293240] (student_interfaces) StdoutLine: {'line': b'-- Up-to-date: /home/huangbo/ros2_learn/tongxun_learn/install/student_interfaces/lib/python3.12/site-packages/student_interfaces/srv\n'}
[1.293298] (student_interfaces) StdoutLine: {'line': b'-- Up-to-date: /home/huangbo/ros2_learn/tongxun_learn/install/student_interfaces/lib/python3.12/site-packages/student_interfaces/srv/_addints.py\n'}
[1.293360] (student_interfaces) StdoutLine: {'line': b'-- Up-to-date: /home/huangbo/ros2_learn/tongxun_learn/install/student_interfaces/lib/python3.12/site-packages/student_interfaces/srv/_addints_s.c\n'}
[1.293442] (student_interfaces) StdoutLine: {'line': b'-- Up-to-date: /home/huangbo/ros2_learn/tongxun_learn/install/student_interfaces/lib/python3.12/site-packages/student_interfaces/srv/__init__.py\n'}
[1.296827] (student_interfaces) StdoutLine: {'line': b'-- Up-to-date: /home/huangbo/ros2_learn/tongxun_learn/install/student_interfaces/lib/python3.12/site-packages/student_interfaces/msg\n'}
[1.297153] (student_interfaces) StdoutLine: {'line': b'-- Up-to-date: /home/huangbo/ros2_learn/tongxun_learn/install/student_interfaces/lib/python3.12/site-packages/student_interfaces/msg/_student.py\n'}
[1.297343] (student_interfaces) StdoutLine: {'line': b'-- Up-to-date: /home/huangbo/ros2_learn/tongxun_learn/install/student_interfaces/lib/python3.12/site-packages/student_interfaces/msg/_student_s.c\n'}
[1.297527] (student_interfaces) StdoutLine: {'line': b'-- Up-to-date: /home/huangbo/ros2_learn/tongxun_learn/install/student_interfaces/lib/python3.12/site-packages/student_interfaces/msg/__init__.py\n'}
[1.297711] (student_interfaces) StdoutLine: {'line': b'-- Up-to-date: /home/huangbo/ros2_learn/tongxun_learn/install/student_interfaces/lib/python3.12/site-packages/student_interfaces/__init__.py\n'}
[1.297907] (student_interfaces) StdoutLine: {'line': b'-- Up-to-date: /home/huangbo/ros2_learn/tongxun_learn/install/student_interfaces/lib/python3.12/site-packages/student_interfaces/student_interfaces_s__rosidl_typesupport_introspection_c.so\n'}
[1.312079] (-) TimerEvent: {}
[1.340335] (student_interfaces) StdoutLine: {'line': b"Listing '/home/huangbo/ros2_learn/tongxun_learn/install/student_interfaces/lib/python3.12/site-packages/student_interfaces'...\n"}
[1.340538] (student_interfaces) StdoutLine: {'line': b"Listing '/home/huangbo/ros2_learn/tongxun_learn/install/student_interfaces/lib/python3.12/site-packages/student_interfaces/action'...\n"}
[1.340622] (student_interfaces) StdoutLine: {'line': b"Listing '/home/huangbo/ros2_learn/tongxun_learn/install/student_interfaces/lib/python3.12/site-packages/student_interfaces/msg'...\n"}
[1.340695] (student_interfaces) StdoutLine: {'line': b"Listing '/home/huangbo/ros2_learn/tongxun_learn/install/student_interfaces/lib/python3.12/site-packages/student_interfaces/srv'...\n"}
[1.347596] (student_interfaces) StdoutLine: {'line': b'-- Up-to-date: /home/huangbo/ros2_learn/tongxun_learn/install/student_interfaces/lib/python3.12/site-packages/student_interfaces/student_interfaces_s__rosidl_typesupport_fastrtps_c.so\n'}
[1.348615] (student_interfaces) StdoutLine: {'line': b'-- Up-to-date: /home/huangbo/ros2_learn/tongxun_learn/install/student_interfaces/lib/python3.12/site-packages/student_interfaces/student_interfaces_s__rosidl_typesupport_introspection_c.so\n'}
[1.349465] (student_interfaces) StdoutLine: {'line': b'-- Up-to-date: /home/huangbo/ros2_learn/tongxun_learn/install/student_interfaces/lib/python3.12/site-packages/student_interfaces/student_interfaces_s__rosidl_typesupport_c.so\n'}
[1.350356] (student_interfaces) StdoutLine: {'line': b'-- Up-to-date: /home/huangbo/ros2_learn/tongxun_learn/install/student_interfaces/lib/libstudent_interfaces__rosidl_generator_py.so\n'}
[1.351032] (student_interfaces) StdoutLine: {'line': b'-- Up-to-date: /home/huangbo/ros2_learn/tongxun_learn/install/student_interfaces/share/student_interfaces/rust\n'}
[1.351437] (student_interfaces) StdoutLine: {'line': b'-- Up-to-date: /home/huangbo/ros2_learn/tongxun_learn/install/student_interfaces/share/student_interfaces/rust/src\n'}
[1.351575] (student_interfaces) StdoutLine: {'line': b'-- Up-to-date: /home/huangbo/ros2_learn/tongxun_learn/install/student_interfaces/share/student_interfaces/rust/src/srv.rs\n'}
[1.351805] (student_interfaces) StdoutLine: {'line': b'-- Up-to-date: /home/huangbo/ros2_learn/tongxun_learn/install/student_interfaces/share/student_interfaces/rust/src/action\n'}
[1.351900] (student_interfaces) StdoutLine: {'line': b'-- Up-to-date: /home/huangbo/ros2_learn/tongxun_learn/install/student_interfaces/share/student_interfaces/rust/src/action/rmw.rs\n'}
[1.352561] (student_interfaces) StdoutLine: {'line': b'-- Up-to-date: /home/huangbo/ros2_learn/tongxun_learn/install/student_interfaces/share/student_interfaces/rust/src/msg.rs\n'}
[1.352801] (student_interfaces) StdoutLine: {'line': b'-- Up-to-date: /home/huangbo/ros2_learn/tongxun_learn/install/student_interfaces/share/student_interfaces/rust/src/action.rs\n'}
[1.352903] (student_interfaces) StdoutLine: {'line': b'-- Up-to-date: /home/huangbo/ros2_learn/tongxun_learn/install/student_interfaces/share/student_interfaces/rust/src/srv\n'}
[1.353169] (student_interfaces) StdoutLine: {'line': b'-- Up-to-date: /home/huangbo/ros2_learn/tongxun_learn/install/student_interfaces/share/student_interfaces/rust/src/srv/rmw.rs\n'}
[1.353297] (student_interfaces) StdoutLine: {'line': b'-- Up-to-date: /home/huangbo/ros2_learn/tongxun_learn/install/student_interfaces/share/student_interfaces/rust/src/msg\n'}
[1.354450] (student_interfaces) StdoutLine: {'line': b'-- Up-to-date: /home/huangbo/ros2_learn/tongxun_learn/install/student_interfaces/share/student_interfaces/rust/src/msg/rmw.rs\n'}
[1.354615] (student_interfaces) StdoutLine: {'line': b'-- Up-to-date: /home/huangbo/ros2_learn/tongxun_learn/install/student_interfaces/share/student_interfaces/rust/src/lib.rs\n'}
[1.354754] (student_interfaces) StdoutLine: {'line': b'-- Up-to-date: /home/huangbo/ros2_learn/tongxun_learn/install/student_interfaces/share/student_interfaces/rust/Cargo.toml\n'}
[1.354871] (student_interfaces) StdoutLine: {'line': b'-- Up-to-date: /home/huangbo/ros2_learn/tongxun_learn/install/student_interfaces/share/student_interfaces/rust/build.rs\n'}
[1.356036] (student_interfaces) StdoutLine: {'line': b'-- Up-to-date: /home/huangbo/ros2_learn/tongxun_learn/install/student_interfaces/share/student_interfaces/msg/Student.idl\n'}
[1.356136] (student_interfaces) StdoutLine: {'line': b'-- Up-to-date: /home/huangbo/ros2_learn/tongxun_learn/install/student_interfaces/share/student_interfaces/srv/Addints.idl\n'}
[1.356252] (student_interfaces) StdoutLine: {'line': b'-- Up-to-date: /home/huangbo/ros2_learn/tongxun_learn/install/student_interfaces/share/student_interfaces/action/Progress.idl\n'}
[1.356327] (student_interfaces) StdoutLine: {'line': b'-- Up-to-date: /home/huangbo/ros2_learn/tongxun_learn/install/student_interfaces/share/student_interfaces/msg/Student.msg\n'}
[1.356391] (student_interfaces) StdoutLine: {'line': b'-- Up-to-date: /home/huangbo/ros2_learn/tongxun_learn/install/student_interfaces/share/student_interfaces/srv/Addints.srv\n'}
[1.356452] (student_interfaces) StdoutLine: {'line': b'-- Up-to-date: /home/huangbo/ros2_learn/tongxun_learn/install/student_interfaces/share/student_interfaces/action/Progress.action\n'}
[1.356545] (student_interfaces) StdoutLine: {'line': b'-- Up-to-date: /home/huangbo/ros2_learn/tongxun_learn/install/student_interfaces/share/ament_index/resource_index/package_run_dependencies/student_interfaces\n'}
[1.356621] (student_interfaces) StdoutLine: {'line': b'-- Up-to-date: /home/huangbo/ros2_learn/tongxun_learn/install/student_interfaces/share/ament_index/resource_index/parent_prefix_path/student_interfaces\n'}
[1.356689] (student_interfaces) StdoutLine: {'line': b'-- Up-to-date: /home/huangbo/ros2_learn/tongxun_learn/install/student_interfaces/share/student_interfaces/environment/ament_prefix_path.sh\n'}
[1.356751] (student_interfaces) StdoutLine: {'line': b'-- Up-to-date: /home/huangbo/ros2_learn/tongxun_learn/install/student_interfaces/share/student_interfaces/environment/ament_prefix_path.dsv\n'}
[1.356812] (student_interfaces) StdoutLine: {'line': b'-- Up-to-date: /home/huangbo/ros2_learn/tongxun_learn/install/student_interfaces/share/student_interfaces/environment/path.sh\n'}
[1.356875] (student_interfaces) StdoutLine: {'line': b'-- Up-to-date: /home/huangbo/ros2_learn/tongxun_learn/install/student_interfaces/share/student_interfaces/environment/path.dsv\n'}
[1.356939] (student_interfaces) StdoutLine: {'line': b'-- Up-to-date: /home/huangbo/ros2_learn/tongxun_learn/install/student_interfaces/share/student_interfaces/local_setup.bash\n'}
[1.358342] (student_interfaces) StdoutLine: {'line': b'-- Up-to-date: /home/huangbo/ros2_learn/tongxun_learn/install/student_interfaces/share/student_interfaces/local_setup.sh\n'}
[1.358456] (student_interfaces) StdoutLine: {'line': b'-- Up-to-date: /home/huangbo/ros2_learn/tongxun_learn/install/student_interfaces/share/student_interfaces/local_setup.zsh\n'}
[1.358606] (student_interfaces) StdoutLine: {'line': b'-- Up-to-date: /home/huangbo/ros2_learn/tongxun_learn/install/student_interfaces/share/student_interfaces/local_setup.dsv\n'}
[1.358743] (student_interfaces) StdoutLine: {'line': b'-- Installing: /home/huangbo/ros2_learn/tongxun_learn/install/student_interfaces/share/student_interfaces/package.dsv\n'}
[1.358855] (student_interfaces) StdoutLine: {'line': b'-- Up-to-date: /home/huangbo/ros2_learn/tongxun_learn/install/student_interfaces/share/ament_index/resource_index/packages/student_interfaces\n'}
[1.358960] (student_interfaces) StdoutLine: {'line': b'-- Up-to-date: /home/huangbo/ros2_learn/tongxun_learn/install/student_interfaces/share/student_interfaces/cmake/export_student_interfaces__rosidl_generator_cExport.cmake\n'}
[1.362639] (student_interfaces) StdoutLine: {'line': b'-- Up-to-date: /home/huangbo/ros2_learn/tongxun_learn/install/student_interfaces/share/student_interfaces/cmake/export_student_interfaces__rosidl_generator_cExport-noconfig.cmake\n'}
[1.362806] (student_interfaces) StdoutLine: {'line': b'-- Up-to-date: /home/huangbo/ros2_learn/tongxun_learn/install/student_interfaces/share/student_interfaces/cmake/export_student_interfaces__rosidl_typesupport_fastrtps_cExport.cmake\n'}
[1.362939] (student_interfaces) StdoutLine: {'line': b'-- Up-to-date: /home/huangbo/ros2_learn/tongxun_learn/install/student_interfaces/share/student_interfaces/cmake/export_student_interfaces__rosidl_typesupport_fastrtps_cExport-noconfig.cmake\n'}
[1.363172] (student_interfaces) StdoutLine: {'line': b'-- Up-to-date: /home/huangbo/ros2_learn/tongxun_learn/install/student_interfaces/share/student_interfaces/cmake/student_interfaces__rosidl_typesupport_introspection_cExport.cmake\n'}
[1.363509] (student_interfaces) StdoutLine: {'line': b'-- Up-to-date: /home/huangbo/ros2_learn/tongxun_learn/install/student_interfaces/share/student_interfaces/cmake/student_interfaces__rosidl_typesupport_introspection_cExport-noconfig.cmake\n'}
[1.363616] (student_interfaces) StdoutLine: {'line': b'-- Up-to-date: /home/huangbo/ros2_learn/tongxun_learn/install/student_interfaces/share/student_interfaces/cmake/student_interfaces__rosidl_typesupport_cExport.cmake\n'}
[1.363729] (student_interfaces) StdoutLine: {'line': b'-- Up-to-date: /home/huangbo/ros2_learn/tongxun_learn/install/student_interfaces/share/student_interfaces/cmake/student_interfaces__rosidl_typesupport_cExport-noconfig.cmake\n'}
[1.363867] (student_interfaces) StdoutLine: {'line': b'-- Up-to-date: /home/huangbo/ros2_learn/tongxun_learn/install/student_interfaces/share/student_interfaces/cmake/export_student_interfaces__rosidl_generator_cppExport.cmake\n'}
[1.363997] (student_interfaces) StdoutLine: {'line': b'-- Up-to-date: /home/huangbo/ros2_learn/tongxun_learn/install/student_interfaces/share/student_interfaces/cmake/export_student_interfaces__rosidl_typesupport_fastrtps_cppExport.cmake\n'}
[1.368485] (student_interfaces) StdoutLine: {'line': b'-- Up-to-date: /home/huangbo/ros2_learn/tongxun_learn/install/student_interfaces/share/student_interfaces/cmake/export_student_interfaces__rosidl_typesupport_fastrtps_cppExport-noconfig.cmake\n'}
[1.368686] (student_interfaces) StdoutLine: {'line': b'-- Up-to-date: /home/huangbo/ros2_learn/tongxun_learn/install/student_interfaces/share/student_interfaces/cmake/student_interfaces__rosidl_typesupport_introspection_cppExport.cmake\n'}
[1.368816] (student_interfaces) StdoutLine: {'line': b'-- Up-to-date: /home/huangbo/ros2_learn/tongxun_learn/install/student_interfaces/share/student_interfaces/cmake/student_interfaces__rosidl_typesupport_introspection_cppExport-noconfig.cmake\n'}
[1.368931] (student_interfaces) StdoutLine: {'line': b'-- Up-to-date: /home/huangbo/ros2_learn/tongxun_learn/install/student_interfaces/share/student_interfaces/cmake/student_interfaces__rosidl_typesupport_cppExport.cmake\n'}
[1.369116] (student_interfaces) StdoutLine: {'line': b'-- Up-to-date: /home/huangbo/ros2_learn/tongxun_learn/install/student_interfaces/share/student_interfaces/cmake/student_interfaces__rosidl_typesupport_cppExport-noconfig.cmake\n'}
[1.369216] (student_interfaces) StdoutLine: {'line': b'-- Up-to-date: /home/huangbo/ros2_learn/tongxun_learn/install/student_interfaces/share/student_interfaces/cmake/export_student_interfaces__rosidl_generator_pyExport.cmake\n'}
[1.369288] (student_interfaces) StdoutLine: {'line': b'-- Up-to-date: /home/huangbo/ros2_learn/tongxun_learn/install/student_interfaces/share/student_interfaces/cmake/export_student_interfaces__rosidl_generator_pyExport-noconfig.cmake\n'}
[1.369395] (student_interfaces) StdoutLine: {'line': b'-- Up-to-date: /home/huangbo/ros2_learn/tongxun_learn/install/student_interfaces/share/student_interfaces/cmake/rosidl_cmake-extras.cmake\n'}
[1.369503] (student_interfaces) StdoutLine: {'line': b'-- Up-to-date: /home/huangbo/ros2_learn/tongxun_learn/install/student_interfaces/share/student_interfaces/cmake/ament_cmake_export_dependencies-extras.cmake\n'}
[1.369617] (student_interfaces) StdoutLine: {'line': b'-- Up-to-date: /home/huangbo/ros2_learn/tongxun_learn/install/student_interfaces/share/student_interfaces/cmake/ament_cmake_export_include_directories-extras.cmake\n'}
[1.369688] (student_interfaces) StdoutLine: {'line': b'-- Up-to-date: /home/huangbo/ros2_learn/tongxun_learn/install/student_interfaces/share/student_interfaces/cmake/ament_cmake_export_libraries-extras.cmake\n'}
[1.369755] (student_interfaces) StdoutLine: {'line': b'-- Up-to-date: /home/huangbo/ros2_learn/tongxun_learn/install/student_interfaces/share/student_interfaces/cmake/ament_cmake_export_targets-extras.cmake\n'}
[1.369858] (student_interfaces) StdoutLine: {'line': b'-- Up-to-date: /home/huangbo/ros2_learn/tongxun_learn/install/student_interfaces/share/student_interfaces/cmake/rosidl_cmake_export_typesupport_targets-extras.cmake\n'}
[1.369961] (student_interfaces) StdoutLine: {'line': b'-- Up-to-date: /home/huangbo/ros2_learn/tongxun_learn/install/student_interfaces/share/student_interfaces/cmake/rosidl_cmake_export_typesupport_libraries-extras.cmake\n'}
[1.374377] (student_interfaces) StdoutLine: {'line': b'-- Up-to-date: /home/huangbo/ros2_learn/tongxun_learn/install/student_interfaces/share/student_interfaces/cmake/rosidl_cmake_aggregate_target-extras.cmake\n'}
[1.374635] (student_interfaces) StdoutLine: {'line': b'-- Up-to-date: /home/huangbo/ros2_learn/tongxun_learn/install/student_interfaces/share/student_interfaces/cmake/student_interfacesConfig.cmake\n'}
[1.374793] (student_interfaces) StdoutLine: {'line': b'-- Up-to-date: /home/huangbo/ros2_learn/tongxun_learn/install/student_interfaces/share/student_interfaces/cmake/student_interfacesConfig-version.cmake\n'}
[1.374910] (student_interfaces) StdoutLine: {'line': b'-- Up-to-date: /home/huangbo/ros2_learn/tongxun_learn/install/student_interfaces/share/student_interfaces/package.xml\n'}
[1.378408] (student_interfaces) CommandEnded: {'returncode': 0}
[1.423139] (-) TimerEvent: {}
[1.523823] (-) TimerEvent: {}
[1.546364] (student_interfaces) JobEnded: {'identifier': 'student_interfaces', 'rc': 0}
[1.550824] (py02_service) JobStarted: {'identifier': 'py02_service'}
[1.624472] (-) TimerEvent: {}
[1.725763] (-) TimerEvent: {}
[1.829905] (-) TimerEvent: {}
[1.931297] (-) TimerEvent: {}
[1.978293] (base_tongxun_s) Command: {'cmd': ['/usr/bin/python3', '-W', 'ignore:setup.py install is deprecated', '-W', 'ignore:easy_install command is deprecated', 'setup.py', 'egg_info', '--egg-base', '../../build/base_tongxun_s', 'build', '--build-base', '/home/huangbo/ros2_learn/tongxun_learn/build/base_tongxun_s/build', 'install', '--record', '/home/huangbo/ros2_learn/tongxun_learn/build/base_tongxun_s/install.log', '--install-scripts', '$base/lib/base_tongxun_s', '--single-version-externally-managed', 'install_data'], 'cwd': '/home/huangbo/ros2_learn/tongxun_learn/src/base_tongxun_s', 'env': OrderedDict({'LESSOPEN': '| /usr/bin/lesspipe %s', 'USER': 'huangbo', 'XDG_SESSION_TYPE': 'wayland', 'SHLVL': '1', 'LD_LIBRARY_PATH': '/opt/ros/jazzy/opt/rviz_ogre_vendor/lib:/opt/ros/jazzy/lib/x86_64-linux-gnu:/opt/ros/jazzy/opt/gz_math_vendor/lib:/opt/ros/jazzy/opt/gz_utils_vendor/lib:/opt/ros/jazzy/opt/gz_cmake_vendor/lib:/opt/ros/jazzy/lib', 'HOME': '/home/huangbo', 'DESKTOP_SESSION': 'ubuntu', 'ROS_PYTHON_VERSION': '3', 'GNOME_SHELL_SESSION_MODE': 'ubuntu', 'GTK_MODULES': 'gail:atk-bridge', 'DBUS_STARTER_BUS_TYPE': 'session', 'SYSTEMD_EXEC_PID': '2461', 'GSM_SKIP_SSH_AGENT_WORKAROUND': 'true', 'DBUS_SESSION_BUS_ADDRESS': 'unix:path=/run/user/1000/bus,guid=e13f3bf79aff23d7d31cac896ab3658b', 'COLORTERM': 'truecolor', 'DEBUGINFOD_URLS': 'https://debuginfod.ubuntu.com', 'IM_CONFIG_PHASE': '1', 'WAYLAND_DISPLAY': 'wayland-0', 'ROS_DISTRO': 'jazzy', 'LOGNAME': 'huangbo', '_': '/usr/bin/colcon', 'ROS_VERSION': '2', 'MEMORY_PRESSURE_WATCH': '/sys/fs/cgroup/user.slice/user-1000.slice/user@1000.service/app.slice/app-gnome\\x2dsession\\x2dmanager.slice/gnome-session-manager@ubuntu.service/memory.pressure', 'XDG_SESSION_CLASS': 'user', 'USERNAME': 'huangbo', 'TERM': 'xterm-256color', 'GNOME_DESKTOP_SESSION_ID': 'this-is-deprecated', 'PATH': '/opt/ros/jazzy/bin:/usr/local/sbin:/usr/local/bin:/usr/sbin:/usr/bin:/sbin:/bin:/usr/games:/usr/local/games:/snap/bin:/snap/bin', 'SESSION_MANAGER': 'local/huangbo-VMware-Virtual-Platform:@/tmp/.ICE-unix/2461,unix/huangbo-VMware-Virtual-Platform:/tmp/.ICE-unix/2461', 'XDG_MENU_PREFIX': 'gnome-', 'GNOME_TERMINAL_SCREEN': '/org/gnome/Terminal/screen/1fa247de_127f_4388_b4f5_14809bea7052', 'GNOME_SETUP_DISPLAY': ':1', 'XDG_RUNTIME_DIR': '/run/user/1000', 'DISPLAY': ':0', 'LANG': 'zh_CN.UTF-8', 'XDG_CURRENT_DESKTOP': 'ubuntu:GNOME', 'XMODIFIERS': '@im=ibus', 'XDG_SESSION_DESKTOP': 'ubuntu', 'XAUTHORITY': '/run/user/1000/.mutter-Xwaylandauth.LF85V3', 'LS_COLORS': 'rs=0:di=01;34:ln=01;36:mh=00:pi=40;33:so=01;35:do=01;35:bd=40;33;01:cd=40;33;01:or=40;31;01:mi=00:su=37;41:sg=30;43:ca=00:tw=30;42:ow=34;42:st=37;44:ex=01;32:*.tar=01;31:*.tgz=01;31:*.arc=01;31:*.arj=01;31:*.taz=01;31:*.lha=01;31:*.lz4=01;31:*.lzh=01;31:*.lzma=01;31:*.tlz=01;31:*.txz=01;31:*.tzo=01;31:*.t7z=01;31:*.zip=01;31:*.z=01;31:*.dz=01;31:*.gz=01;31:*.lrz=01;31:*.lz=01;31:*.lzo=01;31:*.xz=01;31:*.zst=01;31:*.tzst=01;31:*.bz2=01;31:*.bz=01;31:*.tbz=01;31:*.tbz2=01;31:*.tz=01;31:*.deb=01;31:*.rpm=01;31:*.jar=01;31:*.war=01;31:*.ear=01;31:*.sar=01;31:*.rar=01;31:*.alz=01;31:*.ace=01;31:*.zoo=01;31:*.cpio=01;31:*.7z=01;31:*.rz=01;31:*.cab=01;31:*.wim=01;31:*.swm=01;31:*.dwm=01;31:*.esd=01;31:*.avif=01;35:*.jpg=01;35:*.jpeg=01;35:*.mjpg=01;35:*.mjpeg=01;35:*.gif=01;35:*.bmp=01;35:*.pbm=01;35:*.pgm=01;35:*.ppm=01;35:*.tga=01;35:*.xbm=01;35:*.xpm=01;35:*.tif=01;35:*.tiff=01;35:*.png=01;35:*.svg=01;35:*.svgz=01;35:*.mng=01;35:*.pcx=01;35:*.mov=01;35:*.mpg=01;35:*.mpeg=01;35:*.m2v=01;35:*.mkv=01;35:*.webm=01;35:*.webp=01;35:*.ogm=01;35:*.mp4=01;35:*.m4v=01;35:*.mp4v=01;35:*.vob=01;35:*.qt=01;35:*.nuv=01;35:*.wmv=01;35:*.asf=01;35:*.rm=01;35:*.rmvb=01;35:*.flc=01;35:*.avi=01;35:*.fli=01;35:*.flv=01;35:*.gl=01;35:*.dl=01;35:*.xcf=01;35:*.xwd=01;35:*.yuv=01;35:*.cgm=01;35:*.emf=01;35:*.ogv=01;35:*.ogx=01;35:*.aac=00;36:*.au=00;36:*.flac=00;36:*.m4a=00;36:*.mid=00;36:*.midi=00;36:*.mka=00;36:*.mp3=00;36:*.mpc=00;36:*.ogg=00;36:*.ra=00;36:*.wav=00;36:*.oga=00;36:*.opus=00;36:*.spx=00;36:*.xspf=00;36:*~=00;90:*#=00;90:*.bak=00;90:*.crdownload=00;90:*.dpkg-dist=00;90:*.dpkg-new=00;90:*.dpkg-old=00;90:*.dpkg-tmp=00;90:*.old=00;90:*.orig=00;90:*.part=00;90:*.rej=00;90:*.rpmnew=00;90:*.rpmorig=00;90:*.rpmsave=00;90:*.swp=00;90:*.tmp=00;90:*.ucf-dist=00;90:*.ucf-new=00;90:*.ucf-old=00;90:', 'GNOME_TERMINAL_SERVICE': ':1.197', 'SSH_AUTH_SOCK': '/run/user/1000/keyring/ssh', 'AMENT_PREFIX_PATH': '/opt/ros/jazzy', 'SHELL': '/bin/bash', 'QT_ACCESSIBILITY': '1', 'GDMSESSION': 'ubuntu', 'LESSCLOSE': '/usr/bin/lesspipe %s %s', 'ROS_AUTOMATIC_DISCOVERY_RANGE': 'SUBNET', 'QT_IM_MODULE': 'ibus', 'PWD': '/home/huangbo/ros2_learn/tongxun_learn/build/base_tongxun_s', 'XDG_CONFIG_DIRS': '/etc/xdg/xdg-ubuntu:/etc/xdg', 'DBUS_STARTER_ADDRESS': 'unix:path=/run/user/1000/bus,guid=e13f3bf79aff23d7d31cac896ab3658b', 'XDG_DATA_DIRS': '/usr/share/ubuntu:/usr/share/gnome:/usr/local/share/:/usr/share/:/var/lib/snapd/desktop', 'QTWEBENGINE_DICTIONARIES_PATH': '/usr/share/hunspell-bdic/', 'PYTHONPATH': '/home/huangbo/ros2_learn/tongxun_learn/build/base_tongxun_s/prefix_override:/usr/lib/python3/dist-packages/colcon_core/task/python/colcon_distutils_commands:/home/huangbo/ros2_learn/tongxun_learn/install/base_tongxun_s/lib/python3.12/site-packages:/opt/ros/jazzy/opt/gz_math_vendor/lib/python:/opt/ros/jazzy/lib/python3.12/site-packages', 'COLCON': '1', 'MEMORY_PRESSURE_WRITE': 'c29tZSAyMDAwMDAgMjAwMDAwMAA=', 'VTE_VERSION': '7600', 'CMAKE_PREFIX_PATH': '/opt/ros/jazzy/opt/gz_math_vendor:/opt/ros/jazzy/opt/gz_utils_vendor:/opt/ros/jazzy/opt/gz_cmake_vendor'}), 'shell': False}
[2.031521] (-) TimerEvent: {}
[2.132820] (-) TimerEvent: {}
[2.245170] (-) TimerEvent: {}
[2.346355] (-) TimerEvent: {}
[2.439933] (base_tongxun_s) StdoutLine: {'line': b'running egg_info\n'}
[2.446696] (-) TimerEvent: {}
[2.463956] (base_tongxun_s) StdoutLine: {'line': b'writing ../../build/base_tongxun_s/base_tongxun_s.egg-info/PKG-INFO\n'}
[2.464938] (base_tongxun_s) StdoutLine: {'line': b'writing dependency_links to ../../build/base_tongxun_s/base_tongxun_s.egg-info/dependency_links.txt\n'}
[2.466106] (base_tongxun_s) StdoutLine: {'line': b'writing requirements to ../../build/base_tongxun_s/base_tongxun_s.egg-info/requires.txt\n'}
[2.468442] (base_tongxun_s) StdoutLine: {'line': b'writing top-level names to ../../build/base_tongxun_s/base_tongxun_s.egg-info/top_level.txt\n'}
[2.534376] (base_tongxun_s) StdoutLine: {'line': b"reading manifest file '../../build/base_tongxun_s/base_tongxun_s.egg-info/SOURCES.txt'\n"}
[2.535996] (base_tongxun_s) StdoutLine: {'line': b"writing manifest file '../../build/base_tongxun_s/base_tongxun_s.egg-info/SOURCES.txt'\n"}
[2.538946] (base_tongxun_s) StdoutLine: {'line': b'running build\n'}
[2.539963] (base_tongxun_s) StdoutLine: {'line': b'running build_py\n'}
[2.540757] (base_tongxun_s) StdoutLine: {'line': b'running install\n'}
[2.545973] (base_tongxun_s) StdoutLine: {'line': b'running install_lib\n'}
[2.547410] (-) TimerEvent: {}
[2.582729] (base_tongxun_s) StdoutLine: {'line': b'running install_data\n'}
[2.586116] (base_tongxun_s) StdoutLine: {'line': b'running install_egg_info\n'}
[2.618261] (base_tongxun_s) StdoutLine: {'line': b"removing '/home/huangbo/ros2_learn/tongxun_learn/install/base_tongxun_s/lib/python3.12/site-packages/base_tongxun_s-0.0.0-py3.12.egg-info' (and everything under it)\n"}
[2.625457] (base_tongxun_s) StdoutLine: {'line': b'Copying ../../build/base_tongxun_s/base_tongxun_s.egg-info to /home/huangbo/ros2_learn/tongxun_learn/install/base_tongxun_s/lib/python3.12/site-packages/base_tongxun_s-0.0.0-py3.12.egg-info\n'}
[2.627761] (base_tongxun_s) StdoutLine: {'line': b'running install_scripts\n'}
[2.648148] (-) TimerEvent: {}
[2.748928] (-) TimerEvent: {}
[2.803282] (base_tongxun_s) StdoutLine: {'line': b"writing list of installed files to '/home/huangbo/ros2_learn/tongxun_learn/build/base_tongxun_s/install.log'\n"}
[2.842626] (base_tongxun_s) CommandEnded: {'returncode': 0}
[2.849479] (-) TimerEvent: {}
[2.859475] (base_tongxun_s) JobEnded: {'identifier': 'base_tongxun_s', 'rc': 0}
[2.861589] (py02_service_my) JobStarted: {'identifier': 'py02_service_my'}
[2.949635] (-) TimerEvent: {}
[3.052729] (-) TimerEvent: {}
[3.154088] (-) TimerEvent: {}
[3.222250] (py02_service) Command: {'cmd': ['/usr/bin/python3', '-W', 'ignore:setup.py install is deprecated', '-W', 'ignore:easy_install command is deprecated', 'setup.py', 'egg_info', '--egg-base', '../../build/py02_service', 'build', '--build-base', '/home/huangbo/ros2_learn/tongxun_learn/build/py02_service/build', 'install', '--record', '/home/huangbo/ros2_learn/tongxun_learn/build/py02_service/install.log', '--install-scripts', '$base/lib/py02_service', '--single-version-externally-managed', 'install_data'], 'cwd': '/home/huangbo/ros2_learn/tongxun_learn/src/py02_service', 'env': OrderedDict({'LESSOPEN': '| /usr/bin/lesspipe %s', 'USER': 'huangbo', 'XDG_SESSION_TYPE': 'wayland', 'SHLVL': '1', 'LD_LIBRARY_PATH': '/opt/ros/jazzy/opt/rviz_ogre_vendor/lib:/opt/ros/jazzy/lib/x86_64-linux-gnu:/opt/ros/jazzy/opt/gz_math_vendor/lib:/opt/ros/jazzy/opt/gz_utils_vendor/lib:/opt/ros/jazzy/opt/gz_cmake_vendor/lib:/opt/ros/jazzy/lib', 'HOME': '/home/huangbo', 'DESKTOP_SESSION': 'ubuntu', 'ROS_PYTHON_VERSION': '3', 'GNOME_SHELL_SESSION_MODE': 'ubuntu', 'GTK_MODULES': 'gail:atk-bridge', 'DBUS_STARTER_BUS_TYPE': 'session', 'SYSTEMD_EXEC_PID': '2461', 'GSM_SKIP_SSH_AGENT_WORKAROUND': 'true', 'DBUS_SESSION_BUS_ADDRESS': 'unix:path=/run/user/1000/bus,guid=e13f3bf79aff23d7d31cac896ab3658b', 'COLORTERM': 'truecolor', 'DEBUGINFOD_URLS': 'https://debuginfod.ubuntu.com', 'IM_CONFIG_PHASE': '1', 'WAYLAND_DISPLAY': 'wayland-0', 'ROS_DISTRO': 'jazzy', 'LOGNAME': 'huangbo', '_': '/usr/bin/colcon', 'ROS_VERSION': '2', 'MEMORY_PRESSURE_WATCH': '/sys/fs/cgroup/user.slice/user-1000.slice/user@1000.service/app.slice/app-gnome\\x2dsession\\x2dmanager.slice/gnome-session-manager@ubuntu.service/memory.pressure', 'XDG_SESSION_CLASS': 'user', 'USERNAME': 'huangbo', 'TERM': 'xterm-256color', 'GNOME_DESKTOP_SESSION_ID': 'this-is-deprecated', 'PATH': '/opt/ros/jazzy/bin:/usr/local/sbin:/usr/local/bin:/usr/sbin:/usr/bin:/sbin:/bin:/usr/games:/usr/local/games:/snap/bin:/snap/bin', 'SESSION_MANAGER': 'local/huangbo-VMware-Virtual-Platform:@/tmp/.ICE-unix/2461,unix/huangbo-VMware-Virtual-Platform:/tmp/.ICE-unix/2461', 'XDG_MENU_PREFIX': 'gnome-', 'GNOME_TERMINAL_SCREEN': '/org/gnome/Terminal/screen/1fa247de_127f_4388_b4f5_14809bea7052', 'GNOME_SETUP_DISPLAY': ':1', 'XDG_RUNTIME_DIR': '/run/user/1000', 'DISPLAY': ':0', 'LANG': 'zh_CN.UTF-8', 'XDG_CURRENT_DESKTOP': 'ubuntu:GNOME', 'XMODIFIERS': '@im=ibus', 'XDG_SESSION_DESKTOP': 'ubuntu', 'XAUTHORITY': '/run/user/1000/.mutter-Xwaylandauth.LF85V3', 'LS_COLORS': 'rs=0:di=01;34:ln=01;36:mh=00:pi=40;33:so=01;35:do=01;35:bd=40;33;01:cd=40;33;01:or=40;31;01:mi=00:su=37;41:sg=30;43:ca=00:tw=30;42:ow=34;42:st=37;44:ex=01;32:*.tar=01;31:*.tgz=01;31:*.arc=01;31:*.arj=01;31:*.taz=01;31:*.lha=01;31:*.lz4=01;31:*.lzh=01;31:*.lzma=01;31:*.tlz=01;31:*.txz=01;31:*.tzo=01;31:*.t7z=01;31:*.zip=01;31:*.z=01;31:*.dz=01;31:*.gz=01;31:*.lrz=01;31:*.lz=01;31:*.lzo=01;31:*.xz=01;31:*.zst=01;31:*.tzst=01;31:*.bz2=01;31:*.bz=01;31:*.tbz=01;31:*.tbz2=01;31:*.tz=01;31:*.deb=01;31:*.rpm=01;31:*.jar=01;31:*.war=01;31:*.ear=01;31:*.sar=01;31:*.rar=01;31:*.alz=01;31:*.ace=01;31:*.zoo=01;31:*.cpio=01;31:*.7z=01;31:*.rz=01;31:*.cab=01;31:*.wim=01;31:*.swm=01;31:*.dwm=01;31:*.esd=01;31:*.avif=01;35:*.jpg=01;35:*.jpeg=01;35:*.mjpg=01;35:*.mjpeg=01;35:*.gif=01;35:*.bmp=01;35:*.pbm=01;35:*.pgm=01;35:*.ppm=01;35:*.tga=01;35:*.xbm=01;35:*.xpm=01;35:*.tif=01;35:*.tiff=01;35:*.png=01;35:*.svg=01;35:*.svgz=01;35:*.mng=01;35:*.pcx=01;35:*.mov=01;35:*.mpg=01;35:*.mpeg=01;35:*.m2v=01;35:*.mkv=01;35:*.webm=01;35:*.webp=01;35:*.ogm=01;35:*.mp4=01;35:*.m4v=01;35:*.mp4v=01;35:*.vob=01;35:*.qt=01;35:*.nuv=01;35:*.wmv=01;35:*.asf=01;35:*.rm=01;35:*.rmvb=01;35:*.flc=01;35:*.avi=01;35:*.fli=01;35:*.flv=01;35:*.gl=01;35:*.dl=01;35:*.xcf=01;35:*.xwd=01;35:*.yuv=01;35:*.cgm=01;35:*.emf=01;35:*.ogv=01;35:*.ogx=01;35:*.aac=00;36:*.au=00;36:*.flac=00;36:*.m4a=00;36:*.mid=00;36:*.midi=00;36:*.mka=00;36:*.mp3=00;36:*.mpc=00;36:*.ogg=00;36:*.ra=00;36:*.wav=00;36:*.oga=00;36:*.opus=00;36:*.spx=00;36:*.xspf=00;36:*~=00;90:*#=00;90:*.bak=00;90:*.crdownload=00;90:*.dpkg-dist=00;90:*.dpkg-new=00;90:*.dpkg-old=00;90:*.dpkg-tmp=00;90:*.old=00;90:*.orig=00;90:*.part=00;90:*.rej=00;90:*.rpmnew=00;90:*.rpmorig=00;90:*.rpmsave=00;90:*.swp=00;90:*.tmp=00;90:*.ucf-dist=00;90:*.ucf-new=00;90:*.ucf-old=00;90:', 'GNOME_TERMINAL_SERVICE': ':1.197', 'SSH_AUTH_SOCK': '/run/user/1000/keyring/ssh', 'AMENT_PREFIX_PATH': '/opt/ros/jazzy', 'SHELL': '/bin/bash', 'QT_ACCESSIBILITY': '1', 'GDMSESSION': 'ubuntu', 'LESSCLOSE': '/usr/bin/lesspipe %s %s', 'ROS_AUTOMATIC_DISCOVERY_RANGE': 'SUBNET', 'QT_IM_MODULE': 'ibus', 'PWD': '/home/huangbo/ros2_learn/tongxun_learn/build/py02_service', 'XDG_CONFIG_DIRS': '/etc/xdg/xdg-ubuntu:/etc/xdg', 'DBUS_STARTER_ADDRESS': 'unix:path=/run/user/1000/bus,guid=e13f3bf79aff23d7d31cac896ab3658b', 'XDG_DATA_DIRS': '/usr/share/ubuntu:/usr/share/gnome:/usr/local/share/:/usr/share/:/var/lib/snapd/desktop', 'QTWEBENGINE_DICTIONARIES_PATH': '/usr/share/hunspell-bdic/', 'PYTHONPATH': '/home/huangbo/ros2_learn/tongxun_learn/build/py02_service/prefix_override:/usr/lib/python3/dist-packages/colcon_core/task/python/colcon_distutils_commands:/home/huangbo/ros2_learn/tongxun_learn/install/py02_service/lib/python3.12/site-packages:/opt/ros/jazzy/opt/gz_math_vendor/lib/python:/opt/ros/jazzy/lib/python3.12/site-packages', 'COLCON': '1', 'MEMORY_PRESSURE_WRITE': 'c29tZSAyMDAwMDAgMjAwMDAwMAA=', 'VTE_VERSION': '7600', 'CMAKE_PREFIX_PATH': '/opt/ros/jazzy/opt/gz_math_vendor:/opt/ros/jazzy/opt/gz_utils_vendor:/opt/ros/jazzy/opt/gz_cmake_vendor'}), 'shell': False}
[3.255367] (-) TimerEvent: {}
[3.355909] (-) TimerEvent: {}
[3.456606] (-) TimerEvent: {}
[3.557654] (-) TimerEvent: {}
[3.626961] (py02_service) StdoutLine: {'line': b'running egg_info\n'}
[3.658753] (py02_service) StdoutLine: {'line': b'writing ../../build/py02_service/py02_service.egg-info/PKG-INFO\n'}
[3.661110] (-) TimerEvent: {}
[3.662450] (py02_service) StdoutLine: {'line': b'writing dependency_links to ../../build/py02_service/py02_service.egg-info/dependency_links.txt\n'}
[3.665633] (py02_service) StdoutLine: {'line': b'writing entry points to ../../build/py02_service/py02_service.egg-info/entry_points.txt\n'}
[3.667162] (py02_service) StdoutLine: {'line': b'writing requirements to ../../build/py02_service/py02_service.egg-info/requires.txt\n'}
[3.669132] (py02_service) StdoutLine: {'line': b'writing top-level names to ../../build/py02_service/py02_service.egg-info/top_level.txt\n'}
[3.720077] (py02_service) StdoutLine: {'line': b"reading manifest file '../../build/py02_service/py02_service.egg-info/SOURCES.txt'\n"}
[3.722346] (py02_service) StdoutLine: {'line': b"writing manifest file '../../build/py02_service/py02_service.egg-info/SOURCES.txt'\n"}
[3.723962] (py02_service) StdoutLine: {'line': b'running build\n'}
[3.725458] (py02_service) StdoutLine: {'line': b'running build_py\n'}
[3.727716] (py02_service) StdoutLine: {'line': b'running install\n'}
[3.733501] (py02_service) StdoutLine: {'line': b'running install_lib\n'}
[3.756676] (py02_service) StdoutLine: {'line': b'running install_data\n'}
[3.757939] (py02_service) StdoutLine: {'line': b'running install_egg_info\n'}
[3.761448] (-) TimerEvent: {}
[3.781712] (py02_service) StdoutLine: {'line': b"removing '/home/huangbo/ros2_learn/tongxun_learn/install/py02_service/lib/python3.12/site-packages/py02_service-0.0.0-py3.12.egg-info' (and everything under it)\n"}
[3.799420] (py02_service) StdoutLine: {'line': b'Copying ../../build/py02_service/py02_service.egg-info to /home/huangbo/ros2_learn/tongxun_learn/install/py02_service/lib/python3.12/site-packages/py02_service-0.0.0-py3.12.egg-info\n'}
[3.819188] (py02_service) StdoutLine: {'line': b'running install_scripts\n'}
[3.862200] (-) TimerEvent: {}
[3.965053] (-) TimerEvent: {}
[4.024810] (py02_service) StdoutLine: {'line': b'Installing demo01_server_py script to /home/huangbo/ros2_learn/tongxun_learn/install/py02_service/lib/py02_service\n'}
[4.026620] (py02_service) StdoutLine: {'line': b'Installing demo02_client_py script to /home/huangbo/ros2_learn/tongxun_learn/install/py02_service/lib/py02_service\n'}
[4.028149] (py02_service) StdoutLine: {'line': b"writing list of installed files to '/home/huangbo/ros2_learn/tongxun_learn/build/py02_service/install.log'\n"}
[4.047214] (py02_service_my) Command: {'cmd': ['/usr/bin/python3', '-W', 'ignore:setup.py install is deprecated', '-W', 'ignore:easy_install command is deprecated', 'setup.py', 'egg_info', '--egg-base', '../../build/py02_service_my', 'build', '--build-base', '/home/huangbo/ros2_learn/tongxun_learn/build/py02_service_my/build', 'install', '--record', '/home/huangbo/ros2_learn/tongxun_learn/build/py02_service_my/install.log', '--install-scripts', '$base/lib/py02_service_my', '--single-version-externally-managed', 'install_data'], 'cwd': '/home/huangbo/ros2_learn/tongxun_learn/src/py02_service_my', 'env': OrderedDict({'LESSOPEN': '| /usr/bin/lesspipe %s', 'USER': 'huangbo', 'XDG_SESSION_TYPE': 'wayland', 'SHLVL': '1', 'LD_LIBRARY_PATH': '/opt/ros/jazzy/opt/rviz_ogre_vendor/lib:/opt/ros/jazzy/lib/x86_64-linux-gnu:/opt/ros/jazzy/opt/gz_math_vendor/lib:/opt/ros/jazzy/opt/gz_utils_vendor/lib:/opt/ros/jazzy/opt/gz_cmake_vendor/lib:/opt/ros/jazzy/lib', 'HOME': '/home/huangbo', 'DESKTOP_SESSION': 'ubuntu', 'ROS_PYTHON_VERSION': '3', 'GNOME_SHELL_SESSION_MODE': 'ubuntu', 'GTK_MODULES': 'gail:atk-bridge', 'DBUS_STARTER_BUS_TYPE': 'session', 'SYSTEMD_EXEC_PID': '2461', 'GSM_SKIP_SSH_AGENT_WORKAROUND': 'true', 'DBUS_SESSION_BUS_ADDRESS': 'unix:path=/run/user/1000/bus,guid=e13f3bf79aff23d7d31cac896ab3658b', 'COLORTERM': 'truecolor', 'DEBUGINFOD_URLS': 'https://debuginfod.ubuntu.com', 'IM_CONFIG_PHASE': '1', 'WAYLAND_DISPLAY': 'wayland-0', 'ROS_DISTRO': 'jazzy', 'LOGNAME': 'huangbo', '_': '/usr/bin/colcon', 'ROS_VERSION': '2', 'MEMORY_PRESSURE_WATCH': '/sys/fs/cgroup/user.slice/user-1000.slice/user@1000.service/app.slice/app-gnome\\x2dsession\\x2dmanager.slice/gnome-session-manager@ubuntu.service/memory.pressure', 'XDG_SESSION_CLASS': 'user', 'USERNAME': 'huangbo', 'TERM': 'xterm-256color', 'GNOME_DESKTOP_SESSION_ID': 'this-is-deprecated', 'PATH': '/opt/ros/jazzy/bin:/usr/local/sbin:/usr/local/bin:/usr/sbin:/usr/bin:/sbin:/bin:/usr/games:/usr/local/games:/snap/bin:/snap/bin', 'SESSION_MANAGER': 'local/huangbo-VMware-Virtual-Platform:@/tmp/.ICE-unix/2461,unix/huangbo-VMware-Virtual-Platform:/tmp/.ICE-unix/2461', 'XDG_MENU_PREFIX': 'gnome-', 'GNOME_TERMINAL_SCREEN': '/org/gnome/Terminal/screen/1fa247de_127f_4388_b4f5_14809bea7052', 'GNOME_SETUP_DISPLAY': ':1', 'XDG_RUNTIME_DIR': '/run/user/1000', 'DISPLAY': ':0', 'LANG': 'zh_CN.UTF-8', 'XDG_CURRENT_DESKTOP': 'ubuntu:GNOME', 'XMODIFIERS': '@im=ibus', 'XDG_SESSION_DESKTOP': 'ubuntu', 'XAUTHORITY': '/run/user/1000/.mutter-Xwaylandauth.LF85V3', 'LS_COLORS': 'rs=0:di=01;34:ln=01;36:mh=00:pi=40;33:so=01;35:do=01;35:bd=40;33;01:cd=40;33;01:or=40;31;01:mi=00:su=37;41:sg=30;43:ca=00:tw=30;42:ow=34;42:st=37;44:ex=01;32:*.tar=01;31:*.tgz=01;31:*.arc=01;31:*.arj=01;31:*.taz=01;31:*.lha=01;31:*.lz4=01;31:*.lzh=01;31:*.lzma=01;31:*.tlz=01;31:*.txz=01;31:*.tzo=01;31:*.t7z=01;31:*.zip=01;31:*.z=01;31:*.dz=01;31:*.gz=01;31:*.lrz=01;31:*.lz=01;31:*.lzo=01;31:*.xz=01;31:*.zst=01;31:*.tzst=01;31:*.bz2=01;31:*.bz=01;31:*.tbz=01;31:*.tbz2=01;31:*.tz=01;31:*.deb=01;31:*.rpm=01;31:*.jar=01;31:*.war=01;31:*.ear=01;31:*.sar=01;31:*.rar=01;31:*.alz=01;31:*.ace=01;31:*.zoo=01;31:*.cpio=01;31:*.7z=01;31:*.rz=01;31:*.cab=01;31:*.wim=01;31:*.swm=01;31:*.dwm=01;31:*.esd=01;31:*.avif=01;35:*.jpg=01;35:*.jpeg=01;35:*.mjpg=01;35:*.mjpeg=01;35:*.gif=01;35:*.bmp=01;35:*.pbm=01;35:*.pgm=01;35:*.ppm=01;35:*.tga=01;35:*.xbm=01;35:*.xpm=01;35:*.tif=01;35:*.tiff=01;35:*.png=01;35:*.svg=01;35:*.svgz=01;35:*.mng=01;35:*.pcx=01;35:*.mov=01;35:*.mpg=01;35:*.mpeg=01;35:*.m2v=01;35:*.mkv=01;35:*.webm=01;35:*.webp=01;35:*.ogm=01;35:*.mp4=01;35:*.m4v=01;35:*.mp4v=01;35:*.vob=01;35:*.qt=01;35:*.nuv=01;35:*.wmv=01;35:*.asf=01;35:*.rm=01;35:*.rmvb=01;35:*.flc=01;35:*.avi=01;35:*.fli=01;35:*.flv=01;35:*.gl=01;35:*.dl=01;35:*.xcf=01;35:*.xwd=01;35:*.yuv=01;35:*.cgm=01;35:*.emf=01;35:*.ogv=01;35:*.ogx=01;35:*.aac=00;36:*.au=00;36:*.flac=00;36:*.m4a=00;36:*.mid=00;36:*.midi=00;36:*.mka=00;36:*.mp3=00;36:*.mpc=00;36:*.ogg=00;36:*.ra=00;36:*.wav=00;36:*.oga=00;36:*.opus=00;36:*.spx=00;36:*.xspf=00;36:*~=00;90:*#=00;90:*.bak=00;90:*.crdownload=00;90:*.dpkg-dist=00;90:*.dpkg-new=00;90:*.dpkg-old=00;90:*.dpkg-tmp=00;90:*.old=00;90:*.orig=00;90:*.part=00;90:*.rej=00;90:*.rpmnew=00;90:*.rpmorig=00;90:*.rpmsave=00;90:*.swp=00;90:*.tmp=00;90:*.ucf-dist=00;90:*.ucf-new=00;90:*.ucf-old=00;90:', 'GNOME_TERMINAL_SERVICE': ':1.197', 'SSH_AUTH_SOCK': '/run/user/1000/keyring/ssh', 'AMENT_PREFIX_PATH': '/opt/ros/jazzy', 'SHELL': '/bin/bash', 'QT_ACCESSIBILITY': '1', 'GDMSESSION': 'ubuntu', 'LESSCLOSE': '/usr/bin/lesspipe %s %s', 'ROS_AUTOMATIC_DISCOVERY_RANGE': 'SUBNET', 'QT_IM_MODULE': 'ibus', 'PWD': '/home/huangbo/ros2_learn/tongxun_learn/build/py02_service_my', 'XDG_CONFIG_DIRS': '/etc/xdg/xdg-ubuntu:/etc/xdg', 'DBUS_STARTER_ADDRESS': 'unix:path=/run/user/1000/bus,guid=e13f3bf79aff23d7d31cac896ab3658b', 'XDG_DATA_DIRS': '/usr/share/ubuntu:/usr/share/gnome:/usr/local/share/:/usr/share/:/var/lib/snapd/desktop', 'QTWEBENGINE_DICTIONARIES_PATH': '/usr/share/hunspell-bdic/', 'PYTHONPATH': '/home/huangbo/ros2_learn/tongxun_learn/build/py02_service_my/prefix_override:/usr/lib/python3/dist-packages/colcon_core/task/python/colcon_distutils_commands:/home/huangbo/ros2_learn/tongxun_learn/install/py02_service_my/lib/python3.12/site-packages:/opt/ros/jazzy/opt/gz_math_vendor/lib/python:/opt/ros/jazzy/lib/python3.12/site-packages', 'COLCON': '1', 'MEMORY_PRESSURE_WRITE': 'c29tZSAyMDAwMDAgMjAwMDAwMAA=', 'VTE_VERSION': '7600', 'CMAKE_PREFIX_PATH': '/opt/ros/jazzy/opt/gz_math_vendor:/opt/ros/jazzy/opt/gz_utils_vendor:/opt/ros/jazzy/opt/gz_cmake_vendor'}), 'shell': False}
[4.065497] (py02_service) CommandEnded: {'returncode': 0}
[4.066521] (-) TimerEvent: {}
[4.082406] (py02_service) JobEnded: {'identifier': 'py02_service', 'rc': 0}
[4.088226] (py04_param) JobStarted: {'identifier': 'py04_param'}
[4.166755] (-) TimerEvent: {}
[4.268170] (-) TimerEvent: {}
[4.369708] (-) TimerEvent: {}
[4.447588] (py02_service_my) StdoutLine: {'line': b'running egg_info\n'}
[4.469942] (-) TimerEvent: {}
[4.474019] (py02_service_my) StdoutLine: {'line': b'writing ../../build/py02_service_my/py02_service_my.egg-info/PKG-INFO\n'}
[4.476447] (py02_service_my) StdoutLine: {'line': b'writing dependency_links to ../../build/py02_service_my/py02_service_my.egg-info/dependency_links.txt\n'}
[4.478801] (py02_service_my) StdoutLine: {'line': b'writing entry points to ../../build/py02_service_my/py02_service_my.egg-info/entry_points.txt\n'}
[4.480124] (py02_service_my) StdoutLine: {'line': b'writing requirements to ../../build/py02_service_my/py02_service_my.egg-info/requires.txt\n'}
[4.481882] (py02_service_my) StdoutLine: {'line': b'writing top-level names to ../../build/py02_service_my/py02_service_my.egg-info/top_level.txt\n'}
[4.547305] (py02_service_my) StdoutLine: {'line': b"reading manifest file '../../build/py02_service_my/py02_service_my.egg-info/SOURCES.txt'\n"}
[4.549647] (py02_service_my) StdoutLine: {'line': b"writing manifest file '../../build/py02_service_my/py02_service_my.egg-info/SOURCES.txt'\n"}
[4.550873] (py02_service_my) StdoutLine: {'line': b'running build\n'}
[4.551560] (py02_service_my) StdoutLine: {'line': b'running build_py\n'}
[4.553018] (py02_service_my) StdoutLine: {'line': b'running install\n'}
[4.559866] (py02_service_my) StdoutLine: {'line': b'running install_lib\n'}
[4.570063] (-) TimerEvent: {}
[4.591501] (py02_service_my) StdoutLine: {'line': b'running install_data\n'}
[4.592377] (py02_service_my) StdoutLine: {'line': b'running install_egg_info\n'}
[4.635836] (py02_service_my) StdoutLine: {'line': b"removing '/home/huangbo/ros2_learn/tongxun_learn/install/py02_service_my/lib/python3.12/site-packages/py02_service_my-0.0.0-py3.12.egg-info' (and everything under it)\n"}
[4.641004] (py02_service_my) StdoutLine: {'line': b'Copying ../../build/py02_service_my/py02_service_my.egg-info to /home/huangbo/ros2_learn/tongxun_learn/install/py02_service_my/lib/python3.12/site-packages/py02_service_my-0.0.0-py3.12.egg-info\n'}
[4.648931] (py02_service_my) StdoutLine: {'line': b'running install_scripts\n'}
[4.670779] (-) TimerEvent: {}
[4.771896] (-) TimerEvent: {}
[4.828442] (py02_service_my) StdoutLine: {'line': b'Installing demo_client_py script to /home/huangbo/ros2_learn/tongxun_learn/install/py02_service_my/lib/py02_service_my\n'}
[4.830343] (py02_service_my) StdoutLine: {'line': b'Installing demo_server_py script to /home/huangbo/ros2_learn/tongxun_learn/install/py02_service_my/lib/py02_service_my\n'}
[4.832077] (py02_service_my) StdoutLine: {'line': b"writing list of installed files to '/home/huangbo/ros2_learn/tongxun_learn/build/py02_service_my/install.log'\n"}
[4.867087] (py02_service_my) CommandEnded: {'returncode': 0}
[4.872247] (-) TimerEvent: {}
[4.885636] (py02_service_my) JobEnded: {'identifier': 'py02_service_my', 'rc': 0}
[4.888181] (py05_time) JobStarted: {'identifier': 'py05_time'}
[4.972909] (-) TimerEvent: {}
[5.074296] (-) TimerEvent: {}
[5.176156] (-) TimerEvent: {}
[5.226767] (py04_param) Command: {'cmd': ['/usr/bin/python3', '-W', 'ignore:setup.py install is deprecated', '-W', 'ignore:easy_install command is deprecated', 'setup.py', 'egg_info', '--egg-base', '../../build/py04_param', 'build', '--build-base', '/home/huangbo/ros2_learn/tongxun_learn/build/py04_param/build', 'install', '--record', '/home/huangbo/ros2_learn/tongxun_learn/build/py04_param/install.log', '--install-scripts', '$base/lib/py04_param', '--single-version-externally-managed', 'install_data'], 'cwd': '/home/huangbo/ros2_learn/tongxun_learn/src/py04_param', 'env': OrderedDict({'LESSOPEN': '| /usr/bin/lesspipe %s', 'USER': 'huangbo', 'XDG_SESSION_TYPE': 'wayland', 'SHLVL': '1', 'LD_LIBRARY_PATH': '/opt/ros/jazzy/opt/rviz_ogre_vendor/lib:/opt/ros/jazzy/lib/x86_64-linux-gnu:/opt/ros/jazzy/opt/gz_math_vendor/lib:/opt/ros/jazzy/opt/gz_utils_vendor/lib:/opt/ros/jazzy/opt/gz_cmake_vendor/lib:/opt/ros/jazzy/lib', 'HOME': '/home/huangbo', 'DESKTOP_SESSION': 'ubuntu', 'ROS_PYTHON_VERSION': '3', 'GNOME_SHELL_SESSION_MODE': 'ubuntu', 'GTK_MODULES': 'gail:atk-bridge', 'DBUS_STARTER_BUS_TYPE': 'session', 'SYSTEMD_EXEC_PID': '2461', 'GSM_SKIP_SSH_AGENT_WORKAROUND': 'true', 'DBUS_SESSION_BUS_ADDRESS': 'unix:path=/run/user/1000/bus,guid=e13f3bf79aff23d7d31cac896ab3658b', 'COLORTERM': 'truecolor', 'DEBUGINFOD_URLS': 'https://debuginfod.ubuntu.com', 'IM_CONFIG_PHASE': '1', 'WAYLAND_DISPLAY': 'wayland-0', 'ROS_DISTRO': 'jazzy', 'LOGNAME': 'huangbo', '_': '/usr/bin/colcon', 'ROS_VERSION': '2', 'MEMORY_PRESSURE_WATCH': '/sys/fs/cgroup/user.slice/user-1000.slice/user@1000.service/app.slice/app-gnome\\x2dsession\\x2dmanager.slice/gnome-session-manager@ubuntu.service/memory.pressure', 'XDG_SESSION_CLASS': 'user', 'USERNAME': 'huangbo', 'TERM': 'xterm-256color', 'GNOME_DESKTOP_SESSION_ID': 'this-is-deprecated', 'PATH': '/opt/ros/jazzy/bin:/usr/local/sbin:/usr/local/bin:/usr/sbin:/usr/bin:/sbin:/bin:/usr/games:/usr/local/games:/snap/bin:/snap/bin', 'SESSION_MANAGER': 'local/huangbo-VMware-Virtual-Platform:@/tmp/.ICE-unix/2461,unix/huangbo-VMware-Virtual-Platform:/tmp/.ICE-unix/2461', 'XDG_MENU_PREFIX': 'gnome-', 'GNOME_TERMINAL_SCREEN': '/org/gnome/Terminal/screen/1fa247de_127f_4388_b4f5_14809bea7052', 'GNOME_SETUP_DISPLAY': ':1', 'XDG_RUNTIME_DIR': '/run/user/1000', 'DISPLAY': ':0', 'LANG': 'zh_CN.UTF-8', 'XDG_CURRENT_DESKTOP': 'ubuntu:GNOME', 'XMODIFIERS': '@im=ibus', 'XDG_SESSION_DESKTOP': 'ubuntu', 'XAUTHORITY': '/run/user/1000/.mutter-Xwaylandauth.LF85V3', 'LS_COLORS': 'rs=0:di=01;34:ln=01;36:mh=00:pi=40;33:so=01;35:do=01;35:bd=40;33;01:cd=40;33;01:or=40;31;01:mi=00:su=37;41:sg=30;43:ca=00:tw=30;42:ow=34;42:st=37;44:ex=01;32:*.tar=01;31:*.tgz=01;31:*.arc=01;31:*.arj=01;31:*.taz=01;31:*.lha=01;31:*.lz4=01;31:*.lzh=01;31:*.lzma=01;31:*.tlz=01;31:*.txz=01;31:*.tzo=01;31:*.t7z=01;31:*.zip=01;31:*.z=01;31:*.dz=01;31:*.gz=01;31:*.lrz=01;31:*.lz=01;31:*.lzo=01;31:*.xz=01;31:*.zst=01;31:*.tzst=01;31:*.bz2=01;31:*.bz=01;31:*.tbz=01;31:*.tbz2=01;31:*.tz=01;31:*.deb=01;31:*.rpm=01;31:*.jar=01;31:*.war=01;31:*.ear=01;31:*.sar=01;31:*.rar=01;31:*.alz=01;31:*.ace=01;31:*.zoo=01;31:*.cpio=01;31:*.7z=01;31:*.rz=01;31:*.cab=01;31:*.wim=01;31:*.swm=01;31:*.dwm=01;31:*.esd=01;31:*.avif=01;35:*.jpg=01;35:*.jpeg=01;35:*.mjpg=01;35:*.mjpeg=01;35:*.gif=01;35:*.bmp=01;35:*.pbm=01;35:*.pgm=01;35:*.ppm=01;35:*.tga=01;35:*.xbm=01;35:*.xpm=01;35:*.tif=01;35:*.tiff=01;35:*.png=01;35:*.svg=01;35:*.svgz=01;35:*.mng=01;35:*.pcx=01;35:*.mov=01;35:*.mpg=01;35:*.mpeg=01;35:*.m2v=01;35:*.mkv=01;35:*.webm=01;35:*.webp=01;35:*.ogm=01;35:*.mp4=01;35:*.m4v=01;35:*.mp4v=01;35:*.vob=01;35:*.qt=01;35:*.nuv=01;35:*.wmv=01;35:*.asf=01;35:*.rm=01;35:*.rmvb=01;35:*.flc=01;35:*.avi=01;35:*.fli=01;35:*.flv=01;35:*.gl=01;35:*.dl=01;35:*.xcf=01;35:*.xwd=01;35:*.yuv=01;35:*.cgm=01;35:*.emf=01;35:*.ogv=01;35:*.ogx=01;35:*.aac=00;36:*.au=00;36:*.flac=00;36:*.m4a=00;36:*.mid=00;36:*.midi=00;36:*.mka=00;36:*.mp3=00;36:*.mpc=00;36:*.ogg=00;36:*.ra=00;36:*.wav=00;36:*.oga=00;36:*.opus=00;36:*.spx=00;36:*.xspf=00;36:*~=00;90:*#=00;90:*.bak=00;90:*.crdownload=00;90:*.dpkg-dist=00;90:*.dpkg-new=00;90:*.dpkg-old=00;90:*.dpkg-tmp=00;90:*.old=00;90:*.orig=00;90:*.part=00;90:*.rej=00;90:*.rpmnew=00;90:*.rpmorig=00;90:*.rpmsave=00;90:*.swp=00;90:*.tmp=00;90:*.ucf-dist=00;90:*.ucf-new=00;90:*.ucf-old=00;90:', 'GNOME_TERMINAL_SERVICE': ':1.197', 'SSH_AUTH_SOCK': '/run/user/1000/keyring/ssh', 'AMENT_PREFIX_PATH': '/opt/ros/jazzy', 'SHELL': '/bin/bash', 'QT_ACCESSIBILITY': '1', 'GDMSESSION': 'ubuntu', 'LESSCLOSE': '/usr/bin/lesspipe %s %s', 'ROS_AUTOMATIC_DISCOVERY_RANGE': 'SUBNET', 'QT_IM_MODULE': 'ibus', 'PWD': '/home/huangbo/ros2_learn/tongxun_learn/build/py04_param', 'XDG_CONFIG_DIRS': '/etc/xdg/xdg-ubuntu:/etc/xdg', 'DBUS_STARTER_ADDRESS': 'unix:path=/run/user/1000/bus,guid=e13f3bf79aff23d7d31cac896ab3658b', 'XDG_DATA_DIRS': '/usr/share/ubuntu:/usr/share/gnome:/usr/local/share/:/usr/share/:/var/lib/snapd/desktop', 'QTWEBENGINE_DICTIONARIES_PATH': '/usr/share/hunspell-bdic/', 'PYTHONPATH': '/home/huangbo/ros2_learn/tongxun_learn/build/py04_param/prefix_override:/usr/lib/python3/dist-packages/colcon_core/task/python/colcon_distutils_commands:/home/huangbo/ros2_learn/tongxun_learn/install/py04_param/lib/python3.12/site-packages:/opt/ros/jazzy/opt/gz_math_vendor/lib/python:/opt/ros/jazzy/lib/python3.12/site-packages', 'COLCON': '1', 'MEMORY_PRESSURE_WRITE': 'c29tZSAyMDAwMDAgMjAwMDAwMAA=', 'VTE_VERSION': '7600', 'CMAKE_PREFIX_PATH': '/opt/ros/jazzy/opt/gz_math_vendor:/opt/ros/jazzy/opt/gz_utils_vendor:/opt/ros/jazzy/opt/gz_cmake_vendor'}), 'shell': False}
[5.276662] (-) TimerEvent: {}
[5.377780] (-) TimerEvent: {}
[5.478859] (-) TimerEvent: {}
[5.548380] (py04_param) StdoutLine: {'line': b'running egg_info\n'}
[5.571463] (py04_param) StdoutLine: {'line': b'writing ../../build/py04_param/py04_param.egg-info/PKG-INFO\n'}
[5.573371] (py04_param) StdoutLine: {'line': b'writing dependency_links to ../../build/py04_param/py04_param.egg-info/dependency_links.txt\n'}
[5.574880] (py04_param) StdoutLine: {'line': b'writing entry points to ../../build/py04_param/py04_param.egg-info/entry_points.txt\n'}
[5.576346] (py04_param) StdoutLine: {'line': b'writing requirements to ../../build/py04_param/py04_param.egg-info/requires.txt\n'}
[5.577489] (py04_param) StdoutLine: {'line': b'writing top-level names to ../../build/py04_param/py04_param.egg-info/top_level.txt\n'}
[5.579172] (-) TimerEvent: {}
[5.637890] (py04_param) StdoutLine: {'line': b"reading manifest file '../../build/py04_param/py04_param.egg-info/SOURCES.txt'\n"}
[5.640122] (py04_param) StdoutLine: {'line': b"writing manifest file '../../build/py04_param/py04_param.egg-info/SOURCES.txt'\n"}
[5.641868] (py04_param) StdoutLine: {'line': b'running build\n'}
[5.642668] (py04_param) StdoutLine: {'line': b'running build_py\n'}
[5.644195] (py04_param) StdoutLine: {'line': b'running install\n'}
[5.656334] (py04_param) StdoutLine: {'line': b'running install_lib\n'}
[5.679710] (-) TimerEvent: {}
[5.693889] (py04_param) StdoutLine: {'line': b'running install_data\n'}
[5.695316] (py04_param) StdoutLine: {'line': b'running install_egg_info\n'}
[5.741453] (py04_param) StdoutLine: {'line': b"removing '/home/huangbo/ros2_learn/tongxun_learn/install/py04_param/lib/python3.12/site-packages/py04_param-0.0.0-py3.12.egg-info' (and everything under it)\n"}
[5.745866] (py04_param) StdoutLine: {'line': b'Copying ../../build/py04_param/py04_param.egg-info to /home/huangbo/ros2_learn/tongxun_learn/install/py04_param/lib/python3.12/site-packages/py04_param-0.0.0-py3.12.egg-info\n'}
[5.753959] (py04_param) StdoutLine: {'line': b'running install_scripts\n'}
[5.780157] (-) TimerEvent: {}
[5.881284] (-) TimerEvent: {}
[5.975564] (py04_param) StdoutLine: {'line': b'Installing demo00_param script to /home/huangbo/ros2_learn/tongxun_learn/install/py04_param/lib/py04_param\n'}
[5.977415] (py04_param) StdoutLine: {'line': b'Installing demo01_param_server_py script to /home/huangbo/ros2_learn/tongxun_learn/install/py04_param/lib/py04_param\n'}
[5.979027] (py04_param) StdoutLine: {'line': b'Installing demo02_param_client_py script to /home/huangbo/ros2_learn/tongxun_learn/install/py04_param/lib/py04_param\n'}
[5.980742] (py04_param) StdoutLine: {'line': b"writing list of installed files to '/home/huangbo/ros2_learn/tongxun_learn/build/py04_param/install.log'\n"}
[5.981392] (-) TimerEvent: {}
[6.037535] (py04_param) CommandEnded: {'returncode': 0}
[6.052569] (py04_param) JobEnded: {'identifier': 'py04_param', 'rc': 0}
[6.055921] (py06_lianxi) JobStarted: {'identifier': 'py06_lianxi'}
[6.081538] (-) TimerEvent: {}
[6.184209] (-) TimerEvent: {}
[6.285662] (-) TimerEvent: {}
[6.387323] (-) TimerEvent: {}
[6.412611] (py05_time) Command: {'cmd': ['/usr/bin/python3', '-W', 'ignore:setup.py install is deprecated', '-W', 'ignore:easy_install command is deprecated', 'setup.py', 'egg_info', '--egg-base', '../../build/py05_time', 'build', '--build-base', '/home/huangbo/ros2_learn/tongxun_learn/build/py05_time/build', 'install', '--record', '/home/huangbo/ros2_learn/tongxun_learn/build/py05_time/install.log', '--install-scripts', '$base/lib/py05_time', '--single-version-externally-managed', 'install_data'], 'cwd': '/home/huangbo/ros2_learn/tongxun_learn/src/py05_time', 'env': OrderedDict({'LESSOPEN': '| /usr/bin/lesspipe %s', 'USER': 'huangbo', 'XDG_SESSION_TYPE': 'wayland', 'SHLVL': '1', 'LD_LIBRARY_PATH': '/opt/ros/jazzy/opt/rviz_ogre_vendor/lib:/opt/ros/jazzy/lib/x86_64-linux-gnu:/opt/ros/jazzy/opt/gz_math_vendor/lib:/opt/ros/jazzy/opt/gz_utils_vendor/lib:/opt/ros/jazzy/opt/gz_cmake_vendor/lib:/opt/ros/jazzy/lib', 'HOME': '/home/huangbo', 'DESKTOP_SESSION': 'ubuntu', 'ROS_PYTHON_VERSION': '3', 'GNOME_SHELL_SESSION_MODE': 'ubuntu', 'GTK_MODULES': 'gail:atk-bridge', 'DBUS_STARTER_BUS_TYPE': 'session', 'SYSTEMD_EXEC_PID': '2461', 'GSM_SKIP_SSH_AGENT_WORKAROUND': 'true', 'DBUS_SESSION_BUS_ADDRESS': 'unix:path=/run/user/1000/bus,guid=e13f3bf79aff23d7d31cac896ab3658b', 'COLORTERM': 'truecolor', 'DEBUGINFOD_URLS': 'https://debuginfod.ubuntu.com', 'IM_CONFIG_PHASE': '1', 'WAYLAND_DISPLAY': 'wayland-0', 'ROS_DISTRO': 'jazzy', 'LOGNAME': 'huangbo', '_': '/usr/bin/colcon', 'ROS_VERSION': '2', 'MEMORY_PRESSURE_WATCH': '/sys/fs/cgroup/user.slice/user-1000.slice/user@1000.service/app.slice/app-gnome\\x2dsession\\x2dmanager.slice/gnome-session-manager@ubuntu.service/memory.pressure', 'XDG_SESSION_CLASS': 'user', 'USERNAME': 'huangbo', 'TERM': 'xterm-256color', 'GNOME_DESKTOP_SESSION_ID': 'this-is-deprecated', 'PATH': '/opt/ros/jazzy/bin:/usr/local/sbin:/usr/local/bin:/usr/sbin:/usr/bin:/sbin:/bin:/usr/games:/usr/local/games:/snap/bin:/snap/bin', 'SESSION_MANAGER': 'local/huangbo-VMware-Virtual-Platform:@/tmp/.ICE-unix/2461,unix/huangbo-VMware-Virtual-Platform:/tmp/.ICE-unix/2461', 'XDG_MENU_PREFIX': 'gnome-', 'GNOME_TERMINAL_SCREEN': '/org/gnome/Terminal/screen/1fa247de_127f_4388_b4f5_14809bea7052', 'GNOME_SETUP_DISPLAY': ':1', 'XDG_RUNTIME_DIR': '/run/user/1000', 'DISPLAY': ':0', 'LANG': 'zh_CN.UTF-8', 'XDG_CURRENT_DESKTOP': 'ubuntu:GNOME', 'XMODIFIERS': '@im=ibus', 'XDG_SESSION_DESKTOP': 'ubuntu', 'XAUTHORITY': '/run/user/1000/.mutter-Xwaylandauth.LF85V3', 'LS_COLORS': 'rs=0:di=01;34:ln=01;36:mh=00:pi=40;33:so=01;35:do=01;35:bd=40;33;01:cd=40;33;01:or=40;31;01:mi=00:su=37;41:sg=30;43:ca=00:tw=30;42:ow=34;42:st=37;44:ex=01;32:*.tar=01;31:*.tgz=01;31:*.arc=01;31:*.arj=01;31:*.taz=01;31:*.lha=01;31:*.lz4=01;31:*.lzh=01;31:*.lzma=01;31:*.tlz=01;31:*.txz=01;31:*.tzo=01;31:*.t7z=01;31:*.zip=01;31:*.z=01;31:*.dz=01;31:*.gz=01;31:*.lrz=01;31:*.lz=01;31:*.lzo=01;31:*.xz=01;31:*.zst=01;31:*.tzst=01;31:*.bz2=01;31:*.bz=01;31:*.tbz=01;31:*.tbz2=01;31:*.tz=01;31:*.deb=01;31:*.rpm=01;31:*.jar=01;31:*.war=01;31:*.ear=01;31:*.sar=01;31:*.rar=01;31:*.alz=01;31:*.ace=01;31:*.zoo=01;31:*.cpio=01;31:*.7z=01;31:*.rz=01;31:*.cab=01;31:*.wim=01;31:*.swm=01;31:*.dwm=01;31:*.esd=01;31:*.avif=01;35:*.jpg=01;35:*.jpeg=01;35:*.mjpg=01;35:*.mjpeg=01;35:*.gif=01;35:*.bmp=01;35:*.pbm=01;35:*.pgm=01;35:*.ppm=01;35:*.tga=01;35:*.xbm=01;35:*.xpm=01;35:*.tif=01;35:*.tiff=01;35:*.png=01;35:*.svg=01;35:*.svgz=01;35:*.mng=01;35:*.pcx=01;35:*.mov=01;35:*.mpg=01;35:*.mpeg=01;35:*.m2v=01;35:*.mkv=01;35:*.webm=01;35:*.webp=01;35:*.ogm=01;35:*.mp4=01;35:*.m4v=01;35:*.mp4v=01;35:*.vob=01;35:*.qt=01;35:*.nuv=01;35:*.wmv=01;35:*.asf=01;35:*.rm=01;35:*.rmvb=01;35:*.flc=01;35:*.avi=01;35:*.fli=01;35:*.flv=01;35:*.gl=01;35:*.dl=01;35:*.xcf=01;35:*.xwd=01;35:*.yuv=01;35:*.cgm=01;35:*.emf=01;35:*.ogv=01;35:*.ogx=01;35:*.aac=00;36:*.au=00;36:*.flac=00;36:*.m4a=00;36:*.mid=00;36:*.midi=00;36:*.mka=00;36:*.mp3=00;36:*.mpc=00;36:*.ogg=00;36:*.ra=00;36:*.wav=00;36:*.oga=00;36:*.opus=00;36:*.spx=00;36:*.xspf=00;36:*~=00;90:*#=00;90:*.bak=00;90:*.crdownload=00;90:*.dpkg-dist=00;90:*.dpkg-new=00;90:*.dpkg-old=00;90:*.dpkg-tmp=00;90:*.old=00;90:*.orig=00;90:*.part=00;90:*.rej=00;90:*.rpmnew=00;90:*.rpmorig=00;90:*.rpmsave=00;90:*.swp=00;90:*.tmp=00;90:*.ucf-dist=00;90:*.ucf-new=00;90:*.ucf-old=00;90:', 'GNOME_TERMINAL_SERVICE': ':1.197', 'SSH_AUTH_SOCK': '/run/user/1000/keyring/ssh', 'AMENT_PREFIX_PATH': '/opt/ros/jazzy', 'SHELL': '/bin/bash', 'QT_ACCESSIBILITY': '1', 'GDMSESSION': 'ubuntu', 'LESSCLOSE': '/usr/bin/lesspipe %s %s', 'ROS_AUTOMATIC_DISCOVERY_RANGE': 'SUBNET', 'QT_IM_MODULE': 'ibus', 'PWD': '/home/huangbo/ros2_learn/tongxun_learn/build/py05_time', 'XDG_CONFIG_DIRS': '/etc/xdg/xdg-ubuntu:/etc/xdg', 'DBUS_STARTER_ADDRESS': 'unix:path=/run/user/1000/bus,guid=e13f3bf79aff23d7d31cac896ab3658b', 'XDG_DATA_DIRS': '/usr/share/ubuntu:/usr/share/gnome:/usr/local/share/:/usr/share/:/var/lib/snapd/desktop', 'QTWEBENGINE_DICTIONARIES_PATH': '/usr/share/hunspell-bdic/', 'PYTHONPATH': '/home/huangbo/ros2_learn/tongxun_learn/build/py05_time/prefix_override:/usr/lib/python3/dist-packages/colcon_core/task/python/colcon_distutils_commands:/home/huangbo/ros2_learn/tongxun_learn/install/py05_time/lib/python3.12/site-packages:/opt/ros/jazzy/opt/gz_math_vendor/lib/python:/opt/ros/jazzy/lib/python3.12/site-packages', 'COLCON': '1', 'MEMORY_PRESSURE_WRITE': 'c29tZSAyMDAwMDAgMjAwMDAwMAA=', 'VTE_VERSION': '7600', 'CMAKE_PREFIX_PATH': '/opt/ros/jazzy/opt/gz_math_vendor:/opt/ros/jazzy/opt/gz_utils_vendor:/opt/ros/jazzy/opt/gz_cmake_vendor'}), 'shell': False}
[6.487990] (-) TimerEvent: {}
[6.589348] (-) TimerEvent: {}
[6.692837] (-) TimerEvent: {}
[6.709876] (py05_time) StdoutLine: {'line': b'running egg_info\n'}
[6.734180] (py05_time) StdoutLine: {'line': b'writing ../../build/py05_time/py05_time.egg-info/PKG-INFO\n'}
[6.735404] (py05_time) StdoutLine: {'line': b'writing dependency_links to ../../build/py05_time/py05_time.egg-info/dependency_links.txt\n'}
[6.736706] (py05_time) StdoutLine: {'line': b'writing entry points to ../../build/py05_time/py05_time.egg-info/entry_points.txt\n'}
[6.737640] (py05_time) StdoutLine: {'line': b'writing requirements to ../../build/py05_time/py05_time.egg-info/requires.txt\n'}
[6.738426] (py05_time) StdoutLine: {'line': b'writing top-level names to ../../build/py05_time/py05_time.egg-info/top_level.txt\n'}
[6.780009] (py05_time) StdoutLine: {'line': b"reading manifest file '../../build/py05_time/py05_time.egg-info/SOURCES.txt'\n"}
[6.781488] (py05_time) StdoutLine: {'line': b"writing manifest file '../../build/py05_time/py05_time.egg-info/SOURCES.txt'\n"}
[6.782403] (py05_time) StdoutLine: {'line': b'running build\n'}
[6.783863] (py05_time) StdoutLine: {'line': b'running build_py\n'}
[6.784097] (py05_time) StdoutLine: {'line': b'running install\n'}
[6.789552] (py05_time) StdoutLine: {'line': b'running install_lib\n'}
[6.793237] (-) TimerEvent: {}
[6.812575] (py05_time) StdoutLine: {'line': b'running install_data\n'}
[6.815229] (py05_time) StdoutLine: {'line': b'running install_egg_info\n'}
[6.841491] (py05_time) StdoutLine: {'line': b"removing '/home/huangbo/ros2_learn/tongxun_learn/install/py05_time/lib/python3.12/site-packages/py05_time-0.0.0-py3.12.egg-info' (and everything under it)\n"}
[6.844007] (py05_time) StdoutLine: {'line': b'Copying ../../build/py05_time/py05_time.egg-info to /home/huangbo/ros2_learn/tongxun_learn/install/py05_time/lib/python3.12/site-packages/py05_time-0.0.0-py3.12.egg-info\n'}
[6.847046] (py05_time) StdoutLine: {'line': b'running install_scripts\n'}
[6.893752] (-) TimerEvent: {}
[6.999735] (-) TimerEvent: {}
[7.061555] (py05_time) StdoutLine: {'line': b'Installing demo01_time script to /home/huangbo/ros2_learn/tongxun_learn/install/py05_time/lib/py05_time\n'}
[7.063027] (py05_time) StdoutLine: {'line': b"writing list of installed files to '/home/huangbo/ros2_learn/tongxun_learn/build/py05_time/install.log'\n"}
[7.100981] (-) TimerEvent: {}
[7.205135] (-) TimerEvent: {}
[7.226131] (py05_time) CommandEnded: {'returncode': 0}
[7.256341] (py05_time) JobEnded: {'identifier': 'py05_time', 'rc': 0}
[7.261501] (py07_jx) JobStarted: {'identifier': 'py07_jx'}
[7.305574] (-) TimerEvent: {}
[7.408098] (-) TimerEvent: {}
[7.511320] (-) TimerEvent: {}
[7.612335] (-) TimerEvent: {}
[7.715428] (-) TimerEvent: {}
[7.795001] (py06_lianxi) Command: {'cmd': ['/usr/bin/python3', '-W', 'ignore:setup.py install is deprecated', '-W', 'ignore:easy_install command is deprecated', 'setup.py', 'egg_info', '--egg-base', '../../build/py06_lianxi', 'build', '--build-base', '/home/huangbo/ros2_learn/tongxun_learn/build/py06_lianxi/build', 'install', '--record', '/home/huangbo/ros2_learn/tongxun_learn/build/py06_lianxi/install.log', '--install-scripts', '$base/lib/py06_lianxi', '--single-version-externally-managed', 'install_data'], 'cwd': '/home/huangbo/ros2_learn/tongxun_learn/src/py06_lianxi', 'env': OrderedDict({'LESSOPEN': '| /usr/bin/lesspipe %s', 'USER': 'huangbo', 'XDG_SESSION_TYPE': 'wayland', 'SHLVL': '1', 'LD_LIBRARY_PATH': '/opt/ros/jazzy/opt/rviz_ogre_vendor/lib:/opt/ros/jazzy/lib/x86_64-linux-gnu:/opt/ros/jazzy/opt/gz_math_vendor/lib:/opt/ros/jazzy/opt/gz_utils_vendor/lib:/opt/ros/jazzy/opt/gz_cmake_vendor/lib:/opt/ros/jazzy/lib', 'HOME': '/home/huangbo', 'DESKTOP_SESSION': 'ubuntu', 'ROS_PYTHON_VERSION': '3', 'GNOME_SHELL_SESSION_MODE': 'ubuntu', 'GTK_MODULES': 'gail:atk-bridge', 'DBUS_STARTER_BUS_TYPE': 'session', 'SYSTEMD_EXEC_PID': '2461', 'GSM_SKIP_SSH_AGENT_WORKAROUND': 'true', 'DBUS_SESSION_BUS_ADDRESS': 'unix:path=/run/user/1000/bus,guid=e13f3bf79aff23d7d31cac896ab3658b', 'COLORTERM': 'truecolor', 'DEBUGINFOD_URLS': 'https://debuginfod.ubuntu.com', 'IM_CONFIG_PHASE': '1', 'WAYLAND_DISPLAY': 'wayland-0', 'ROS_DISTRO': 'jazzy', 'LOGNAME': 'huangbo', '_': '/usr/bin/colcon', 'ROS_VERSION': '2', 'MEMORY_PRESSURE_WATCH': '/sys/fs/cgroup/user.slice/user-1000.slice/user@1000.service/app.slice/app-gnome\\x2dsession\\x2dmanager.slice/gnome-session-manager@ubuntu.service/memory.pressure', 'XDG_SESSION_CLASS': 'user', 'USERNAME': 'huangbo', 'TERM': 'xterm-256color', 'GNOME_DESKTOP_SESSION_ID': 'this-is-deprecated', 'PATH': '/opt/ros/jazzy/bin:/usr/local/sbin:/usr/local/bin:/usr/sbin:/usr/bin:/sbin:/bin:/usr/games:/usr/local/games:/snap/bin:/snap/bin', 'SESSION_MANAGER': 'local/huangbo-VMware-Virtual-Platform:@/tmp/.ICE-unix/2461,unix/huangbo-VMware-Virtual-Platform:/tmp/.ICE-unix/2461', 'XDG_MENU_PREFIX': 'gnome-', 'GNOME_TERMINAL_SCREEN': '/org/gnome/Terminal/screen/1fa247de_127f_4388_b4f5_14809bea7052', 'GNOME_SETUP_DISPLAY': ':1', 'XDG_RUNTIME_DIR': '/run/user/1000', 'DISPLAY': ':0', 'LANG': 'zh_CN.UTF-8', 'XDG_CURRENT_DESKTOP': 'ubuntu:GNOME', 'XMODIFIERS': '@im=ibus', 'XDG_SESSION_DESKTOP': 'ubuntu', 'XAUTHORITY': '/run/user/1000/.mutter-Xwaylandauth.LF85V3', 'LS_COLORS': 'rs=0:di=01;34:ln=01;36:mh=00:pi=40;33:so=01;35:do=01;35:bd=40;33;01:cd=40;33;01:or=40;31;01:mi=00:su=37;41:sg=30;43:ca=00:tw=30;42:ow=34;42:st=37;44:ex=01;32:*.tar=01;31:*.tgz=01;31:*.arc=01;31:*.arj=01;31:*.taz=01;31:*.lha=01;31:*.lz4=01;31:*.lzh=01;31:*.lzma=01;31:*.tlz=01;31:*.txz=01;31:*.tzo=01;31:*.t7z=01;31:*.zip=01;31:*.z=01;31:*.dz=01;31:*.gz=01;31:*.lrz=01;31:*.lz=01;31:*.lzo=01;31:*.xz=01;31:*.zst=01;31:*.tzst=01;31:*.bz2=01;31:*.bz=01;31:*.tbz=01;31:*.tbz2=01;31:*.tz=01;31:*.deb=01;31:*.rpm=01;31:*.jar=01;31:*.war=01;31:*.ear=01;31:*.sar=01;31:*.rar=01;31:*.alz=01;31:*.ace=01;31:*.zoo=01;31:*.cpio=01;31:*.7z=01;31:*.rz=01;31:*.cab=01;31:*.wim=01;31:*.swm=01;31:*.dwm=01;31:*.esd=01;31:*.avif=01;35:*.jpg=01;35:*.jpeg=01;35:*.mjpg=01;35:*.mjpeg=01;35:*.gif=01;35:*.bmp=01;35:*.pbm=01;35:*.pgm=01;35:*.ppm=01;35:*.tga=01;35:*.xbm=01;35:*.xpm=01;35:*.tif=01;35:*.tiff=01;35:*.png=01;35:*.svg=01;35:*.svgz=01;35:*.mng=01;35:*.pcx=01;35:*.mov=01;35:*.mpg=01;35:*.mpeg=01;35:*.m2v=01;35:*.mkv=01;35:*.webm=01;35:*.webp=01;35:*.ogm=01;35:*.mp4=01;35:*.m4v=01;35:*.mp4v=01;35:*.vob=01;35:*.qt=01;35:*.nuv=01;35:*.wmv=01;35:*.asf=01;35:*.rm=01;35:*.rmvb=01;35:*.flc=01;35:*.avi=01;35:*.fli=01;35:*.flv=01;35:*.gl=01;35:*.dl=01;35:*.xcf=01;35:*.xwd=01;35:*.yuv=01;35:*.cgm=01;35:*.emf=01;35:*.ogv=01;35:*.ogx=01;35:*.aac=00;36:*.au=00;36:*.flac=00;36:*.m4a=00;36:*.mid=00;36:*.midi=00;36:*.mka=00;36:*.mp3=00;36:*.mpc=00;36:*.ogg=00;36:*.ra=00;36:*.wav=00;36:*.oga=00;36:*.opus=00;36:*.spx=00;36:*.xspf=00;36:*~=00;90:*#=00;90:*.bak=00;90:*.crdownload=00;90:*.dpkg-dist=00;90:*.dpkg-new=00;90:*.dpkg-old=00;90:*.dpkg-tmp=00;90:*.old=00;90:*.orig=00;90:*.part=00;90:*.rej=00;90:*.rpmnew=00;90:*.rpmorig=00;90:*.rpmsave=00;90:*.swp=00;90:*.tmp=00;90:*.ucf-dist=00;90:*.ucf-new=00;90:*.ucf-old=00;90:', 'GNOME_TERMINAL_SERVICE': ':1.197', 'SSH_AUTH_SOCK': '/run/user/1000/keyring/ssh', 'AMENT_PREFIX_PATH': '/opt/ros/jazzy', 'SHELL': '/bin/bash', 'QT_ACCESSIBILITY': '1', 'GDMSESSION': 'ubuntu', 'LESSCLOSE': '/usr/bin/lesspipe %s %s', 'ROS_AUTOMATIC_DISCOVERY_RANGE': 'SUBNET', 'QT_IM_MODULE': 'ibus', 'PWD': '/home/huangbo/ros2_learn/tongxun_learn/build/py06_lianxi', 'XDG_CONFIG_DIRS': '/etc/xdg/xdg-ubuntu:/etc/xdg', 'DBUS_STARTER_ADDRESS': 'unix:path=/run/user/1000/bus,guid=e13f3bf79aff23d7d31cac896ab3658b', 'XDG_DATA_DIRS': '/usr/share/ubuntu:/usr/share/gnome:/usr/local/share/:/usr/share/:/var/lib/snapd/desktop', 'QTWEBENGINE_DICTIONARIES_PATH': '/usr/share/hunspell-bdic/', 'PYTHONPATH': '/home/huangbo/ros2_learn/tongxun_learn/build/py06_lianxi/prefix_override:/usr/lib/python3/dist-packages/colcon_core/task/python/colcon_distutils_commands:/home/huangbo/ros2_learn/tongxun_learn/install/py06_lianxi/lib/python3.12/site-packages:/opt/ros/jazzy/opt/gz_math_vendor/lib/python:/opt/ros/jazzy/lib/python3.12/site-packages', 'COLCON': '1', 'MEMORY_PRESSURE_WRITE': 'c29tZSAyMDAwMDAgMjAwMDAwMAA=', 'VTE_VERSION': '7600', 'CMAKE_PREFIX_PATH': '/opt/ros/jazzy/opt/gz_math_vendor:/opt/ros/jazzy/opt/gz_utils_vendor:/opt/ros/jazzy/opt/gz_cmake_vendor'}), 'shell': False}
[7.817219] (-) TimerEvent: {}
[7.917727] (-) TimerEvent: {}
[8.018865] (-) TimerEvent: {}
[8.125136] (-) TimerEvent: {}
[8.225945] (-) TimerEvent: {}
[8.326948] (-) TimerEvent: {}
[8.430950] (-) TimerEvent: {}
[8.531435] (-) TimerEvent: {}
[8.632190] (-) TimerEvent: {}
[8.726137] (py06_lianxi) StdoutLine: {'line': b'running egg_info\n'}
[8.732901] (-) TimerEvent: {}
[8.819237] (py06_lianxi) StdoutLine: {'line': b'writing ../../build/py06_lianxi/py06_lianxi.egg-info/PKG-INFO\n'}
[8.822851] (py06_lianxi) StdoutLine: {'line': b'writing dependency_links to ../../build/py06_lianxi/py06_lianxi.egg-info/dependency_links.txt\n'}
[8.823146] (py06_lianxi) StdoutLine: {'line': b'writing entry points to ../../build/py06_lianxi/py06_lianxi.egg-info/entry_points.txt\n'}
[8.826009] (py06_lianxi) StdoutLine: {'line': b'writing requirements to ../../build/py06_lianxi/py06_lianxi.egg-info/requires.txt\n'}
[8.827060] (py06_lianxi) StdoutLine: {'line': b'writing top-level names to ../../build/py06_lianxi/py06_lianxi.egg-info/top_level.txt\n'}
[8.834220] (-) TimerEvent: {}
[8.940148] (-) TimerEvent: {}
[8.956114] (py06_lianxi) StdoutLine: {'line': b"reading manifest file '../../build/py06_lianxi/py06_lianxi.egg-info/SOURCES.txt'\n"}
[8.975210] (py06_lianxi) StdoutLine: {'line': b"writing manifest file '../../build/py06_lianxi/py06_lianxi.egg-info/SOURCES.txt'\n"}
[8.976068] (py06_lianxi) StdoutLine: {'line': b'running build\n'}
[8.976598] (py06_lianxi) StdoutLine: {'line': b'running build_py\n'}
[8.977209] (py06_lianxi) StdoutLine: {'line': b'running install\n'}
[8.994052] (py06_lianxi) StdoutLine: {'line': b'running install_lib\n'}
[9.044296] (-) TimerEvent: {}
[9.096385] (py06_lianxi) StdoutLine: {'line': b'running install_data\n'}
[9.099526] (py06_lianxi) StdoutLine: {'line': b'running install_egg_info\n'}
[9.149790] (-) TimerEvent: {}
[9.185346] (py06_lianxi) StdoutLine: {'line': b"removing '/home/huangbo/ros2_learn/tongxun_learn/install/py06_lianxi/lib/python3.12/site-packages/py06_lianxi-0.0.0-py3.12.egg-info' (and everything under it)\n"}
[9.194359] (py06_lianxi) StdoutLine: {'line': b'Copying ../../build/py06_lianxi/py06_lianxi.egg-info to /home/huangbo/ros2_learn/tongxun_learn/install/py06_lianxi/lib/python3.12/site-packages/py06_lianxi-0.0.0-py3.12.egg-info\n'}
[9.205750] (py06_lianxi) StdoutLine: {'line': b'running install_scripts\n'}
[9.249943] (-) TimerEvent: {}
[9.350716] (-) TimerEvent: {}
[9.453190] (-) TimerEvent: {}
[9.554130] (-) TimerEvent: {}
[9.654896] (-) TimerEvent: {}
[9.692279] (py06_lianxi) StdoutLine: {'line': b'Installing turtle_fabu script to /home/huangbo/ros2_learn/tongxun_learn/install/py06_lianxi/lib/py06_lianxi\n'}
[9.694877] (py06_lianxi) StdoutLine: {'line': b'Installing turtle_jieshou script to /home/huangbo/ros2_learn/tongxun_learn/install/py06_lianxi/lib/py06_lianxi\n'}
[9.698489] (py06_lianxi) StdoutLine: {'line': b"writing list of installed files to '/home/huangbo/ros2_learn/tongxun_learn/build/py06_lianxi/install.log'\n"}
[9.755431] (-) TimerEvent: {}
[9.819503] (py06_lianxi) CommandEnded: {'returncode': 0}
[9.856110] (-) TimerEvent: {}
[9.863081] (py06_lianxi) JobEnded: {'identifier': 'py06_lianxi', 'rc': 0}
[9.863992] (py01_topic) JobStarted: {'identifier': 'py01_topic'}
[9.889005] (py07_jx) Command: {'cmd': ['/usr/bin/python3', '-W', 'ignore:setup.py install is deprecated', '-W', 'ignore:easy_install command is deprecated', 'setup.py', 'egg_info', '--egg-base', '../../build/py07_jx', 'build', '--build-base', '/home/huangbo/ros2_learn/tongxun_learn/build/py07_jx/build', 'install', '--record', '/home/huangbo/ros2_learn/tongxun_learn/build/py07_jx/install.log', '--install-scripts', '$base/lib/py07_jx', '--single-version-externally-managed', 'install_data'], 'cwd': '/home/huangbo/ros2_learn/tongxun_learn/src/py07_jx', 'env': OrderedDict({'LESSOPEN': '| /usr/bin/lesspipe %s', 'USER': 'huangbo', 'XDG_SESSION_TYPE': 'wayland', 'SHLVL': '1', 'LD_LIBRARY_PATH': '/opt/ros/jazzy/opt/rviz_ogre_vendor/lib:/opt/ros/jazzy/lib/x86_64-linux-gnu:/opt/ros/jazzy/opt/gz_math_vendor/lib:/opt/ros/jazzy/opt/gz_utils_vendor/lib:/opt/ros/jazzy/opt/gz_cmake_vendor/lib:/opt/ros/jazzy/lib', 'HOME': '/home/huangbo', 'DESKTOP_SESSION': 'ubuntu', 'ROS_PYTHON_VERSION': '3', 'GNOME_SHELL_SESSION_MODE': 'ubuntu', 'GTK_MODULES': 'gail:atk-bridge', 'DBUS_STARTER_BUS_TYPE': 'session', 'SYSTEMD_EXEC_PID': '2461', 'GSM_SKIP_SSH_AGENT_WORKAROUND': 'true', 'DBUS_SESSION_BUS_ADDRESS': 'unix:path=/run/user/1000/bus,guid=e13f3bf79aff23d7d31cac896ab3658b', 'COLORTERM': 'truecolor', 'DEBUGINFOD_URLS': 'https://debuginfod.ubuntu.com', 'IM_CONFIG_PHASE': '1', 'WAYLAND_DISPLAY': 'wayland-0', 'ROS_DISTRO': 'jazzy', 'LOGNAME': 'huangbo', '_': '/usr/bin/colcon', 'ROS_VERSION': '2', 'MEMORY_PRESSURE_WATCH': '/sys/fs/cgroup/user.slice/user-1000.slice/user@1000.service/app.slice/app-gnome\\x2dsession\\x2dmanager.slice/gnome-session-manager@ubuntu.service/memory.pressure', 'XDG_SESSION_CLASS': 'user', 'USERNAME': 'huangbo', 'TERM': 'xterm-256color', 'GNOME_DESKTOP_SESSION_ID': 'this-is-deprecated', 'PATH': '/opt/ros/jazzy/bin:/usr/local/sbin:/usr/local/bin:/usr/sbin:/usr/bin:/sbin:/bin:/usr/games:/usr/local/games:/snap/bin:/snap/bin', 'SESSION_MANAGER': 'local/huangbo-VMware-Virtual-Platform:@/tmp/.ICE-unix/2461,unix/huangbo-VMware-Virtual-Platform:/tmp/.ICE-unix/2461', 'XDG_MENU_PREFIX': 'gnome-', 'GNOME_TERMINAL_SCREEN': '/org/gnome/Terminal/screen/1fa247de_127f_4388_b4f5_14809bea7052', 'GNOME_SETUP_DISPLAY': ':1', 'XDG_RUNTIME_DIR': '/run/user/1000', 'DISPLAY': ':0', 'LANG': 'zh_CN.UTF-8', 'XDG_CURRENT_DESKTOP': 'ubuntu:GNOME', 'XMODIFIERS': '@im=ibus', 'XDG_SESSION_DESKTOP': 'ubuntu', 'XAUTHORITY': '/run/user/1000/.mutter-Xwaylandauth.LF85V3', 'LS_COLORS': 'rs=0:di=01;34:ln=01;36:mh=00:pi=40;33:so=01;35:do=01;35:bd=40;33;01:cd=40;33;01:or=40;31;01:mi=00:su=37;41:sg=30;43:ca=00:tw=30;42:ow=34;42:st=37;44:ex=01;32:*.tar=01;31:*.tgz=01;31:*.arc=01;31:*.arj=01;31:*.taz=01;31:*.lha=01;31:*.lz4=01;31:*.lzh=01;31:*.lzma=01;31:*.tlz=01;31:*.txz=01;31:*.tzo=01;31:*.t7z=01;31:*.zip=01;31:*.z=01;31:*.dz=01;31:*.gz=01;31:*.lrz=01;31:*.lz=01;31:*.lzo=01;31:*.xz=01;31:*.zst=01;31:*.tzst=01;31:*.bz2=01;31:*.bz=01;31:*.tbz=01;31:*.tbz2=01;31:*.tz=01;31:*.deb=01;31:*.rpm=01;31:*.jar=01;31:*.war=01;31:*.ear=01;31:*.sar=01;31:*.rar=01;31:*.alz=01;31:*.ace=01;31:*.zoo=01;31:*.cpio=01;31:*.7z=01;31:*.rz=01;31:*.cab=01;31:*.wim=01;31:*.swm=01;31:*.dwm=01;31:*.esd=01;31:*.avif=01;35:*.jpg=01;35:*.jpeg=01;35:*.mjpg=01;35:*.mjpeg=01;35:*.gif=01;35:*.bmp=01;35:*.pbm=01;35:*.pgm=01;35:*.ppm=01;35:*.tga=01;35:*.xbm=01;35:*.xpm=01;35:*.tif=01;35:*.tiff=01;35:*.png=01;35:*.svg=01;35:*.svgz=01;35:*.mng=01;35:*.pcx=01;35:*.mov=01;35:*.mpg=01;35:*.mpeg=01;35:*.m2v=01;35:*.mkv=01;35:*.webm=01;35:*.webp=01;35:*.ogm=01;35:*.mp4=01;35:*.m4v=01;35:*.mp4v=01;35:*.vob=01;35:*.qt=01;35:*.nuv=01;35:*.wmv=01;35:*.asf=01;35:*.rm=01;35:*.rmvb=01;35:*.flc=01;35:*.avi=01;35:*.fli=01;35:*.flv=01;35:*.gl=01;35:*.dl=01;35:*.xcf=01;35:*.xwd=01;35:*.yuv=01;35:*.cgm=01;35:*.emf=01;35:*.ogv=01;35:*.ogx=01;35:*.aac=00;36:*.au=00;36:*.flac=00;36:*.m4a=00;36:*.mid=00;36:*.midi=00;36:*.mka=00;36:*.mp3=00;36:*.mpc=00;36:*.ogg=00;36:*.ra=00;36:*.wav=00;36:*.oga=00;36:*.opus=00;36:*.spx=00;36:*.xspf=00;36:*~=00;90:*#=00;90:*.bak=00;90:*.crdownload=00;90:*.dpkg-dist=00;90:*.dpkg-new=00;90:*.dpkg-old=00;90:*.dpkg-tmp=00;90:*.old=00;90:*.orig=00;90:*.part=00;90:*.rej=00;90:*.rpmnew=00;90:*.rpmorig=00;90:*.rpmsave=00;90:*.swp=00;90:*.tmp=00;90:*.ucf-dist=00;90:*.ucf-new=00;90:*.ucf-old=00;90:', 'GNOME_TERMINAL_SERVICE': ':1.197', 'SSH_AUTH_SOCK': '/run/user/1000/keyring/ssh', 'AMENT_PREFIX_PATH': '/opt/ros/jazzy', 'SHELL': '/bin/bash', 'QT_ACCESSIBILITY': '1', 'GDMSESSION': 'ubuntu', 'LESSCLOSE': '/usr/bin/lesspipe %s %s', 'ROS_AUTOMATIC_DISCOVERY_RANGE': 'SUBNET', 'QT_IM_MODULE': 'ibus', 'PWD': '/home/huangbo/ros2_learn/tongxun_learn/build/py07_jx', 'XDG_CONFIG_DIRS': '/etc/xdg/xdg-ubuntu:/etc/xdg', 'DBUS_STARTER_ADDRESS': 'unix:path=/run/user/1000/bus,guid=e13f3bf79aff23d7d31cac896ab3658b', 'XDG_DATA_DIRS': '/usr/share/ubuntu:/usr/share/gnome:/usr/local/share/:/usr/share/:/var/lib/snapd/desktop', 'QTWEBENGINE_DICTIONARIES_PATH': '/usr/share/hunspell-bdic/', 'PYTHONPATH': '/home/huangbo/ros2_learn/tongxun_learn/build/py07_jx/prefix_override:/usr/lib/python3/dist-packages/colcon_core/task/python/colcon_distutils_commands:/home/huangbo/ros2_learn/tongxun_learn/install/py07_jx/lib/python3.12/site-packages:/opt/ros/jazzy/opt/gz_math_vendor/lib/python:/opt/ros/jazzy/lib/python3.12/site-packages', 'COLCON': '1', 'MEMORY_PRESSURE_WRITE': 'c29tZSAyMDAwMDAgMjAwMDAwMAA=', 'VTE_VERSION': '7600', 'CMAKE_PREFIX_PATH': '/opt/ros/jazzy/opt/gz_math_vendor:/opt/ros/jazzy/opt/gz_utils_vendor:/opt/ros/jazzy/opt/gz_cmake_vendor'}), 'shell': False}
[9.956763] (-) TimerEvent: {}
[10.057427] (-) TimerEvent: {}
[10.158003] (-) TimerEvent: {}
[10.267292] (-) TimerEvent: {}
[10.371147] (-) TimerEvent: {}
[10.473335] (-) TimerEvent: {}
[10.516412] (py07_jx) StdoutLine: {'line': b'running egg_info\n'}
[10.540914] (py07_jx) StdoutLine: {'line': b'writing ../../build/py07_jx/py07_jx.egg-info/PKG-INFO\n'}
[10.543311] (py07_jx) StdoutLine: {'line': b'writing dependency_links to ../../build/py07_jx/py07_jx.egg-info/dependency_links.txt\n'}
[10.543919] (py07_jx) StdoutLine: {'line': b'writing entry points to ../../build/py07_jx/py07_jx.egg-info/entry_points.txt\n'}
[10.546449] (py07_jx) StdoutLine: {'line': b'writing requirements to ../../build/py07_jx/py07_jx.egg-info/requires.txt\n'}
[10.548711] (py07_jx) StdoutLine: {'line': b'writing top-level names to ../../build/py07_jx/py07_jx.egg-info/top_level.txt\n'}
[10.573490] (-) TimerEvent: {}
[10.655966] (py07_jx) StdoutLine: {'line': b"reading manifest file '../../build/py07_jx/py07_jx.egg-info/SOURCES.txt'\n"}
[10.657078] (py07_jx) StdoutLine: {'line': b"writing manifest file '../../build/py07_jx/py07_jx.egg-info/SOURCES.txt'\n"}
[10.658064] (py07_jx) StdoutLine: {'line': b'running build\n'}
[10.659724] (py07_jx) StdoutLine: {'line': b'running build_py\n'}
[10.661412] (py07_jx) StdoutLine: {'line': b'running install\n'}
[10.672289] (py07_jx) StdoutLine: {'line': b'running install_lib\n'}
[10.675096] (-) TimerEvent: {}
[10.744342] (py07_jx) StdoutLine: {'line': b'running install_data\n'}
[10.746200] (py07_jx) StdoutLine: {'line': b'running install_egg_info\n'}
[10.762950] (py07_jx) StdoutLine: {'line': b"removing '/home/huangbo/ros2_learn/tongxun_learn/install/py07_jx/lib/python3.12/site-packages/py07_jx-0.0.0-py3.12.egg-info' (and everything under it)\n"}
[10.763446] (py07_jx) StdoutLine: {'line': b'Copying ../../build/py07_jx/py07_jx.egg-info to /home/huangbo/ros2_learn/tongxun_learn/install/py07_jx/lib/python3.12/site-packages/py07_jx-0.0.0-py3.12.egg-info\n'}
[10.765529] (py07_jx) StdoutLine: {'line': b'running install_scripts\n'}
[10.775269] (-) TimerEvent: {}
[10.884074] (-) TimerEvent: {}
[10.986603] (-) TimerEvent: {}
[11.088023] (-) TimerEvent: {}
[11.189181] (-) TimerEvent: {}
[11.219506] (py07_jx) StdoutLine: {'line': b'Installing turtle_jingxiang script to /home/huangbo/ros2_learn/tongxun_learn/install/py07_jx/lib/py07_jx\n'}
[11.221328] (py07_jx) StdoutLine: {'line': b"writing list of installed files to '/home/huangbo/ros2_learn/tongxun_learn/build/py07_jx/install.log'\n"}
[11.290190] (-) TimerEvent: {}
[11.398711] (-) TimerEvent: {}
[11.466035] (py07_jx) CommandEnded: {'returncode': 0}
[11.537960] (py07_jx) JobEnded: {'identifier': 'py07_jx', 'rc': 0}
[11.543251] (-) TimerEvent: {}
[11.547412] (py03_acton) JobStarted: {'identifier': 'py03_acton'}
[11.645563] (-) TimerEvent: {}
[11.746321] (-) TimerEvent: {}
[11.858134] (-) TimerEvent: {}
[11.967980] (-) TimerEvent: {}
[12.069994] (-) TimerEvent: {}
[12.173888] (-) TimerEvent: {}
[12.279264] (-) TimerEvent: {}
[12.381295] (-) TimerEvent: {}
[12.482022] (-) TimerEvent: {}
[12.584965] (-) TimerEvent: {}
[12.685985] (-) TimerEvent: {}
[12.790898] (-) TimerEvent: {}
[12.891737] (-) TimerEvent: {}
[12.993833] (-) TimerEvent: {}
[13.094582] (-) TimerEvent: {}
[13.195333] (-) TimerEvent: {}
[13.221190] (py01_topic) Command: {'cmd': ['/usr/bin/python3', '-W', 'ignore:setup.py install is deprecated', '-W', 'ignore:easy_install command is deprecated', 'setup.py', 'egg_info', '--egg-base', '../../build/py01_topic', 'build', '--build-base', '/home/huangbo/ros2_learn/tongxun_learn/build/py01_topic/build', 'install', '--record', '/home/huangbo/ros2_learn/tongxun_learn/build/py01_topic/install.log', '--install-scripts', '$base/lib/py01_topic', '--single-version-externally-managed', 'install_data'], 'cwd': '/home/huangbo/ros2_learn/tongxun_learn/src/py01_topic', 'env': OrderedDict({'LESSOPEN': '| /usr/bin/lesspipe %s', 'USER': 'huangbo', 'XDG_SESSION_TYPE': 'wayland', 'SHLVL': '1', 'LD_LIBRARY_PATH': '/home/huangbo/ros2_learn/tongxun_learn/install/student_interfaces/lib:/opt/ros/jazzy/opt/rviz_ogre_vendor/lib:/opt/ros/jazzy/lib/x86_64-linux-gnu:/opt/ros/jazzy/opt/gz_math_vendor/lib:/opt/ros/jazzy/opt/gz_utils_vendor/lib:/opt/ros/jazzy/opt/gz_cmake_vendor/lib:/opt/ros/jazzy/lib', 'HOME': '/home/huangbo', 'DESKTOP_SESSION': 'ubuntu', 'ROS_PYTHON_VERSION': '3', 'GNOME_SHELL_SESSION_MODE': 'ubuntu', 'GTK_MODULES': 'gail:atk-bridge', 'DBUS_STARTER_BUS_TYPE': 'session', 'SYSTEMD_EXEC_PID': '2461', 'GSM_SKIP_SSH_AGENT_WORKAROUND': 'true', 'DBUS_SESSION_BUS_ADDRESS': 'unix:path=/run/user/1000/bus,guid=e13f3bf79aff23d7d31cac896ab3658b', 'COLORTERM': 'truecolor', 'DEBUGINFOD_URLS': 'https://debuginfod.ubuntu.com', 'IM_CONFIG_PHASE': '1', 'WAYLAND_DISPLAY': 'wayland-0', 'ROS_DISTRO': 'jazzy', 'LOGNAME': 'huangbo', '_': '/usr/bin/colcon', 'ROS_VERSION': '2', 'MEMORY_PRESSURE_WATCH': '/sys/fs/cgroup/user.slice/user-1000.slice/user@1000.service/app.slice/app-gnome\\x2dsession\\x2dmanager.slice/gnome-session-manager@ubuntu.service/memory.pressure', 'XDG_SESSION_CLASS': 'user', 'USERNAME': 'huangbo', 'TERM': 'xterm-256color', 'GNOME_DESKTOP_SESSION_ID': 'this-is-deprecated', 'PATH': '/opt/ros/jazzy/bin:/usr/local/sbin:/usr/local/bin:/usr/sbin:/usr/bin:/sbin:/bin:/usr/games:/usr/local/games:/snap/bin:/snap/bin', 'SESSION_MANAGER': 'local/huangbo-VMware-Virtual-Platform:@/tmp/.ICE-unix/2461,unix/huangbo-VMware-Virtual-Platform:/tmp/.ICE-unix/2461', 'XDG_MENU_PREFIX': 'gnome-', 'GNOME_TERMINAL_SCREEN': '/org/gnome/Terminal/screen/1fa247de_127f_4388_b4f5_14809bea7052', 'GNOME_SETUP_DISPLAY': ':1', 'XDG_RUNTIME_DIR': '/run/user/1000', 'DISPLAY': ':0', 'LANG': 'zh_CN.UTF-8', 'XDG_CURRENT_DESKTOP': 'ubuntu:GNOME', 'XMODIFIERS': '@im=ibus', 'XDG_SESSION_DESKTOP': 'ubuntu', 'XAUTHORITY': '/run/user/1000/.mutter-Xwaylandauth.LF85V3', 'LS_COLORS': 'rs=0:di=01;34:ln=01;36:mh=00:pi=40;33:so=01;35:do=01;35:bd=40;33;01:cd=40;33;01:or=40;31;01:mi=00:su=37;41:sg=30;43:ca=00:tw=30;42:ow=34;42:st=37;44:ex=01;32:*.tar=01;31:*.tgz=01;31:*.arc=01;31:*.arj=01;31:*.taz=01;31:*.lha=01;31:*.lz4=01;31:*.lzh=01;31:*.lzma=01;31:*.tlz=01;31:*.txz=01;31:*.tzo=01;31:*.t7z=01;31:*.zip=01;31:*.z=01;31:*.dz=01;31:*.gz=01;31:*.lrz=01;31:*.lz=01;31:*.lzo=01;31:*.xz=01;31:*.zst=01;31:*.tzst=01;31:*.bz2=01;31:*.bz=01;31:*.tbz=01;31:*.tbz2=01;31:*.tz=01;31:*.deb=01;31:*.rpm=01;31:*.jar=01;31:*.war=01;31:*.ear=01;31:*.sar=01;31:*.rar=01;31:*.alz=01;31:*.ace=01;31:*.zoo=01;31:*.cpio=01;31:*.7z=01;31:*.rz=01;31:*.cab=01;31:*.wim=01;31:*.swm=01;31:*.dwm=01;31:*.esd=01;31:*.avif=01;35:*.jpg=01;35:*.jpeg=01;35:*.mjpg=01;35:*.mjpeg=01;35:*.gif=01;35:*.bmp=01;35:*.pbm=01;35:*.pgm=01;35:*.ppm=01;35:*.tga=01;35:*.xbm=01;35:*.xpm=01;35:*.tif=01;35:*.tiff=01;35:*.png=01;35:*.svg=01;35:*.svgz=01;35:*.mng=01;35:*.pcx=01;35:*.mov=01;35:*.mpg=01;35:*.mpeg=01;35:*.m2v=01;35:*.mkv=01;35:*.webm=01;35:*.webp=01;35:*.ogm=01;35:*.mp4=01;35:*.m4v=01;35:*.mp4v=01;35:*.vob=01;35:*.qt=01;35:*.nuv=01;35:*.wmv=01;35:*.asf=01;35:*.rm=01;35:*.rmvb=01;35:*.flc=01;35:*.avi=01;35:*.fli=01;35:*.flv=01;35:*.gl=01;35:*.dl=01;35:*.xcf=01;35:*.xwd=01;35:*.yuv=01;35:*.cgm=01;35:*.emf=01;35:*.ogv=01;35:*.ogx=01;35:*.aac=00;36:*.au=00;36:*.flac=00;36:*.m4a=00;36:*.mid=00;36:*.midi=00;36:*.mka=00;36:*.mp3=00;36:*.mpc=00;36:*.ogg=00;36:*.ra=00;36:*.wav=00;36:*.oga=00;36:*.opus=00;36:*.spx=00;36:*.xspf=00;36:*~=00;90:*#=00;90:*.bak=00;90:*.crdownload=00;90:*.dpkg-dist=00;90:*.dpkg-new=00;90:*.dpkg-old=00;90:*.dpkg-tmp=00;90:*.old=00;90:*.orig=00;90:*.part=00;90:*.rej=00;90:*.rpmnew=00;90:*.rpmorig=00;90:*.rpmsave=00;90:*.swp=00;90:*.tmp=00;90:*.ucf-dist=00;90:*.ucf-new=00;90:*.ucf-old=00;90:', 'GNOME_TERMINAL_SERVICE': ':1.197', 'SSH_AUTH_SOCK': '/run/user/1000/keyring/ssh', 'AMENT_PREFIX_PATH': '/home/huangbo/ros2_learn/tongxun_learn/install/student_interfaces:/opt/ros/jazzy', 'SHELL': '/bin/bash', 'QT_ACCESSIBILITY': '1', 'GDMSESSION': 'ubuntu', 'LESSCLOSE': '/usr/bin/lesspipe %s %s', 'ROS_AUTOMATIC_DISCOVERY_RANGE': 'SUBNET', 'QT_IM_MODULE': 'ibus', 'PWD': '/home/huangbo/ros2_learn/tongxun_learn/build/py01_topic', 'XDG_CONFIG_DIRS': '/etc/xdg/xdg-ubuntu:/etc/xdg', 'DBUS_STARTER_ADDRESS': 'unix:path=/run/user/1000/bus,guid=e13f3bf79aff23d7d31cac896ab3658b', 'XDG_DATA_DIRS': '/usr/share/ubuntu:/usr/share/gnome:/usr/local/share/:/usr/share/:/var/lib/snapd/desktop', 'QTWEBENGINE_DICTIONARIES_PATH': '/usr/share/hunspell-bdic/', 'PYTHONPATH': '/home/huangbo/ros2_learn/tongxun_learn/build/py01_topic/prefix_override:/usr/lib/python3/dist-packages/colcon_core/task/python/colcon_distutils_commands:/home/huangbo/ros2_learn/tongxun_learn/install/py01_topic/lib/python3.12/site-packages:/home/huangbo/ros2_learn/tongxun_learn/install/student_interfaces/lib/python3.12/site-packages:/opt/ros/jazzy/opt/gz_math_vendor/lib/python:/opt/ros/jazzy/lib/python3.12/site-packages', 'COLCON': '1', 'MEMORY_PRESSURE_WRITE': 'c29tZSAyMDAwMDAgMjAwMDAwMAA=', 'VTE_VERSION': '7600', 'CMAKE_PREFIX_PATH': '/home/huangbo/ros2_learn/tongxun_learn/install/student_interfaces:/opt/ros/jazzy/opt/gz_math_vendor:/opt/ros/jazzy/opt/gz_utils_vendor:/opt/ros/jazzy/opt/gz_cmake_vendor'}), 'shell': False}
[13.295581] (-) TimerEvent: {}
[13.395953] (-) TimerEvent: {}
[13.499547] (-) TimerEvent: {}
[13.565035] (py03_acton) Command: {'cmd': ['/usr/bin/python3', '-W', 'ignore:setup.py install is deprecated', '-W', 'ignore:easy_install command is deprecated', 'setup.py', 'egg_info', '--egg-base', '../../build/py03_acton', 'build', '--build-base', '/home/huangbo/ros2_learn/tongxun_learn/build/py03_acton/build', 'install', '--record', '/home/huangbo/ros2_learn/tongxun_learn/build/py03_acton/install.log', '--install-scripts', '$base/lib/py03_acton', '--single-version-externally-managed', 'install_data'], 'cwd': '/home/huangbo/ros2_learn/tongxun_learn/src/py03_acton', 'env': OrderedDict({'LESSOPEN': '| /usr/bin/lesspipe %s', 'USER': 'huangbo', 'XDG_SESSION_TYPE': 'wayland', 'SHLVL': '1', 'LD_LIBRARY_PATH': '/home/huangbo/ros2_learn/tongxun_learn/install/student_interfaces/lib:/opt/ros/jazzy/opt/rviz_ogre_vendor/lib:/opt/ros/jazzy/lib/x86_64-linux-gnu:/opt/ros/jazzy/opt/gz_math_vendor/lib:/opt/ros/jazzy/opt/gz_utils_vendor/lib:/opt/ros/jazzy/opt/gz_cmake_vendor/lib:/opt/ros/jazzy/lib', 'HOME': '/home/huangbo', 'DESKTOP_SESSION': 'ubuntu', 'ROS_PYTHON_VERSION': '3', 'GNOME_SHELL_SESSION_MODE': 'ubuntu', 'GTK_MODULES': 'gail:atk-bridge', 'DBUS_STARTER_BUS_TYPE': 'session', 'SYSTEMD_EXEC_PID': '2461', 'GSM_SKIP_SSH_AGENT_WORKAROUND': 'true', 'DBUS_SESSION_BUS_ADDRESS': 'unix:path=/run/user/1000/bus,guid=e13f3bf79aff23d7d31cac896ab3658b', 'COLORTERM': 'truecolor', 'DEBUGINFOD_URLS': 'https://debuginfod.ubuntu.com', 'IM_CONFIG_PHASE': '1', 'WAYLAND_DISPLAY': 'wayland-0', 'ROS_DISTRO': 'jazzy', 'LOGNAME': 'huangbo', '_': '/usr/bin/colcon', 'ROS_VERSION': '2', 'MEMORY_PRESSURE_WATCH': '/sys/fs/cgroup/user.slice/user-1000.slice/user@1000.service/app.slice/app-gnome\\x2dsession\\x2dmanager.slice/gnome-session-manager@ubuntu.service/memory.pressure', 'XDG_SESSION_CLASS': 'user', 'USERNAME': 'huangbo', 'TERM': 'xterm-256color', 'GNOME_DESKTOP_SESSION_ID': 'this-is-deprecated', 'PATH': '/opt/ros/jazzy/bin:/usr/local/sbin:/usr/local/bin:/usr/sbin:/usr/bin:/sbin:/bin:/usr/games:/usr/local/games:/snap/bin:/snap/bin', 'SESSION_MANAGER': 'local/huangbo-VMware-Virtual-Platform:@/tmp/.ICE-unix/2461,unix/huangbo-VMware-Virtual-Platform:/tmp/.ICE-unix/2461', 'XDG_MENU_PREFIX': 'gnome-', 'GNOME_TERMINAL_SCREEN': '/org/gnome/Terminal/screen/1fa247de_127f_4388_b4f5_14809bea7052', 'GNOME_SETUP_DISPLAY': ':1', 'XDG_RUNTIME_DIR': '/run/user/1000', 'DISPLAY': ':0', 'LANG': 'zh_CN.UTF-8', 'XDG_CURRENT_DESKTOP': 'ubuntu:GNOME', 'XMODIFIERS': '@im=ibus', 'XDG_SESSION_DESKTOP': 'ubuntu', 'XAUTHORITY': '/run/user/1000/.mutter-Xwaylandauth.LF85V3', 'LS_COLORS': 'rs=0:di=01;34:ln=01;36:mh=00:pi=40;33:so=01;35:do=01;35:bd=40;33;01:cd=40;33;01:or=40;31;01:mi=00:su=37;41:sg=30;43:ca=00:tw=30;42:ow=34;42:st=37;44:ex=01;32:*.tar=01;31:*.tgz=01;31:*.arc=01;31:*.arj=01;31:*.taz=01;31:*.lha=01;31:*.lz4=01;31:*.lzh=01;31:*.lzma=01;31:*.tlz=01;31:*.txz=01;31:*.tzo=01;31:*.t7z=01;31:*.zip=01;31:*.z=01;31:*.dz=01;31:*.gz=01;31:*.lrz=01;31:*.lz=01;31:*.lzo=01;31:*.xz=01;31:*.zst=01;31:*.tzst=01;31:*.bz2=01;31:*.bz=01;31:*.tbz=01;31:*.tbz2=01;31:*.tz=01;31:*.deb=01;31:*.rpm=01;31:*.jar=01;31:*.war=01;31:*.ear=01;31:*.sar=01;31:*.rar=01;31:*.alz=01;31:*.ace=01;31:*.zoo=01;31:*.cpio=01;31:*.7z=01;31:*.rz=01;31:*.cab=01;31:*.wim=01;31:*.swm=01;31:*.dwm=01;31:*.esd=01;31:*.avif=01;35:*.jpg=01;35:*.jpeg=01;35:*.mjpg=01;35:*.mjpeg=01;35:*.gif=01;35:*.bmp=01;35:*.pbm=01;35:*.pgm=01;35:*.ppm=01;35:*.tga=01;35:*.xbm=01;35:*.xpm=01;35:*.tif=01;35:*.tiff=01;35:*.png=01;35:*.svg=01;35:*.svgz=01;35:*.mng=01;35:*.pcx=01;35:*.mov=01;35:*.mpg=01;35:*.mpeg=01;35:*.m2v=01;35:*.mkv=01;35:*.webm=01;35:*.webp=01;35:*.ogm=01;35:*.mp4=01;35:*.m4v=01;35:*.mp4v=01;35:*.vob=01;35:*.qt=01;35:*.nuv=01;35:*.wmv=01;35:*.asf=01;35:*.rm=01;35:*.rmvb=01;35:*.flc=01;35:*.avi=01;35:*.fli=01;35:*.flv=01;35:*.gl=01;35:*.dl=01;35:*.xcf=01;35:*.xwd=01;35:*.yuv=01;35:*.cgm=01;35:*.emf=01;35:*.ogv=01;35:*.ogx=01;35:*.aac=00;36:*.au=00;36:*.flac=00;36:*.m4a=00;36:*.mid=00;36:*.midi=00;36:*.mka=00;36:*.mp3=00;36:*.mpc=00;36:*.ogg=00;36:*.ra=00;36:*.wav=00;36:*.oga=00;36:*.opus=00;36:*.spx=00;36:*.xspf=00;36:*~=00;90:*#=00;90:*.bak=00;90:*.crdownload=00;90:*.dpkg-dist=00;90:*.dpkg-new=00;90:*.dpkg-old=00;90:*.dpkg-tmp=00;90:*.old=00;90:*.orig=00;90:*.part=00;90:*.rej=00;90:*.rpmnew=00;90:*.rpmorig=00;90:*.rpmsave=00;90:*.swp=00;90:*.tmp=00;90:*.ucf-dist=00;90:*.ucf-new=00;90:*.ucf-old=00;90:', 'GNOME_TERMINAL_SERVICE': ':1.197', 'SSH_AUTH_SOCK': '/run/user/1000/keyring/ssh', 'AMENT_PREFIX_PATH': '/home/huangbo/ros2_learn/tongxun_learn/install/student_interfaces:/opt/ros/jazzy', 'SHELL': '/bin/bash', 'QT_ACCESSIBILITY': '1', 'GDMSESSION': 'ubuntu', 'LESSCLOSE': '/usr/bin/lesspipe %s %s', 'ROS_AUTOMATIC_DISCOVERY_RANGE': 'SUBNET', 'QT_IM_MODULE': 'ibus', 'PWD': '/home/huangbo/ros2_learn/tongxun_learn/build/py03_acton', 'XDG_CONFIG_DIRS': '/etc/xdg/xdg-ubuntu:/etc/xdg', 'DBUS_STARTER_ADDRESS': 'unix:path=/run/user/1000/bus,guid=e13f3bf79aff23d7d31cac896ab3658b', 'XDG_DATA_DIRS': '/usr/share/ubuntu:/usr/share/gnome:/usr/local/share/:/usr/share/:/var/lib/snapd/desktop', 'QTWEBENGINE_DICTIONARIES_PATH': '/usr/share/hunspell-bdic/', 'PYTHONPATH': '/home/huangbo/ros2_learn/tongxun_learn/build/py03_acton/prefix_override:/usr/lib/python3/dist-packages/colcon_core/task/python/colcon_distutils_commands:/home/huangbo/ros2_learn/tongxun_learn/install/py03_acton/lib/python3.12/site-packages:/home/huangbo/ros2_learn/tongxun_learn/install/student_interfaces/lib/python3.12/site-packages:/opt/ros/jazzy/opt/gz_math_vendor/lib/python:/opt/ros/jazzy/lib/python3.12/site-packages', 'COLCON': '1', 'MEMORY_PRESSURE_WRITE': 'c29tZSAyMDAwMDAgMjAwMDAwMAA=', 'VTE_VERSION': '7600', 'CMAKE_PREFIX_PATH': '/home/huangbo/ros2_learn/tongxun_learn/install/student_interfaces:/opt/ros/jazzy/opt/gz_math_vendor:/opt/ros/jazzy/opt/gz_utils_vendor:/opt/ros/jazzy/opt/gz_cmake_vendor'}), 'shell': False}
[13.592005] (py01_topic) StdoutLine: {'line': b'running egg_info\n'}
[13.600123] (-) TimerEvent: {}
[13.618623] (py01_topic) StdoutLine: {'line': b'writing ../../build/py01_topic/py01_topic.egg-info/PKG-INFO\n'}
[13.620500] (py01_topic) StdoutLine: {'line': b'writing dependency_links to ../../build/py01_topic/py01_topic.egg-info/dependency_links.txt\n'}
[13.622318] (py01_topic) StdoutLine: {'line': b'writing entry points to ../../build/py01_topic/py01_topic.egg-info/entry_points.txt\n'}
[13.625606] (py01_topic) StdoutLine: {'line': b'writing requirements to ../../build/py01_topic/py01_topic.egg-info/requires.txt\n'}
[13.629660] (py01_topic) StdoutLine: {'line': b'writing top-level names to ../../build/py01_topic/py01_topic.egg-info/top_level.txt\n'}
[13.680113] (py01_topic) StdoutLine: {'line': b"reading manifest file '../../build/py01_topic/py01_topic.egg-info/SOURCES.txt'\n"}
[13.680965] (py01_topic) StdoutLine: {'line': b"writing manifest file '../../build/py01_topic/py01_topic.egg-info/SOURCES.txt'\n"}
[13.682355] (py01_topic) StdoutLine: {'line': b'running build\n'}
[13.683124] (py01_topic) StdoutLine: {'line': b'running build_py\n'}
[13.684321] (py01_topic) StdoutLine: {'line': b'running install\n'}
[13.690727] (py01_topic) StdoutLine: {'line': b'running install_lib\n'}
[13.700741] (-) TimerEvent: {}
[13.714131] (py01_topic) StdoutLine: {'line': b'running install_data\n'}
[13.715025] (py01_topic) StdoutLine: {'line': b'running install_egg_info\n'}
[13.743708] (py01_topic) StdoutLine: {'line': b"removing '/home/huangbo/ros2_learn/tongxun_learn/install/py01_topic/lib/python3.12/site-packages/py01_topic-0.0.0-py3.12.egg-info' (and everything under it)\n"}
[13.749071] (py01_topic) StdoutLine: {'line': b'Copying ../../build/py01_topic/py01_topic.egg-info to /home/huangbo/ros2_learn/tongxun_learn/install/py01_topic/lib/python3.12/site-packages/py01_topic-0.0.0-py3.12.egg-info\n'}
[13.760325] (py01_topic) StdoutLine: {'line': b'running install_scripts\n'}
[13.801130] (-) TimerEvent: {}
[13.902193] (-) TimerEvent: {}
[13.913909] (py01_topic) StdoutLine: {'line': b'Installing addints_client_py script to /home/huangbo/ros2_learn/tongxun_learn/install/py01_topic/lib/py01_topic\n'}
[13.915013] (py01_topic) StdoutLine: {'line': b'Installing addints_server_py script to /home/huangbo/ros2_learn/tongxun_learn/install/py01_topic/lib/py01_topic\n'}
[13.916677] (py01_topic) StdoutLine: {'line': b'Installing demo01_talker_str_py script to /home/huangbo/ros2_learn/tongxun_learn/install/py01_topic/lib/py01_topic\n'}
[13.918428] (py01_topic) StdoutLine: {'line': b'Installing demo02_listener_str_py script to /home/huangbo/ros2_learn/tongxun_learn/install/py01_topic/lib/py01_topic\n'}
[13.920421] (py01_topic) StdoutLine: {'line': b'Installing student_listener_py script to /home/huangbo/ros2_learn/tongxun_learn/install/py01_topic/lib/py01_topic\n'}
[13.922163] (py01_topic) StdoutLine: {'line': b'Installing student_talker_py script to /home/huangbo/ros2_learn/tongxun_learn/install/py01_topic/lib/py01_topic\n'}
[13.924042] (py01_topic) StdoutLine: {'line': b"writing list of installed files to '/home/huangbo/ros2_learn/tongxun_learn/build/py01_topic/install.log'\n"}
[13.989444] (py03_acton) StdoutLine: {'line': b'running egg_info\n'}
[14.002654] (-) TimerEvent: {}
[14.011779] (py01_topic) CommandEnded: {'returncode': 0}
[14.029068] (py03_acton) StdoutLine: {'line': b'writing ../../build/py03_acton/py03_acton.egg-info/PKG-INFO\n'}
[14.035165] (py03_acton) StdoutLine: {'line': b'writing dependency_links to ../../build/py03_acton/py03_acton.egg-info/dependency_links.txt\n'}
[14.037345] (py03_acton) StdoutLine: {'line': b'writing entry points to ../../build/py03_acton/py03_acton.egg-info/entry_points.txt\n'}
[14.054708] (py03_acton) StdoutLine: {'line': b'writing requirements to ../../build/py03_acton/py03_acton.egg-info/requires.txt\n'}
[14.064420] (py03_acton) StdoutLine: {'line': b'writing top-level names to ../../build/py03_acton/py03_acton.egg-info/top_level.txt\n'}
[14.065271] (py01_topic) JobEnded: {'identifier': 'py01_topic', 'rc': 0}
[14.103209] (-) TimerEvent: {}
[14.116585] (py03_acton) StdoutLine: {'line': b"reading manifest file '../../build/py03_acton/py03_acton.egg-info/SOURCES.txt'\n"}
[14.118474] (py03_acton) StdoutLine: {'line': b"writing manifest file '../../build/py03_acton/py03_acton.egg-info/SOURCES.txt'\n"}
[14.119543] (py03_acton) StdoutLine: {'line': b'running build\n'}
[14.121740] (py03_acton) StdoutLine: {'line': b'running build_py\n'}
[14.122494] (py03_acton) StdoutLine: {'line': b'running install\n'}
[14.138774] (py03_acton) StdoutLine: {'line': b'running install_lib\n'}
[14.186939] (py03_acton) StdoutLine: {'line': b'running install_data\n'}
[14.188053] (py03_acton) StdoutLine: {'line': b'running install_egg_info\n'}
[14.203549] (-) TimerEvent: {}
[14.214230] (py03_acton) StdoutLine: {'line': b"removing '/home/huangbo/ros2_learn/tongxun_learn/install/py03_acton/lib/python3.12/site-packages/py03_acton-0.0.0-py3.12.egg-info' (and everything under it)\n"}
[14.219484] (py03_acton) StdoutLine: {'line': b'Copying ../../build/py03_acton/py03_acton.egg-info to /home/huangbo/ros2_learn/tongxun_learn/install/py03_acton/lib/python3.12/site-packages/py03_acton-0.0.0-py3.12.egg-info\n'}
[14.219757] (py03_acton) StdoutLine: {'line': b'running install_scripts\n'}
[14.305032] (-) TimerEvent: {}
[14.366228] (py03_acton) StdoutLine: {'line': b'Installing demo_action_client_py script to /home/huangbo/ros2_learn/tongxun_learn/install/py03_acton/lib/py03_acton\n'}
[14.366853] (py03_acton) StdoutLine: {'line': b'Installing demo_action_server_py script to /home/huangbo/ros2_learn/tongxun_learn/install/py03_acton/lib/py03_acton\n'}
[14.368591] (py03_acton) StdoutLine: {'line': b"writing list of installed files to '/home/huangbo/ros2_learn/tongxun_learn/build/py03_acton/install.log'\n"}
[14.405490] (-) TimerEvent: {}
[14.427686] (py03_acton) CommandEnded: {'returncode': 0}
[14.444877] (py03_acton) JobEnded: {'identifier': 'py03_acton', 'rc': 0}
[14.448106] (-) EventReactorShutdown: {}
