[0.104s] DEBUG:colcon:Command line arguments: ['/usr/bin/colcon', 'build']
[0.104s] DEBUG:colcon:Parsed command line arguments: Namespace(log_base=None, log_level=None, verb_name='build', build_base='build', install_base='install', merge_install=False, symlink_install=False, test_result_base=None, continue_on_error=False, executor='parallel', parallel_workers=2, event_handlers=None, ignore_user_meta=False, metas=['./colcon.meta'], base_paths=['.'], packages_ignore=None, packages_ignore_regex=None, paths=None, packages_up_to=None, packages_up_to_regex=None, packages_above=None, packages_above_and_dependencies=None, packages_above_depth=None, packages_select_by_dep=None, packages_skip_by_dep=None, packages_skip_up_to=None, packages_select_build_failed=False, packages_skip_build_finished=False, packages_select_test_failures=False, packages_skip_test_passed=False, packages_select=None, packages_skip=None, packages_select_regex=None, packages_skip_regex=None, packages_start=None, packages_end=None, allow_overriding=[], cmake_args=None, cmake_target=None, cmake_target_skip_unavailable=False, cmake_clean_cache=False, cmake_clean_first=False, cmake_force_configure=False, ament_cmake_args=None, catkin_cmake_args=None, catkin_skip_building_tests=False, mixin_files=None, mixin=None, verb_parser=<colcon_mixin.mixin.mixin_argument.MixinArgumentDecorator object at 0x715083d901a0>, verb_extension=<colcon_core.verb.build.BuildVerb object at 0x715083d11cd0>, main=<bound method BuildVerb.main of <colcon_core.verb.build.BuildVerb object at 0x715083d11cd0>>, mixin_verb=('build',))
[0.142s] Level 1:colcon.colcon_core.package_discovery:discover_packages(colcon_meta) check parameters
[0.142s] Level 1:colcon.colcon_core.package_discovery:discover_packages(recursive) check parameters
[0.142s] Level 1:colcon.colcon_core.package_discovery:discover_packages(ignore) check parameters
[0.142s] Level 1:colcon.colcon_core.package_discovery:discover_packages(path) check parameters
[0.142s] Level 1:colcon.colcon_core.package_discovery:discover_packages(colcon_meta) discover
[0.142s] Level 1:colcon.colcon_core.package_discovery:discover_packages(recursive) discover
[0.142s] INFO:colcon.colcon_core.package_discovery:Crawling recursively for packages in '/home/huangbo/ros2_learn/tongxun_learn'
[0.143s] Level 1:colcon.colcon_core.package_identification:_identify(.) by extensions ['ignore', 'ignore_ament_install']
[0.143s] Level 1:colcon.colcon_core.package_identification:_identify(.) by extension 'ignore'
[0.143s] Level 1:colcon.colcon_core.package_identification:_identify(.) by extension 'ignore_ament_install'
[0.143s] Level 1:colcon.colcon_core.package_identification:_identify(.) by extensions ['colcon_pkg']
[0.143s] Level 1:colcon.colcon_core.package_identification:_identify(.) by extension 'colcon_pkg'
[0.143s] Level 1:colcon.colcon_core.package_identification:_identify(.) by extensions ['colcon_meta']
[0.143s] Level 1:colcon.colcon_core.package_identification:_identify(.) by extension 'colcon_meta'
[0.143s] Level 1:colcon.colcon_core.package_identification:_identify(.) by extensions ['ros']
[0.143s] Level 1:colcon.colcon_core.package_identification:_identify(.) by extension 'ros'
[0.168s] Level 1:colcon.colcon_core.package_identification:_identify(.) by extensions ['cmake', 'python']
[0.168s] Level 1:colcon.colcon_core.package_identification:_identify(.) by extension 'cmake'
[0.168s] Level 1:colcon.colcon_core.package_identification:_identify(.) by extension 'python'
[0.168s] Level 1:colcon.colcon_core.package_identification:_identify(.) by extensions ['python_setup_py']
[0.168s] Level 1:colcon.colcon_core.package_identification:_identify(.) by extension 'python_setup_py'
[0.169s] Level 1:colcon.colcon_core.package_identification:_identify(build) by extensions ['ignore', 'ignore_ament_install']
[0.169s] Level 1:colcon.colcon_core.package_identification:_identify(build) by extension 'ignore'
[0.169s] Level 1:colcon.colcon_core.package_identification:_identify(build) ignored
[0.169s] Level 1:colcon.colcon_core.package_identification:_identify(install) by extensions ['ignore', 'ignore_ament_install']
[0.169s] Level 1:colcon.colcon_core.package_identification:_identify(install) by extension 'ignore'
[0.169s] Level 1:colcon.colcon_core.package_identification:_identify(install) ignored
[0.169s] Level 1:colcon.colcon_core.package_identification:_identify(log) by extensions ['ignore', 'ignore_ament_install']
[0.169s] Level 1:colcon.colcon_core.package_identification:_identify(log) by extension 'ignore'
[0.169s] Level 1:colcon.colcon_core.package_identification:_identify(log) ignored
[0.169s] Level 1:colcon.colcon_core.package_identification:_identify(src) by extensions ['ignore', 'ignore_ament_install']
[0.169s] Level 1:colcon.colcon_core.package_identification:_identify(src) by extension 'ignore'
[0.170s] Level 1:colcon.colcon_core.package_identification:_identify(src) by extension 'ignore_ament_install'
[0.170s] Level 1:colcon.colcon_core.package_identification:_identify(src) by extensions ['colcon_pkg']
[0.170s] Level 1:colcon.colcon_core.package_identification:_identify(src) by extension 'colcon_pkg'
[0.170s] Level 1:colcon.colcon_core.package_identification:_identify(src) by extensions ['colcon_meta']
[0.170s] Level 1:colcon.colcon_core.package_identification:_identify(src) by extension 'colcon_meta'
[0.170s] Level 1:colcon.colcon_core.package_identification:_identify(src) by extensions ['ros']
[0.170s] Level 1:colcon.colcon_core.package_identification:_identify(src) by extension 'ros'
[0.170s] Level 1:colcon.colcon_core.package_identification:_identify(src) by extensions ['cmake', 'python']
[0.170s] Level 1:colcon.colcon_core.package_identification:_identify(src) by extension 'cmake'
[0.170s] Level 1:colcon.colcon_core.package_identification:_identify(src) by extension 'python'
[0.170s] Level 1:colcon.colcon_core.package_identification:_identify(src) by extensions ['python_setup_py']
[0.170s] Level 1:colcon.colcon_core.package_identification:_identify(src) by extension 'python_setup_py'
[0.170s] Level 1:colcon.colcon_core.package_identification:_identify(src/base_tongxun_s) by extensions ['ignore', 'ignore_ament_install']
[0.170s] Level 1:colcon.colcon_core.package_identification:_identify(src/base_tongxun_s) by extension 'ignore'
[0.171s] Level 1:colcon.colcon_core.package_identification:_identify(src/base_tongxun_s) by extension 'ignore_ament_install'
[0.171s] Level 1:colcon.colcon_core.package_identification:_identify(src/base_tongxun_s) by extensions ['colcon_pkg']
[0.171s] Level 1:colcon.colcon_core.package_identification:_identify(src/base_tongxun_s) by extension 'colcon_pkg'
[0.171s] Level 1:colcon.colcon_core.package_identification:_identify(src/base_tongxun_s) by extensions ['colcon_meta']
[0.171s] Level 1:colcon.colcon_core.package_identification:_identify(src/base_tongxun_s) by extension 'colcon_meta'
[0.171s] Level 1:colcon.colcon_core.package_identification:_identify(src/base_tongxun_s) by extensions ['ros']
[0.171s] Level 1:colcon.colcon_core.package_identification:_identify(src/base_tongxun_s) by extension 'ros'
[0.173s] DEBUG:colcon.colcon_core.package_identification:Package 'src/base_tongxun_s' with type 'ros.ament_python' and name 'base_tongxun_s'
[0.174s] Level 1:colcon.colcon_core.package_identification:_identify(src/build) by extensions ['ignore', 'ignore_ament_install']
[0.174s] Level 1:colcon.colcon_core.package_identification:_identify(src/build) by extension 'ignore'
[0.174s] Level 1:colcon.colcon_core.package_identification:_identify(src/build) ignored
[0.174s] Level 1:colcon.colcon_core.package_identification:_identify(src/install) by extensions ['ignore', 'ignore_ament_install']
[0.174s] Level 1:colcon.colcon_core.package_identification:_identify(src/install) by extension 'ignore'
[0.174s] Level 1:colcon.colcon_core.package_identification:_identify(src/install) ignored
[0.174s] Level 1:colcon.colcon_core.package_identification:_identify(src/log) by extensions ['ignore', 'ignore_ament_install']
[0.174s] Level 1:colcon.colcon_core.package_identification:_identify(src/log) by extension 'ignore'
[0.175s] Level 1:colcon.colcon_core.package_identification:_identify(src/log) ignored
[0.175s] Level 1:colcon.colcon_core.package_identification:_identify(src/py01_topic) by extensions ['ignore', 'ignore_ament_install']
[0.175s] Level 1:colcon.colcon_core.package_identification:_identify(src/py01_topic) by extension 'ignore'
[0.175s] Level 1:colcon.colcon_core.package_identification:_identify(src/py01_topic) by extension 'ignore_ament_install'
[0.175s] Level 1:colcon.colcon_core.package_identification:_identify(src/py01_topic) by extensions ['colcon_pkg']
[0.175s] Level 1:colcon.colcon_core.package_identification:_identify(src/py01_topic) by extension 'colcon_pkg'
[0.175s] Level 1:colcon.colcon_core.package_identification:_identify(src/py01_topic) by extensions ['colcon_meta']
[0.175s] Level 1:colcon.colcon_core.package_identification:_identify(src/py01_topic) by extension 'colcon_meta'
[0.175s] Level 1:colcon.colcon_core.package_identification:_identify(src/py01_topic) by extensions ['ros']
[0.175s] Level 1:colcon.colcon_core.package_identification:_identify(src/py01_topic) by extension 'ros'
[0.176s] DEBUG:colcon.colcon_core.package_identification:Package 'src/py01_topic' with type 'ros.ament_python' and name 'py01_topic'
[0.176s] Level 1:colcon.colcon_core.package_identification:_identify(src/py02_service) by extensions ['ignore', 'ignore_ament_install']
[0.176s] Level 1:colcon.colcon_core.package_identification:_identify(src/py02_service) by extension 'ignore'
[0.176s] Level 1:colcon.colcon_core.package_identification:_identify(src/py02_service) by extension 'ignore_ament_install'
[0.176s] Level 1:colcon.colcon_core.package_identification:_identify(src/py02_service) by extensions ['colcon_pkg']
[0.176s] Level 1:colcon.colcon_core.package_identification:_identify(src/py02_service) by extension 'colcon_pkg'
[0.177s] Level 1:colcon.colcon_core.package_identification:_identify(src/py02_service) by extensions ['colcon_meta']
[0.177s] Level 1:colcon.colcon_core.package_identification:_identify(src/py02_service) by extension 'colcon_meta'
[0.177s] Level 1:colcon.colcon_core.package_identification:_identify(src/py02_service) by extensions ['ros']
[0.177s] Level 1:colcon.colcon_core.package_identification:_identify(src/py02_service) by extension 'ros'
[0.177s] DEBUG:colcon.colcon_core.package_identification:Package 'src/py02_service' with type 'ros.ament_python' and name 'py02_service'
[0.177s] Level 1:colcon.colcon_core.package_identification:_identify(src/py02_service_my) by extensions ['ignore', 'ignore_ament_install']
[0.177s] Level 1:colcon.colcon_core.package_identification:_identify(src/py02_service_my) by extension 'ignore'
[0.177s] Level 1:colcon.colcon_core.package_identification:_identify(src/py02_service_my) by extension 'ignore_ament_install'
[0.177s] Level 1:colcon.colcon_core.package_identification:_identify(src/py02_service_my) by extensions ['colcon_pkg']
[0.178s] Level 1:colcon.colcon_core.package_identification:_identify(src/py02_service_my) by extension 'colcon_pkg'
[0.178s] Level 1:colcon.colcon_core.package_identification:_identify(src/py02_service_my) by extensions ['colcon_meta']
[0.178s] Level 1:colcon.colcon_core.package_identification:_identify(src/py02_service_my) by extension 'colcon_meta'
[0.178s] Level 1:colcon.colcon_core.package_identification:_identify(src/py02_service_my) by extensions ['ros']
[0.178s] Level 1:colcon.colcon_core.package_identification:_identify(src/py02_service_my) by extension 'ros'
[0.178s] DEBUG:colcon.colcon_core.package_identification:Package 'src/py02_service_my' with type 'ros.ament_python' and name 'py02_service_my'
[0.178s] Level 1:colcon.colcon_core.package_identification:_identify(src/py03_acton) by extensions ['ignore', 'ignore_ament_install']
[0.178s] Level 1:colcon.colcon_core.package_identification:_identify(src/py03_acton) by extension 'ignore'
[0.178s] Level 1:colcon.colcon_core.package_identification:_identify(src/py03_acton) by extension 'ignore_ament_install'
[0.178s] Level 1:colcon.colcon_core.package_identification:_identify(src/py03_acton) by extensions ['colcon_pkg']
[0.178s] Level 1:colcon.colcon_core.package_identification:_identify(src/py03_acton) by extension 'colcon_pkg'
[0.178s] Level 1:colcon.colcon_core.package_identification:_identify(src/py03_acton) by extensions ['colcon_meta']
[0.179s] Level 1:colcon.colcon_core.package_identification:_identify(src/py03_acton) by extension 'colcon_meta'
[0.179s] Level 1:colcon.colcon_core.package_identification:_identify(src/py03_acton) by extensions ['ros']
[0.179s] Level 1:colcon.colcon_core.package_identification:_identify(src/py03_acton) by extension 'ros'
[0.179s] DEBUG:colcon.colcon_core.package_identification:Package 'src/py03_acton' with type 'ros.ament_python' and name 'py03_acton'
[0.179s] Level 1:colcon.colcon_core.package_identification:_identify(src/py04_param) by extensions ['ignore', 'ignore_ament_install']
[0.179s] Level 1:colcon.colcon_core.package_identification:_identify(src/py04_param) by extension 'ignore'
[0.179s] Level 1:colcon.colcon_core.package_identification:_identify(src/py04_param) by extension 'ignore_ament_install'
[0.179s] Level 1:colcon.colcon_core.package_identification:_identify(src/py04_param) by extensions ['colcon_pkg']
[0.179s] Level 1:colcon.colcon_core.package_identification:_identify(src/py04_param) by extension 'colcon_pkg'
[0.179s] Level 1:colcon.colcon_core.package_identification:_identify(src/py04_param) by extensions ['colcon_meta']
[0.179s] Level 1:colcon.colcon_core.package_identification:_identify(src/py04_param) by extension 'colcon_meta'
[0.180s] Level 1:colcon.colcon_core.package_identification:_identify(src/py04_param) by extensions ['ros']
[0.180s] Level 1:colcon.colcon_core.package_identification:_identify(src/py04_param) by extension 'ros'
[0.181s] DEBUG:colcon.colcon_core.package_identification:Package 'src/py04_param' with type 'ros.ament_python' and name 'py04_param'
[0.181s] Level 1:colcon.colcon_core.package_identification:_identify(src/py05_time) by extensions ['ignore', 'ignore_ament_install']
[0.181s] Level 1:colcon.colcon_core.package_identification:_identify(src/py05_time) by extension 'ignore'
[0.181s] Level 1:colcon.colcon_core.package_identification:_identify(src/py05_time) by extension 'ignore_ament_install'
[0.181s] Level 1:colcon.colcon_core.package_identification:_identify(src/py05_time) by extensions ['colcon_pkg']
[0.181s] Level 1:colcon.colcon_core.package_identification:_identify(src/py05_time) by extension 'colcon_pkg'
[0.181s] Level 1:colcon.colcon_core.package_identification:_identify(src/py05_time) by extensions ['colcon_meta']
[0.181s] Level 1:colcon.colcon_core.package_identification:_identify(src/py05_time) by extension 'colcon_meta'
[0.181s] Level 1:colcon.colcon_core.package_identification:_identify(src/py05_time) by extensions ['ros']
[0.181s] Level 1:colcon.colcon_core.package_identification:_identify(src/py05_time) by extension 'ros'
[0.182s] DEBUG:colcon.colcon_core.package_identification:Package 'src/py05_time' with type 'ros.ament_python' and name 'py05_time'
[0.182s] Level 1:colcon.colcon_core.package_identification:_identify(src/py06_lianxi) by extensions ['ignore', 'ignore_ament_install']
[0.182s] Level 1:colcon.colcon_core.package_identification:_identify(src/py06_lianxi) by extension 'ignore'
[0.182s] Level 1:colcon.colcon_core.package_identification:_identify(src/py06_lianxi) by extension 'ignore_ament_install'
[0.182s] Level 1:colcon.colcon_core.package_identification:_identify(src/py06_lianxi) by extensions ['colcon_pkg']
[0.182s] Level 1:colcon.colcon_core.package_identification:_identify(src/py06_lianxi) by extension 'colcon_pkg'
[0.182s] Level 1:colcon.colcon_core.package_identification:_identify(src/py06_lianxi) by extensions ['colcon_meta']
[0.182s] Level 1:colcon.colcon_core.package_identification:_identify(src/py06_lianxi) by extension 'colcon_meta'
[0.182s] Level 1:colcon.colcon_core.package_identification:_identify(src/py06_lianxi) by extensions ['ros']
[0.182s] Level 1:colcon.colcon_core.package_identification:_identify(src/py06_lianxi) by extension 'ros'
[0.183s] DEBUG:colcon.colcon_core.package_identification:Package 'src/py06_lianxi' with type 'ros.ament_python' and name 'py06_lianxi'
[0.183s] Level 1:colcon.colcon_core.package_identification:_identify(src/py07_jx) by extensions ['ignore', 'ignore_ament_install']
[0.183s] Level 1:colcon.colcon_core.package_identification:_identify(src/py07_jx) by extension 'ignore'
[0.183s] Level 1:colcon.colcon_core.package_identification:_identify(src/py07_jx) by extension 'ignore_ament_install'
[0.183s] Level 1:colcon.colcon_core.package_identification:_identify(src/py07_jx) by extensions ['colcon_pkg']
[0.183s] Level 1:colcon.colcon_core.package_identification:_identify(src/py07_jx) by extension 'colcon_pkg'
[0.183s] Level 1:colcon.colcon_core.package_identification:_identify(src/py07_jx) by extensions ['colcon_meta']
[0.183s] Level 1:colcon.colcon_core.package_identification:_identify(src/py07_jx) by extension 'colcon_meta'
[0.183s] Level 1:colcon.colcon_core.package_identification:_identify(src/py07_jx) by extensions ['ros']
[0.183s] Level 1:colcon.colcon_core.package_identification:_identify(src/py07_jx) by extension 'ros'
[0.184s] DEBUG:colcon.colcon_core.package_identification:Package 'src/py07_jx' with type 'ros.ament_python' and name 'py07_jx'
[0.184s] Level 1:colcon.colcon_core.package_identification:_identify(src/student_interfaces) by extensions ['ignore', 'ignore_ament_install']
[0.184s] Level 1:colcon.colcon_core.package_identification:_identify(src/student_interfaces) by extension 'ignore'
[0.184s] Level 1:colcon.colcon_core.package_identification:_identify(src/student_interfaces) by extension 'ignore_ament_install'
[0.184s] Level 1:colcon.colcon_core.package_identification:_identify(src/student_interfaces) by extensions ['colcon_pkg']
[0.184s] Level 1:colcon.colcon_core.package_identification:_identify(src/student_interfaces) by extension 'colcon_pkg'
[0.184s] Level 1:colcon.colcon_core.package_identification:_identify(src/student_interfaces) by extensions ['colcon_meta']
[0.184s] Level 1:colcon.colcon_core.package_identification:_identify(src/student_interfaces) by extension 'colcon_meta'
[0.184s] Level 1:colcon.colcon_core.package_identification:_identify(src/student_interfaces) by extensions ['ros']
[0.184s] Level 1:colcon.colcon_core.package_identification:_identify(src/student_interfaces) by extension 'ros'
[0.185s] DEBUG:colcon.colcon_core.package_identification:Package 'src/student_interfaces' with type 'ros.ament_cmake' and name 'student_interfaces'
[0.186s] Level 1:colcon.colcon_core.package_discovery:discover_packages(recursive) using defaults
[0.186s] Level 1:colcon.colcon_core.package_discovery:discover_packages(ignore) discover
[0.186s] Level 1:colcon.colcon_core.package_discovery:discover_packages(ignore) using defaults
[0.186s] Level 1:colcon.colcon_core.package_discovery:discover_packages(path) discover
[0.187s] Level 1:colcon.colcon_core.package_discovery:discover_packages(path) using defaults
[0.206s] Level 1:colcon.colcon_core.package_discovery:discover_packages(prefix_path) check parameters
[0.206s] Level 1:colcon.colcon_core.package_discovery:discover_packages(prefix_path) discover
[0.209s] DEBUG:colcon.colcon_installed_package_information.package_discovery:Found 287 installed packages in /opt/ros/jazzy
[0.210s] Level 1:colcon.colcon_core.package_discovery:discover_packages(prefix_path) using defaults
[0.252s] Level 5:colcon.colcon_core.verb:set package 'base_tongxun_s' build argument 'cmake_args' from command line to 'None'
[0.252s] Level 5:colcon.colcon_core.verb:set package 'base_tongxun_s' build argument 'cmake_target' from command line to 'None'
[0.252s] Level 5:colcon.colcon_core.verb:set package 'base_tongxun_s' build argument 'cmake_target_skip_unavailable' from command line to 'False'
[0.252s] Level 5:colcon.colcon_core.verb:set package 'base_tongxun_s' build argument 'cmake_clean_cache' from command line to 'False'
[0.252s] Level 5:colcon.colcon_core.verb:set package 'base_tongxun_s' build argument 'cmake_clean_first' from command line to 'False'
[0.252s] Level 5:colcon.colcon_core.verb:set package 'base_tongxun_s' build argument 'cmake_force_configure' from command line to 'False'
[0.252s] Level 5:colcon.colcon_core.verb:set package 'base_tongxun_s' build argument 'ament_cmake_args' from command line to 'None'
[0.252s] Level 5:colcon.colcon_core.verb:set package 'base_tongxun_s' build argument 'catkin_cmake_args' from command line to 'None'
[0.252s] Level 5:colcon.colcon_core.verb:set package 'base_tongxun_s' build argument 'catkin_skip_building_tests' from command line to 'False'
[0.252s] DEBUG:colcon.colcon_core.verb:Building package 'base_tongxun_s' with the following arguments: {'ament_cmake_args': None, 'build_base': '/home/huangbo/ros2_learn/tongxun_learn/build/base_tongxun_s', 'catkin_cmake_args': None, 'catkin_skip_building_tests': False, 'cmake_args': None, 'cmake_clean_cache': False, 'cmake_clean_first': False, 'cmake_force_configure': False, 'cmake_target': None, 'cmake_target_skip_unavailable': False, 'install_base': '/home/huangbo/ros2_learn/tongxun_learn/install/base_tongxun_s', 'merge_install': False, 'path': '/home/huangbo/ros2_learn/tongxun_learn/src/base_tongxun_s', 'symlink_install': False, 'test_result_base': None}
[0.252s] Level 5:colcon.colcon_core.verb:set package 'py02_service' build argument 'cmake_args' from command line to 'None'
[0.252s] Level 5:colcon.colcon_core.verb:set package 'py02_service' build argument 'cmake_target' from command line to 'None'
[0.252s] Level 5:colcon.colcon_core.verb:set package 'py02_service' build argument 'cmake_target_skip_unavailable' from command line to 'False'
[0.252s] Level 5:colcon.colcon_core.verb:set package 'py02_service' build argument 'cmake_clean_cache' from command line to 'False'
[0.253s] Level 5:colcon.colcon_core.verb:set package 'py02_service' build argument 'cmake_clean_first' from command line to 'False'
[0.253s] Level 5:colcon.colcon_core.verb:set package 'py02_service' build argument 'cmake_force_configure' from command line to 'False'
[0.253s] Level 5:colcon.colcon_core.verb:set package 'py02_service' build argument 'ament_cmake_args' from command line to 'None'
[0.253s] Level 5:colcon.colcon_core.verb:set package 'py02_service' build argument 'catkin_cmake_args' from command line to 'None'
[0.253s] Level 5:colcon.colcon_core.verb:set package 'py02_service' build argument 'catkin_skip_building_tests' from command line to 'False'
[0.253s] DEBUG:colcon.colcon_core.verb:Building package 'py02_service' with the following arguments: {'ament_cmake_args': None, 'build_base': '/home/huangbo/ros2_learn/tongxun_learn/build/py02_service', 'catkin_cmake_args': None, 'catkin_skip_building_tests': False, 'cmake_args': None, 'cmake_clean_cache': False, 'cmake_clean_first': False, 'cmake_force_configure': False, 'cmake_target': None, 'cmake_target_skip_unavailable': False, 'install_base': '/home/huangbo/ros2_learn/tongxun_learn/install/py02_service', 'merge_install': False, 'path': '/home/huangbo/ros2_learn/tongxun_learn/src/py02_service', 'symlink_install': False, 'test_result_base': None}
[0.253s] Level 5:colcon.colcon_core.verb:set package 'py02_service_my' build argument 'cmake_args' from command line to 'None'
[0.253s] Level 5:colcon.colcon_core.verb:set package 'py02_service_my' build argument 'cmake_target' from command line to 'None'
[0.253s] Level 5:colcon.colcon_core.verb:set package 'py02_service_my' build argument 'cmake_target_skip_unavailable' from command line to 'False'
[0.253s] Level 5:colcon.colcon_core.verb:set package 'py02_service_my' build argument 'cmake_clean_cache' from command line to 'False'
[0.253s] Level 5:colcon.colcon_core.verb:set package 'py02_service_my' build argument 'cmake_clean_first' from command line to 'False'
[0.253s] Level 5:colcon.colcon_core.verb:set package 'py02_service_my' build argument 'cmake_force_configure' from command line to 'False'
[0.253s] Level 5:colcon.colcon_core.verb:set package 'py02_service_my' build argument 'ament_cmake_args' from command line to 'None'
[0.253s] Level 5:colcon.colcon_core.verb:set package 'py02_service_my' build argument 'catkin_cmake_args' from command line to 'None'
[0.253s] Level 5:colcon.colcon_core.verb:set package 'py02_service_my' build argument 'catkin_skip_building_tests' from command line to 'False'
[0.253s] DEBUG:colcon.colcon_core.verb:Building package 'py02_service_my' with the following arguments: {'ament_cmake_args': None, 'build_base': '/home/huangbo/ros2_learn/tongxun_learn/build/py02_service_my', 'catkin_cmake_args': None, 'catkin_skip_building_tests': False, 'cmake_args': None, 'cmake_clean_cache': False, 'cmake_clean_first': False, 'cmake_force_configure': False, 'cmake_target': None, 'cmake_target_skip_unavailable': False, 'install_base': '/home/huangbo/ros2_learn/tongxun_learn/install/py02_service_my', 'merge_install': False, 'path': '/home/huangbo/ros2_learn/tongxun_learn/src/py02_service_my', 'symlink_install': False, 'test_result_base': None}
[0.254s] Level 5:colcon.colcon_core.verb:set package 'py04_param' build argument 'cmake_args' from command line to 'None'
[0.254s] Level 5:colcon.colcon_core.verb:set package 'py04_param' build argument 'cmake_target' from command line to 'None'
[0.254s] Level 5:colcon.colcon_core.verb:set package 'py04_param' build argument 'cmake_target_skip_unavailable' from command line to 'False'
[0.254s] Level 5:colcon.colcon_core.verb:set package 'py04_param' build argument 'cmake_clean_cache' from command line to 'False'
[0.254s] Level 5:colcon.colcon_core.verb:set package 'py04_param' build argument 'cmake_clean_first' from command line to 'False'
[0.254s] Level 5:colcon.colcon_core.verb:set package 'py04_param' build argument 'cmake_force_configure' from command line to 'False'
[0.254s] Level 5:colcon.colcon_core.verb:set package 'py04_param' build argument 'ament_cmake_args' from command line to 'None'
[0.254s] Level 5:colcon.colcon_core.verb:set package 'py04_param' build argument 'catkin_cmake_args' from command line to 'None'
[0.254s] Level 5:colcon.colcon_core.verb:set package 'py04_param' build argument 'catkin_skip_building_tests' from command line to 'False'
[0.254s] DEBUG:colcon.colcon_core.verb:Building package 'py04_param' with the following arguments: {'ament_cmake_args': None, 'build_base': '/home/huangbo/ros2_learn/tongxun_learn/build/py04_param', 'catkin_cmake_args': None, 'catkin_skip_building_tests': False, 'cmake_args': None, 'cmake_clean_cache': False, 'cmake_clean_first': False, 'cmake_force_configure': False, 'cmake_target': None, 'cmake_target_skip_unavailable': False, 'install_base': '/home/huangbo/ros2_learn/tongxun_learn/install/py04_param', 'merge_install': False, 'path': '/home/huangbo/ros2_learn/tongxun_learn/src/py04_param', 'symlink_install': False, 'test_result_base': None}
[0.254s] Level 5:colcon.colcon_core.verb:set package 'py05_time' build argument 'cmake_args' from command line to 'None'
[0.254s] Level 5:colcon.colcon_core.verb:set package 'py05_time' build argument 'cmake_target' from command line to 'None'
[0.254s] Level 5:colcon.colcon_core.verb:set package 'py05_time' build argument 'cmake_target_skip_unavailable' from command line to 'False'
[0.254s] Level 5:colcon.colcon_core.verb:set package 'py05_time' build argument 'cmake_clean_cache' from command line to 'False'
[0.254s] Level 5:colcon.colcon_core.verb:set package 'py05_time' build argument 'cmake_clean_first' from command line to 'False'
[0.254s] Level 5:colcon.colcon_core.verb:set package 'py05_time' build argument 'cmake_force_configure' from command line to 'False'
[0.254s] Level 5:colcon.colcon_core.verb:set package 'py05_time' build argument 'ament_cmake_args' from command line to 'None'
[0.254s] Level 5:colcon.colcon_core.verb:set package 'py05_time' build argument 'catkin_cmake_args' from command line to 'None'
[0.254s] Level 5:colcon.colcon_core.verb:set package 'py05_time' build argument 'catkin_skip_building_tests' from command line to 'False'
[0.254s] DEBUG:colcon.colcon_core.verb:Building package 'py05_time' with the following arguments: {'ament_cmake_args': None, 'build_base': '/home/huangbo/ros2_learn/tongxun_learn/build/py05_time', 'catkin_cmake_args': None, 'catkin_skip_building_tests': False, 'cmake_args': None, 'cmake_clean_cache': False, 'cmake_clean_first': False, 'cmake_force_configure': False, 'cmake_target': None, 'cmake_target_skip_unavailable': False, 'install_base': '/home/huangbo/ros2_learn/tongxun_learn/install/py05_time', 'merge_install': False, 'path': '/home/huangbo/ros2_learn/tongxun_learn/src/py05_time', 'symlink_install': False, 'test_result_base': None}
[0.254s] Level 5:colcon.colcon_core.verb:set package 'py06_lianxi' build argument 'cmake_args' from command line to 'None'
[0.254s] Level 5:colcon.colcon_core.verb:set package 'py06_lianxi' build argument 'cmake_target' from command line to 'None'
[0.254s] Level 5:colcon.colcon_core.verb:set package 'py06_lianxi' build argument 'cmake_target_skip_unavailable' from command line to 'False'
[0.254s] Level 5:colcon.colcon_core.verb:set package 'py06_lianxi' build argument 'cmake_clean_cache' from command line to 'False'
[0.255s] Level 5:colcon.colcon_core.verb:set package 'py06_lianxi' build argument 'cmake_clean_first' from command line to 'False'
[0.255s] Level 5:colcon.colcon_core.verb:set package 'py06_lianxi' build argument 'cmake_force_configure' from command line to 'False'
[0.255s] Level 5:colcon.colcon_core.verb:set package 'py06_lianxi' build argument 'ament_cmake_args' from command line to 'None'
[0.255s] Level 5:colcon.colcon_core.verb:set package 'py06_lianxi' build argument 'catkin_cmake_args' from command line to 'None'
[0.255s] Level 5:colcon.colcon_core.verb:set package 'py06_lianxi' build argument 'catkin_skip_building_tests' from command line to 'False'
[0.255s] DEBUG:colcon.colcon_core.verb:Building package 'py06_lianxi' with the following arguments: {'ament_cmake_args': None, 'build_base': '/home/huangbo/ros2_learn/tongxun_learn/build/py06_lianxi', 'catkin_cmake_args': None, 'catkin_skip_building_tests': False, 'cmake_args': None, 'cmake_clean_cache': False, 'cmake_clean_first': False, 'cmake_force_configure': False, 'cmake_target': None, 'cmake_target_skip_unavailable': False, 'install_base': '/home/huangbo/ros2_learn/tongxun_learn/install/py06_lianxi', 'merge_install': False, 'path': '/home/huangbo/ros2_learn/tongxun_learn/src/py06_lianxi', 'symlink_install': False, 'test_result_base': None}
[0.255s] Level 5:colcon.colcon_core.verb:set package 'py07_jx' build argument 'cmake_args' from command line to 'None'
[0.255s] Level 5:colcon.colcon_core.verb:set package 'py07_jx' build argument 'cmake_target' from command line to 'None'
[0.255s] Level 5:colcon.colcon_core.verb:set package 'py07_jx' build argument 'cmake_target_skip_unavailable' from command line to 'False'
[0.255s] Level 5:colcon.colcon_core.verb:set package 'py07_jx' build argument 'cmake_clean_cache' from command line to 'False'
[0.255s] Level 5:colcon.colcon_core.verb:set package 'py07_jx' build argument 'cmake_clean_first' from command line to 'False'
[0.255s] Level 5:colcon.colcon_core.verb:set package 'py07_jx' build argument 'cmake_force_configure' from command line to 'False'
[0.255s] Level 5:colcon.colcon_core.verb:set package 'py07_jx' build argument 'ament_cmake_args' from command line to 'None'
[0.255s] Level 5:colcon.colcon_core.verb:set package 'py07_jx' build argument 'catkin_cmake_args' from command line to 'None'
[0.255s] Level 5:colcon.colcon_core.verb:set package 'py07_jx' build argument 'catkin_skip_building_tests' from command line to 'False'
[0.255s] DEBUG:colcon.colcon_core.verb:Building package 'py07_jx' with the following arguments: {'ament_cmake_args': None, 'build_base': '/home/huangbo/ros2_learn/tongxun_learn/build/py07_jx', 'catkin_cmake_args': None, 'catkin_skip_building_tests': False, 'cmake_args': None, 'cmake_clean_cache': False, 'cmake_clean_first': False, 'cmake_force_configure': False, 'cmake_target': None, 'cmake_target_skip_unavailable': False, 'install_base': '/home/huangbo/ros2_learn/tongxun_learn/install/py07_jx', 'merge_install': False, 'path': '/home/huangbo/ros2_learn/tongxun_learn/src/py07_jx', 'symlink_install': False, 'test_result_base': None}
[0.255s] Level 5:colcon.colcon_core.verb:set package 'student_interfaces' build argument 'cmake_args' from command line to 'None'
[0.255s] Level 5:colcon.colcon_core.verb:set package 'student_interfaces' build argument 'cmake_target' from command line to 'None'
[0.255s] Level 5:colcon.colcon_core.verb:set package 'student_interfaces' build argument 'cmake_target_skip_unavailable' from command line to 'False'
[0.255s] Level 5:colcon.colcon_core.verb:set package 'student_interfaces' build argument 'cmake_clean_cache' from command line to 'False'
[0.255s] Level 5:colcon.colcon_core.verb:set package 'student_interfaces' build argument 'cmake_clean_first' from command line to 'False'
[0.255s] Level 5:colcon.colcon_core.verb:set package 'student_interfaces' build argument 'cmake_force_configure' from command line to 'False'
[0.255s] Level 5:colcon.colcon_core.verb:set package 'student_interfaces' build argument 'ament_cmake_args' from command line to 'None'
[0.255s] Level 5:colcon.colcon_core.verb:set package 'student_interfaces' build argument 'catkin_cmake_args' from command line to 'None'
[0.255s] Level 5:colcon.colcon_core.verb:set package 'student_interfaces' build argument 'catkin_skip_building_tests' from command line to 'False'
[0.255s] DEBUG:colcon.colcon_core.verb:Building package 'student_interfaces' with the following arguments: {'ament_cmake_args': None, 'build_base': '/home/huangbo/ros2_learn/tongxun_learn/build/student_interfaces', 'catkin_cmake_args': None, 'catkin_skip_building_tests': False, 'cmake_args': None, 'cmake_clean_cache': False, 'cmake_clean_first': False, 'cmake_force_configure': False, 'cmake_target': None, 'cmake_target_skip_unavailable': False, 'install_base': '/home/huangbo/ros2_learn/tongxun_learn/install/student_interfaces', 'merge_install': False, 'path': '/home/huangbo/ros2_learn/tongxun_learn/src/student_interfaces', 'symlink_install': False, 'test_result_base': None}
[0.256s] Level 5:colcon.colcon_core.verb:set package 'py01_topic' build argument 'cmake_args' from command line to 'None'
[0.256s] Level 5:colcon.colcon_core.verb:set package 'py01_topic' build argument 'cmake_target' from command line to 'None'
[0.256s] Level 5:colcon.colcon_core.verb:set package 'py01_topic' build argument 'cmake_target_skip_unavailable' from command line to 'False'
[0.256s] Level 5:colcon.colcon_core.verb:set package 'py01_topic' build argument 'cmake_clean_cache' from command line to 'False'
[0.256s] Level 5:colcon.colcon_core.verb:set package 'py01_topic' build argument 'cmake_clean_first' from command line to 'False'
[0.256s] Level 5:colcon.colcon_core.verb:set package 'py01_topic' build argument 'cmake_force_configure' from command line to 'False'
[0.256s] Level 5:colcon.colcon_core.verb:set package 'py01_topic' build argument 'ament_cmake_args' from command line to 'None'
[0.256s] Level 5:colcon.colcon_core.verb:set package 'py01_topic' build argument 'catkin_cmake_args' from command line to 'None'
[0.256s] Level 5:colcon.colcon_core.verb:set package 'py01_topic' build argument 'catkin_skip_building_tests' from command line to 'False'
[0.256s] DEBUG:colcon.colcon_core.verb:Building package 'py01_topic' with the following arguments: {'ament_cmake_args': None, 'build_base': '/home/huangbo/ros2_learn/tongxun_learn/build/py01_topic', 'catkin_cmake_args': None, 'catkin_skip_building_tests': False, 'cmake_args': None, 'cmake_clean_cache': False, 'cmake_clean_first': False, 'cmake_force_configure': False, 'cmake_target': None, 'cmake_target_skip_unavailable': False, 'install_base': '/home/huangbo/ros2_learn/tongxun_learn/install/py01_topic', 'merge_install': False, 'path': '/home/huangbo/ros2_learn/tongxun_learn/src/py01_topic', 'symlink_install': False, 'test_result_base': None}
[0.256s] Level 5:colcon.colcon_core.verb:set package 'py03_acton' build argument 'cmake_args' from command line to 'None'
[0.256s] Level 5:colcon.colcon_core.verb:set package 'py03_acton' build argument 'cmake_target' from command line to 'None'
[0.256s] Level 5:colcon.colcon_core.verb:set package 'py03_acton' build argument 'cmake_target_skip_unavailable' from command line to 'False'
[0.256s] Level 5:colcon.colcon_core.verb:set package 'py03_acton' build argument 'cmake_clean_cache' from command line to 'False'
[0.256s] Level 5:colcon.colcon_core.verb:set package 'py03_acton' build argument 'cmake_clean_first' from command line to 'False'
[0.256s] Level 5:colcon.colcon_core.verb:set package 'py03_acton' build argument 'cmake_force_configure' from command line to 'False'
[0.256s] Level 5:colcon.colcon_core.verb:set package 'py03_acton' build argument 'ament_cmake_args' from command line to 'None'
[0.256s] Level 5:colcon.colcon_core.verb:set package 'py03_acton' build argument 'catkin_cmake_args' from command line to 'None'
[0.256s] Level 5:colcon.colcon_core.verb:set package 'py03_acton' build argument 'catkin_skip_building_tests' from command line to 'False'
[0.256s] DEBUG:colcon.colcon_core.verb:Building package 'py03_acton' with the following arguments: {'ament_cmake_args': None, 'build_base': '/home/huangbo/ros2_learn/tongxun_learn/build/py03_acton', 'catkin_cmake_args': None, 'catkin_skip_building_tests': False, 'cmake_args': None, 'cmake_clean_cache': False, 'cmake_clean_first': False, 'cmake_force_configure': False, 'cmake_target': None, 'cmake_target_skip_unavailable': False, 'install_base': '/home/huangbo/ros2_learn/tongxun_learn/install/py03_acton', 'merge_install': False, 'path': '/home/huangbo/ros2_learn/tongxun_learn/src/py03_acton', 'symlink_install': False, 'test_result_base': None}
[0.256s] INFO:colcon.colcon_core.executor:Executing jobs using 'parallel' executor
[0.257s] DEBUG:colcon.colcon_parallel_executor.executor.parallel:run_until_complete
[0.258s] INFO:colcon.colcon_ros.task.ament_cmake.build:Building ROS package in '/home/huangbo/ros2_learn/tongxun_learn/src/student_interfaces' with build type 'ament_cmake'
[0.258s] INFO:colcon.colcon_cmake.task.cmake.build:Building CMake package in '/home/huangbo/ros2_learn/tongxun_learn/src/student_interfaces'
[0.260s] INFO:colcon.colcon_core.plugin_system:Skipping extension 'colcon_core.shell.bat': Not used on non-Windows systems
[0.260s] INFO:colcon.colcon_core.shell:Skip shell extension 'powershell' for command environment: Not usable outside of PowerShell
[0.260s] DEBUG:colcon.colcon_core.shell:Skip shell extension 'dsv' for command environment
[0.265s] INFO:colcon.colcon_ros.task.ament_python.build:Building ROS package in '/home/huangbo/ros2_learn/tongxun_learn/src/base_tongxun_s' with build type 'ament_python'
[0.265s] Level 1:colcon.colcon_core.shell:create_environment_hook('base_tongxun_s', 'ament_prefix_path')
[0.265s] INFO:colcon.colcon_core.shell:Creating environment hook '/home/huangbo/ros2_learn/tongxun_learn/install/base_tongxun_s/share/base_tongxun_s/hook/ament_prefix_path.ps1'
[0.269s] INFO:colcon.colcon_core.shell:Creating environment descriptor '/home/huangbo/ros2_learn/tongxun_learn/install/base_tongxun_s/share/base_tongxun_s/hook/ament_prefix_path.dsv'
[0.270s] INFO:colcon.colcon_core.shell:Creating environment hook '/home/huangbo/ros2_learn/tongxun_learn/install/base_tongxun_s/share/base_tongxun_s/hook/ament_prefix_path.sh'
[0.272s] INFO:colcon.colcon_core.shell:Skip shell extension 'powershell' for command environment: Not usable outside of PowerShell
[0.272s] DEBUG:colcon.colcon_core.shell:Skip shell extension 'dsv' for command environment
[0.292s] DEBUG:colcon.colcon_core.event_handler.log_command:Invoking command in '/home/huangbo/ros2_learn/tongxun_learn/build/student_interfaces': CMAKE_PREFIX_PATH=${CMAKE_PREFIX_PATH}:/opt/ros/jazzy DEBUGINFOD_URLS=https://debuginfod.ubuntu.com /usr/bin/cmake --build /home/huangbo/ros2_learn/tongxun_learn/build/student_interfaces -- -j2 -l2
[0.587s] INFO:colcon.colcon_core.task.python.build:Building Python package in '/home/huangbo/ros2_learn/tongxun_learn/src/base_tongxun_s'
[0.588s] INFO:colcon.colcon_core.shell:Skip shell extension 'powershell' for command environment: Not usable outside of PowerShell
[0.588s] DEBUG:colcon.colcon_core.shell:Skip shell extension 'dsv' for command environment
[1.420s] DEBUG:colcon.colcon_core.event_handler.log_command:Invoked command in '/home/huangbo/ros2_learn/tongxun_learn/build/student_interfaces' returned '0': CMAKE_PREFIX_PATH=${CMAKE_PREFIX_PATH}:/opt/ros/jazzy DEBUGINFOD_URLS=https://debuginfod.ubuntu.com /usr/bin/cmake --build /home/huangbo/ros2_learn/tongxun_learn/build/student_interfaces -- -j2 -l2
[1.437s] DEBUG:colcon.colcon_core.event_handler.log_command:Invoking command in '/home/huangbo/ros2_learn/tongxun_learn/build/student_interfaces': CMAKE_PREFIX_PATH=${CMAKE_PREFIX_PATH}:/opt/ros/jazzy DEBUGINFOD_URLS=https://debuginfod.ubuntu.com /usr/bin/cmake --install /home/huangbo/ros2_learn/tongxun_learn/build/student_interfaces
[1.636s] Level 1:colcon.colcon_core.environment:create_environment_scripts_only(student_interfaces)
[1.636s] DEBUG:colcon.colcon_core.event_handler.log_command:Invoked command in '/home/huangbo/ros2_learn/tongxun_learn/build/student_interfaces' returned '0': CMAKE_PREFIX_PATH=${CMAKE_PREFIX_PATH}:/opt/ros/jazzy DEBUGINFOD_URLS=https://debuginfod.ubuntu.com /usr/bin/cmake --install /home/huangbo/ros2_learn/tongxun_learn/build/student_interfaces
[1.639s] Level 1:colcon.colcon_core.environment:checking '/home/huangbo/ros2_learn/tongxun_learn/install/student_interfaces' for CMake module files
[1.648s] Level 1:colcon.colcon_core.environment:checking '/home/huangbo/ros2_learn/tongxun_learn/install/student_interfaces' for CMake config files
[1.650s] Level 1:colcon.colcon_core.shell:create_environment_hook('student_interfaces', 'cmake_prefix_path')
[1.651s] INFO:colcon.colcon_core.shell:Creating environment hook '/home/huangbo/ros2_learn/tongxun_learn/install/student_interfaces/share/student_interfaces/hook/cmake_prefix_path.ps1'
[1.652s] INFO:colcon.colcon_core.shell:Creating environment descriptor '/home/huangbo/ros2_learn/tongxun_learn/install/student_interfaces/share/student_interfaces/hook/cmake_prefix_path.dsv'
[1.654s] INFO:colcon.colcon_core.shell:Creating environment hook '/home/huangbo/ros2_learn/tongxun_learn/install/student_interfaces/share/student_interfaces/hook/cmake_prefix_path.sh'
[1.656s] Level 1:colcon.colcon_core.environment:checking '/home/huangbo/ros2_learn/tongxun_learn/install/student_interfaces/lib'
[1.656s] Level 1:colcon.colcon_core.shell:create_environment_hook('student_interfaces', 'ld_library_path_lib')
[1.657s] INFO:colcon.colcon_core.shell:Creating environment hook '/home/huangbo/ros2_learn/tongxun_learn/install/student_interfaces/share/student_interfaces/hook/ld_library_path_lib.ps1'
[1.658s] INFO:colcon.colcon_core.shell:Creating environment descriptor '/home/huangbo/ros2_learn/tongxun_learn/install/student_interfaces/share/student_interfaces/hook/ld_library_path_lib.dsv'
[1.659s] INFO:colcon.colcon_core.shell:Creating environment hook '/home/huangbo/ros2_learn/tongxun_learn/install/student_interfaces/share/student_interfaces/hook/ld_library_path_lib.sh'
[1.661s] Level 1:colcon.colcon_core.environment:checking '/home/huangbo/ros2_learn/tongxun_learn/install/student_interfaces/bin'
[1.661s] Level 1:colcon.colcon_core.environment:checking '/home/huangbo/ros2_learn/tongxun_learn/install/student_interfaces/lib/pkgconfig/student_interfaces.pc'
[1.661s] Level 1:colcon.colcon_core.environment:checking '/home/huangbo/ros2_learn/tongxun_learn/install/student_interfaces/lib/python3.12/site-packages'
[1.663s] Level 1:colcon.colcon_core.shell:create_environment_hook('student_interfaces', 'pythonpath')
[1.663s] INFO:colcon.colcon_core.shell:Creating environment hook '/home/huangbo/ros2_learn/tongxun_learn/install/student_interfaces/share/student_interfaces/hook/pythonpath.ps1'
[1.665s] INFO:colcon.colcon_core.shell:Creating environment descriptor '/home/huangbo/ros2_learn/tongxun_learn/install/student_interfaces/share/student_interfaces/hook/pythonpath.dsv'
[1.667s] INFO:colcon.colcon_core.shell:Creating environment hook '/home/huangbo/ros2_learn/tongxun_learn/install/student_interfaces/share/student_interfaces/hook/pythonpath.sh'
[1.668s] Level 1:colcon.colcon_core.environment:checking '/home/huangbo/ros2_learn/tongxun_learn/install/student_interfaces/bin'
[1.668s] INFO:colcon.colcon_core.shell:Creating package script '/home/huangbo/ros2_learn/tongxun_learn/install/student_interfaces/share/student_interfaces/package.ps1'
[1.672s] INFO:colcon.colcon_core.shell:Creating package descriptor '/home/huangbo/ros2_learn/tongxun_learn/install/student_interfaces/share/student_interfaces/package.dsv'
[1.675s] INFO:colcon.colcon_core.shell:Creating package script '/home/huangbo/ros2_learn/tongxun_learn/install/student_interfaces/share/student_interfaces/package.sh'
[1.678s] INFO:colcon.colcon_core.shell:Creating package script '/home/huangbo/ros2_learn/tongxun_learn/install/student_interfaces/share/student_interfaces/package.bash'
[1.681s] INFO:colcon.colcon_core.shell:Creating package script '/home/huangbo/ros2_learn/tongxun_learn/install/student_interfaces/share/student_interfaces/package.zsh'
[1.683s] Level 1:colcon.colcon_core.environment:create_file_with_runtime_dependencies(/home/huangbo/ros2_learn/tongxun_learn/install/student_interfaces/share/colcon-core/packages/student_interfaces)
[1.685s] Level 1:colcon.colcon_core.environment:create_environment_scripts_only(student_interfaces)
[1.685s] Level 1:colcon.colcon_core.environment:checking '/home/huangbo/ros2_learn/tongxun_learn/install/student_interfaces' for CMake module files
[1.686s] Level 1:colcon.colcon_core.environment:checking '/home/huangbo/ros2_learn/tongxun_learn/install/student_interfaces' for CMake config files
[1.687s] Level 1:colcon.colcon_core.shell:create_environment_hook('student_interfaces', 'cmake_prefix_path')
[1.687s] INFO:colcon.colcon_core.shell:Creating environment hook '/home/huangbo/ros2_learn/tongxun_learn/install/student_interfaces/share/student_interfaces/hook/cmake_prefix_path.ps1'
[1.689s] INFO:colcon.colcon_core.shell:Creating environment descriptor '/home/huangbo/ros2_learn/tongxun_learn/install/student_interfaces/share/student_interfaces/hook/cmake_prefix_path.dsv'
[1.690s] INFO:colcon.colcon_core.shell:Creating environment hook '/home/huangbo/ros2_learn/tongxun_learn/install/student_interfaces/share/student_interfaces/hook/cmake_prefix_path.sh'
[1.691s] Level 1:colcon.colcon_core.environment:checking '/home/huangbo/ros2_learn/tongxun_learn/install/student_interfaces/lib'
[1.692s] Level 1:colcon.colcon_core.shell:create_environment_hook('student_interfaces', 'ld_library_path_lib')
[1.692s] INFO:colcon.colcon_core.shell:Creating environment hook '/home/huangbo/ros2_learn/tongxun_learn/install/student_interfaces/share/student_interfaces/hook/ld_library_path_lib.ps1'
[1.708s] INFO:colcon.colcon_core.shell:Creating environment descriptor '/home/huangbo/ros2_learn/tongxun_learn/install/student_interfaces/share/student_interfaces/hook/ld_library_path_lib.dsv'
[1.715s] INFO:colcon.colcon_core.shell:Creating environment hook '/home/huangbo/ros2_learn/tongxun_learn/install/student_interfaces/share/student_interfaces/hook/ld_library_path_lib.sh'
[1.770s] Level 1:colcon.colcon_core.environment:checking '/home/huangbo/ros2_learn/tongxun_learn/install/student_interfaces/bin'
[1.771s] Level 1:colcon.colcon_core.environment:checking '/home/huangbo/ros2_learn/tongxun_learn/install/student_interfaces/lib/pkgconfig/student_interfaces.pc'
[1.772s] Level 1:colcon.colcon_core.environment:checking '/home/huangbo/ros2_learn/tongxun_learn/install/student_interfaces/lib/python3.12/site-packages'
[1.773s] Level 1:colcon.colcon_core.shell:create_environment_hook('student_interfaces', 'pythonpath')
[1.776s] INFO:colcon.colcon_core.shell:Creating environment hook '/home/huangbo/ros2_learn/tongxun_learn/install/student_interfaces/share/student_interfaces/hook/pythonpath.ps1'
[1.779s] INFO:colcon.colcon_core.shell:Creating environment descriptor '/home/huangbo/ros2_learn/tongxun_learn/install/student_interfaces/share/student_interfaces/hook/pythonpath.dsv'
[1.784s] INFO:colcon.colcon_core.shell:Creating environment hook '/home/huangbo/ros2_learn/tongxun_learn/install/student_interfaces/share/student_interfaces/hook/pythonpath.sh'
[1.786s] Level 1:colcon.colcon_core.environment:checking '/home/huangbo/ros2_learn/tongxun_learn/install/student_interfaces/bin'
[1.787s] INFO:colcon.colcon_core.shell:Creating package script '/home/huangbo/ros2_learn/tongxun_learn/install/student_interfaces/share/student_interfaces/package.ps1'
[1.791s] INFO:colcon.colcon_core.shell:Creating package descriptor '/home/huangbo/ros2_learn/tongxun_learn/install/student_interfaces/share/student_interfaces/package.dsv'
[1.793s] INFO:colcon.colcon_core.shell:Creating package script '/home/huangbo/ros2_learn/tongxun_learn/install/student_interfaces/share/student_interfaces/package.sh'
[1.797s] INFO:colcon.colcon_core.shell:Creating package script '/home/huangbo/ros2_learn/tongxun_learn/install/student_interfaces/share/student_interfaces/package.bash'
[1.802s] INFO:colcon.colcon_core.shell:Creating package script '/home/huangbo/ros2_learn/tongxun_learn/install/student_interfaces/share/student_interfaces/package.zsh'
[1.803s] Level 1:colcon.colcon_core.environment:create_file_with_runtime_dependencies(/home/huangbo/ros2_learn/tongxun_learn/install/student_interfaces/share/colcon-core/packages/student_interfaces)
[1.804s] INFO:colcon.colcon_ros.task.ament_python.build:Building ROS package in '/home/huangbo/ros2_learn/tongxun_learn/src/py02_service' with build type 'ament_python'
[1.804s] Level 1:colcon.colcon_core.shell:create_environment_hook('py02_service', 'ament_prefix_path')
[1.804s] INFO:colcon.colcon_core.shell:Creating environment hook '/home/huangbo/ros2_learn/tongxun_learn/install/py02_service/share/py02_service/hook/ament_prefix_path.ps1'
[1.809s] INFO:colcon.colcon_core.shell:Creating environment descriptor '/home/huangbo/ros2_learn/tongxun_learn/install/py02_service/share/py02_service/hook/ament_prefix_path.dsv'
[1.810s] INFO:colcon.colcon_core.shell:Creating environment hook '/home/huangbo/ros2_learn/tongxun_learn/install/py02_service/share/py02_service/hook/ament_prefix_path.sh'
[1.813s] INFO:colcon.colcon_core.shell:Skip shell extension 'powershell' for command environment: Not usable outside of PowerShell
[1.814s] DEBUG:colcon.colcon_core.shell:Skip shell extension 'dsv' for command environment
[2.228s] INFO:colcon.colcon_core.task.python.build:Building Python package in '/home/huangbo/ros2_learn/tongxun_learn/src/py02_service'
[2.228s] INFO:colcon.colcon_core.shell:Skip shell extension 'powershell' for command environment: Not usable outside of PowerShell
[2.228s] DEBUG:colcon.colcon_core.shell:Skip shell extension 'dsv' for command environment
[2.234s] DEBUG:colcon.colcon_core.task.python.build:Available setuptools commands: egg_info, build, check, bdist_dumb, clean, install_lib, bdist, register, saveopts, bdist_rpm, build_ext, update_catalog, develop, alias, editable_wheel, dist_info, upload_docs, build_clib, install_headers, build_scripts, init_catalog, extract_messages, install_scripts, rotate, compile_catalog, install_data, upload, sdist, setopt, bdist_egg, symlink_data, build_py, install_egg_info, test, install, easy_install
[2.240s] DEBUG:colcon.colcon_core.event_handler.log_command:Invoking command in '/home/huangbo/ros2_learn/tongxun_learn/src/base_tongxun_s': DEBUGINFOD_URLS=https://debuginfod.ubuntu.com PYTHONPATH=/home/huangbo/ros2_learn/tongxun_learn/build/base_tongxun_s/prefix_override:/usr/lib/python3/dist-packages/colcon_core/task/python/colcon_distutils_commands:/home/huangbo/ros2_learn/tongxun_learn/install/base_tongxun_s/lib/python3.12/site-packages:${PYTHONPATH} /usr/bin/python3 -W ignore:setup.py install is deprecated -W ignore:easy_install command is deprecated setup.py egg_info --egg-base ../../build/base_tongxun_s build --build-base /home/huangbo/ros2_learn/tongxun_learn/build/base_tongxun_s/build install --record /home/huangbo/ros2_learn/tongxun_learn/build/base_tongxun_s/install.log --install-scripts $base/lib/base_tongxun_s --single-version-externally-managed install_data
[3.100s] Level 1:colcon.colcon_core.environment:checking '/home/huangbo/ros2_learn/tongxun_learn/install/base_tongxun_s' for CMake module files
[3.101s] DEBUG:colcon.colcon_core.event_handler.log_command:Invoked command in '/home/huangbo/ros2_learn/tongxun_learn/src/base_tongxun_s' returned '0': DEBUGINFOD_URLS=https://debuginfod.ubuntu.com PYTHONPATH=/home/huangbo/ros2_learn/tongxun_learn/build/base_tongxun_s/prefix_override:/usr/lib/python3/dist-packages/colcon_core/task/python/colcon_distutils_commands:/home/huangbo/ros2_learn/tongxun_learn/install/base_tongxun_s/lib/python3.12/site-packages:${PYTHONPATH} /usr/bin/python3 -W ignore:setup.py install is deprecated -W ignore:easy_install command is deprecated setup.py egg_info --egg-base ../../build/base_tongxun_s build --build-base /home/huangbo/ros2_learn/tongxun_learn/build/base_tongxun_s/build install --record /home/huangbo/ros2_learn/tongxun_learn/build/base_tongxun_s/install.log --install-scripts $base/lib/base_tongxun_s --single-version-externally-managed install_data
[3.102s] Level 1:colcon.colcon_core.environment:checking '/home/huangbo/ros2_learn/tongxun_learn/install/base_tongxun_s' for CMake config files
[3.103s] Level 1:colcon.colcon_core.environment:checking '/home/huangbo/ros2_learn/tongxun_learn/install/base_tongxun_s/lib'
[3.103s] Level 1:colcon.colcon_core.environment:checking '/home/huangbo/ros2_learn/tongxun_learn/install/base_tongxun_s/bin'
[3.103s] Level 1:colcon.colcon_core.environment:checking '/home/huangbo/ros2_learn/tongxun_learn/install/base_tongxun_s/lib/pkgconfig/base_tongxun_s.pc'
[3.104s] Level 1:colcon.colcon_core.environment:checking '/home/huangbo/ros2_learn/tongxun_learn/install/base_tongxun_s/lib/python3.12/site-packages'
[3.104s] Level 1:colcon.colcon_core.shell:create_environment_hook('base_tongxun_s', 'pythonpath')
[3.104s] INFO:colcon.colcon_core.shell:Creating environment hook '/home/huangbo/ros2_learn/tongxun_learn/install/base_tongxun_s/share/base_tongxun_s/hook/pythonpath.ps1'
[3.105s] INFO:colcon.colcon_core.shell:Creating environment descriptor '/home/huangbo/ros2_learn/tongxun_learn/install/base_tongxun_s/share/base_tongxun_s/hook/pythonpath.dsv'
[3.106s] INFO:colcon.colcon_core.shell:Creating environment hook '/home/huangbo/ros2_learn/tongxun_learn/install/base_tongxun_s/share/base_tongxun_s/hook/pythonpath.sh'
[3.106s] Level 1:colcon.colcon_core.environment:checking '/home/huangbo/ros2_learn/tongxun_learn/install/base_tongxun_s/bin'
[3.107s] Level 1:colcon.colcon_core.environment:create_environment_scripts_only(base_tongxun_s)
[3.107s] INFO:colcon.colcon_core.shell:Creating package script '/home/huangbo/ros2_learn/tongxun_learn/install/base_tongxun_s/share/base_tongxun_s/package.ps1'
[3.111s] INFO:colcon.colcon_core.shell:Creating package descriptor '/home/huangbo/ros2_learn/tongxun_learn/install/base_tongxun_s/share/base_tongxun_s/package.dsv'
[3.112s] INFO:colcon.colcon_core.shell:Creating package script '/home/huangbo/ros2_learn/tongxun_learn/install/base_tongxun_s/share/base_tongxun_s/package.sh'
[3.113s] INFO:colcon.colcon_core.shell:Creating package script '/home/huangbo/ros2_learn/tongxun_learn/install/base_tongxun_s/share/base_tongxun_s/package.bash'
[3.114s] INFO:colcon.colcon_core.shell:Creating package script '/home/huangbo/ros2_learn/tongxun_learn/install/base_tongxun_s/share/base_tongxun_s/package.zsh'
[3.115s] Level 1:colcon.colcon_core.environment:create_file_with_runtime_dependencies(/home/huangbo/ros2_learn/tongxun_learn/install/base_tongxun_s/share/colcon-core/packages/base_tongxun_s)
[3.115s] INFO:colcon.colcon_ros.task.ament_python.build:Building ROS package in '/home/huangbo/ros2_learn/tongxun_learn/src/py02_service_my' with build type 'ament_python'
[3.116s] Level 1:colcon.colcon_core.shell:create_environment_hook('py02_service_my', 'ament_prefix_path')
[3.116s] INFO:colcon.colcon_core.shell:Creating environment hook '/home/huangbo/ros2_learn/tongxun_learn/install/py02_service_my/share/py02_service_my/hook/ament_prefix_path.ps1'
[3.117s] INFO:colcon.colcon_core.shell:Creating environment descriptor '/home/huangbo/ros2_learn/tongxun_learn/install/py02_service_my/share/py02_service_my/hook/ament_prefix_path.dsv'
[3.118s] INFO:colcon.colcon_core.shell:Creating environment hook '/home/huangbo/ros2_learn/tongxun_learn/install/py02_service_my/share/py02_service_my/hook/ament_prefix_path.sh'
[3.120s] INFO:colcon.colcon_core.shell:Skip shell extension 'powershell' for command environment: Not usable outside of PowerShell
[3.120s] DEBUG:colcon.colcon_core.shell:Skip shell extension 'dsv' for command environment
[3.471s] INFO:colcon.colcon_core.task.python.build:Building Python package in '/home/huangbo/ros2_learn/tongxun_learn/src/py02_service_my'
[3.472s] INFO:colcon.colcon_core.shell:Skip shell extension 'powershell' for command environment: Not usable outside of PowerShell
[3.472s] DEBUG:colcon.colcon_core.shell:Skip shell extension 'dsv' for command environment
[3.476s] DEBUG:colcon.colcon_core.task.python.build:Available setuptools commands: egg_info, build, check, bdist_dumb, clean, install_lib, bdist, register, saveopts, bdist_rpm, build_ext, update_catalog, develop, alias, editable_wheel, dist_info, upload_docs, build_clib, install_headers, build_scripts, init_catalog, extract_messages, install_scripts, rotate, compile_catalog, install_data, upload, sdist, setopt, bdist_egg, symlink_data, build_py, install_egg_info, test, install, easy_install
[3.484s] DEBUG:colcon.colcon_core.event_handler.log_command:Invoking command in '/home/huangbo/ros2_learn/tongxun_learn/src/py02_service': DEBUGINFOD_URLS=https://debuginfod.ubuntu.com PYTHONPATH=/home/huangbo/ros2_learn/tongxun_learn/build/py02_service/prefix_override:/usr/lib/python3/dist-packages/colcon_core/task/python/colcon_distutils_commands:/home/huangbo/ros2_learn/tongxun_learn/install/py02_service/lib/python3.12/site-packages:${PYTHONPATH} /usr/bin/python3 -W ignore:setup.py install is deprecated -W ignore:easy_install command is deprecated setup.py egg_info --egg-base ../../build/py02_service build --build-base /home/huangbo/ros2_learn/tongxun_learn/build/py02_service/build install --record /home/huangbo/ros2_learn/tongxun_learn/build/py02_service/install.log --install-scripts $base/lib/py02_service --single-version-externally-managed install_data
[4.303s] DEBUG:colcon.colcon_core.task.python.build:Available setuptools commands: egg_info, build, check, bdist_dumb, clean, install_lib, bdist, register, saveopts, bdist_rpm, build_ext, update_catalog, develop, alias, editable_wheel, dist_info, upload_docs, build_clib, install_headers, build_scripts, init_catalog, extract_messages, install_scripts, rotate, compile_catalog, install_data, upload, sdist, setopt, bdist_egg, symlink_data, build_py, install_egg_info, test, install, easy_install
[4.310s] DEBUG:colcon.colcon_core.event_handler.log_command:Invoking command in '/home/huangbo/ros2_learn/tongxun_learn/src/py02_service_my': DEBUGINFOD_URLS=https://debuginfod.ubuntu.com PYTHONPATH=/home/huangbo/ros2_learn/tongxun_learn/build/py02_service_my/prefix_override:/usr/lib/python3/dist-packages/colcon_core/task/python/colcon_distutils_commands:/home/huangbo/ros2_learn/tongxun_learn/install/py02_service_my/lib/python3.12/site-packages:${PYTHONPATH} /usr/bin/python3 -W ignore:setup.py install is deprecated -W ignore:easy_install command is deprecated setup.py egg_info --egg-base ../../build/py02_service_my build --build-base /home/huangbo/ros2_learn/tongxun_learn/build/py02_service_my/build install --record /home/huangbo/ros2_learn/tongxun_learn/build/py02_service_my/install.log --install-scripts $base/lib/py02_service_my --single-version-externally-managed install_data
[4.323s] Level 1:colcon.colcon_core.environment:checking '/home/huangbo/ros2_learn/tongxun_learn/install/py02_service' for CMake module files
[4.323s] DEBUG:colcon.colcon_core.event_handler.log_command:Invoked command in '/home/huangbo/ros2_learn/tongxun_learn/src/py02_service' returned '0': DEBUGINFOD_URLS=https://debuginfod.ubuntu.com PYTHONPATH=/home/huangbo/ros2_learn/tongxun_learn/build/py02_service/prefix_override:/usr/lib/python3/dist-packages/colcon_core/task/python/colcon_distutils_commands:/home/huangbo/ros2_learn/tongxun_learn/install/py02_service/lib/python3.12/site-packages:${PYTHONPATH} /usr/bin/python3 -W ignore:setup.py install is deprecated -W ignore:easy_install command is deprecated setup.py egg_info --egg-base ../../build/py02_service build --build-base /home/huangbo/ros2_learn/tongxun_learn/build/py02_service/build install --record /home/huangbo/ros2_learn/tongxun_learn/build/py02_service/install.log --install-scripts $base/lib/py02_service --single-version-externally-managed install_data
[4.325s] Level 1:colcon.colcon_core.environment:checking '/home/huangbo/ros2_learn/tongxun_learn/install/py02_service' for CMake config files
[4.325s] Level 1:colcon.colcon_core.environment:checking '/home/huangbo/ros2_learn/tongxun_learn/install/py02_service/lib'
[4.328s] Level 1:colcon.colcon_core.environment:checking '/home/huangbo/ros2_learn/tongxun_learn/install/py02_service/bin'
[4.328s] Level 1:colcon.colcon_core.environment:checking '/home/huangbo/ros2_learn/tongxun_learn/install/py02_service/lib/pkgconfig/py02_service.pc'
[4.328s] Level 1:colcon.colcon_core.environment:checking '/home/huangbo/ros2_learn/tongxun_learn/install/py02_service/lib/python3.12/site-packages'
[4.329s] Level 1:colcon.colcon_core.shell:create_environment_hook('py02_service', 'pythonpath')
[4.329s] INFO:colcon.colcon_core.shell:Creating environment hook '/home/huangbo/ros2_learn/tongxun_learn/install/py02_service/share/py02_service/hook/pythonpath.ps1'
[4.330s] INFO:colcon.colcon_core.shell:Creating environment descriptor '/home/huangbo/ros2_learn/tongxun_learn/install/py02_service/share/py02_service/hook/pythonpath.dsv'
[4.331s] INFO:colcon.colcon_core.shell:Creating environment hook '/home/huangbo/ros2_learn/tongxun_learn/install/py02_service/share/py02_service/hook/pythonpath.sh'
[4.332s] Level 1:colcon.colcon_core.environment:checking '/home/huangbo/ros2_learn/tongxun_learn/install/py02_service/bin'
[4.332s] Level 1:colcon.colcon_core.environment:create_environment_scripts_only(py02_service)
[4.334s] INFO:colcon.colcon_core.shell:Creating package script '/home/huangbo/ros2_learn/tongxun_learn/install/py02_service/share/py02_service/package.ps1'
[4.335s] INFO:colcon.colcon_core.shell:Creating package descriptor '/home/huangbo/ros2_learn/tongxun_learn/install/py02_service/share/py02_service/package.dsv'
[4.336s] INFO:colcon.colcon_core.shell:Creating package script '/home/huangbo/ros2_learn/tongxun_learn/install/py02_service/share/py02_service/package.sh'
[4.337s] INFO:colcon.colcon_core.shell:Creating package script '/home/huangbo/ros2_learn/tongxun_learn/install/py02_service/share/py02_service/package.bash'
[4.338s] INFO:colcon.colcon_core.shell:Creating package script '/home/huangbo/ros2_learn/tongxun_learn/install/py02_service/share/py02_service/package.zsh'
[4.339s] Level 1:colcon.colcon_core.environment:create_file_with_runtime_dependencies(/home/huangbo/ros2_learn/tongxun_learn/install/py02_service/share/colcon-core/packages/py02_service)
[4.339s] INFO:colcon.colcon_ros.task.ament_python.build:Building ROS package in '/home/huangbo/ros2_learn/tongxun_learn/src/py04_param' with build type 'ament_python'
[4.339s] Level 1:colcon.colcon_core.shell:create_environment_hook('py04_param', 'ament_prefix_path')
[4.339s] INFO:colcon.colcon_core.shell:Creating environment hook '/home/huangbo/ros2_learn/tongxun_learn/install/py04_param/share/py04_param/hook/ament_prefix_path.ps1'
[4.340s] INFO:colcon.colcon_core.shell:Creating environment descriptor '/home/huangbo/ros2_learn/tongxun_learn/install/py04_param/share/py04_param/hook/ament_prefix_path.dsv'
[4.341s] INFO:colcon.colcon_core.shell:Creating environment hook '/home/huangbo/ros2_learn/tongxun_learn/install/py04_param/share/py04_param/hook/ament_prefix_path.sh'
[4.342s] INFO:colcon.colcon_core.shell:Skip shell extension 'powershell' for command environment: Not usable outside of PowerShell
[4.342s] DEBUG:colcon.colcon_core.shell:Skip shell extension 'dsv' for command environment
[4.641s] INFO:colcon.colcon_core.task.python.build:Building Python package in '/home/huangbo/ros2_learn/tongxun_learn/src/py04_param'
[4.642s] INFO:colcon.colcon_core.shell:Skip shell extension 'powershell' for command environment: Not usable outside of PowerShell
[4.642s] DEBUG:colcon.colcon_core.shell:Skip shell extension 'dsv' for command environment
[5.124s] Level 1:colcon.colcon_core.environment:checking '/home/huangbo/ros2_learn/tongxun_learn/install/py02_service_my' for CMake module files
[5.125s] Level 1:colcon.colcon_core.environment:checking '/home/huangbo/ros2_learn/tongxun_learn/install/py02_service_my' for CMake config files
[5.126s] DEBUG:colcon.colcon_core.event_handler.log_command:Invoked command in '/home/huangbo/ros2_learn/tongxun_learn/src/py02_service_my' returned '0': DEBUGINFOD_URLS=https://debuginfod.ubuntu.com PYTHONPATH=/home/huangbo/ros2_learn/tongxun_learn/build/py02_service_my/prefix_override:/usr/lib/python3/dist-packages/colcon_core/task/python/colcon_distutils_commands:/home/huangbo/ros2_learn/tongxun_learn/install/py02_service_my/lib/python3.12/site-packages:${PYTHONPATH} /usr/bin/python3 -W ignore:setup.py install is deprecated -W ignore:easy_install command is deprecated setup.py egg_info --egg-base ../../build/py02_service_my build --build-base /home/huangbo/ros2_learn/tongxun_learn/build/py02_service_my/build install --record /home/huangbo/ros2_learn/tongxun_learn/build/py02_service_my/install.log --install-scripts $base/lib/py02_service_my --single-version-externally-managed install_data
[5.127s] Level 1:colcon.colcon_core.environment:checking '/home/huangbo/ros2_learn/tongxun_learn/install/py02_service_my/lib'
[5.127s] Level 1:colcon.colcon_core.environment:checking '/home/huangbo/ros2_learn/tongxun_learn/install/py02_service_my/bin'
[5.127s] Level 1:colcon.colcon_core.environment:checking '/home/huangbo/ros2_learn/tongxun_learn/install/py02_service_my/lib/pkgconfig/py02_service_my.pc'
[5.128s] Level 1:colcon.colcon_core.environment:checking '/home/huangbo/ros2_learn/tongxun_learn/install/py02_service_my/lib/python3.12/site-packages'
[5.128s] Level 1:colcon.colcon_core.shell:create_environment_hook('py02_service_my', 'pythonpath')
[5.128s] INFO:colcon.colcon_core.shell:Creating environment hook '/home/huangbo/ros2_learn/tongxun_learn/install/py02_service_my/share/py02_service_my/hook/pythonpath.ps1'
[5.130s] INFO:colcon.colcon_core.shell:Creating environment descriptor '/home/huangbo/ros2_learn/tongxun_learn/install/py02_service_my/share/py02_service_my/hook/pythonpath.dsv'
[5.132s] INFO:colcon.colcon_core.shell:Creating environment hook '/home/huangbo/ros2_learn/tongxun_learn/install/py02_service_my/share/py02_service_my/hook/pythonpath.sh'
[5.134s] Level 1:colcon.colcon_core.environment:checking '/home/huangbo/ros2_learn/tongxun_learn/install/py02_service_my/bin'
[5.135s] Level 1:colcon.colcon_core.environment:create_environment_scripts_only(py02_service_my)
[5.135s] INFO:colcon.colcon_core.shell:Creating package script '/home/huangbo/ros2_learn/tongxun_learn/install/py02_service_my/share/py02_service_my/package.ps1'
[5.137s] INFO:colcon.colcon_core.shell:Creating package descriptor '/home/huangbo/ros2_learn/tongxun_learn/install/py02_service_my/share/py02_service_my/package.dsv'
[5.139s] INFO:colcon.colcon_core.shell:Creating package script '/home/huangbo/ros2_learn/tongxun_learn/install/py02_service_my/share/py02_service_my/package.sh'
[5.140s] INFO:colcon.colcon_core.shell:Creating package script '/home/huangbo/ros2_learn/tongxun_learn/install/py02_service_my/share/py02_service_my/package.bash'
[5.141s] INFO:colcon.colcon_core.shell:Creating package script '/home/huangbo/ros2_learn/tongxun_learn/install/py02_service_my/share/py02_service_my/package.zsh'
[5.142s] Level 1:colcon.colcon_core.environment:create_file_with_runtime_dependencies(/home/huangbo/ros2_learn/tongxun_learn/install/py02_service_my/share/colcon-core/packages/py02_service_my)
[5.143s] INFO:colcon.colcon_ros.task.ament_python.build:Building ROS package in '/home/huangbo/ros2_learn/tongxun_learn/src/py05_time' with build type 'ament_python'
[5.144s] Level 1:colcon.colcon_core.shell:create_environment_hook('py05_time', 'ament_prefix_path')
[5.144s] INFO:colcon.colcon_core.shell:Creating environment hook '/home/huangbo/ros2_learn/tongxun_learn/install/py05_time/share/py05_time/hook/ament_prefix_path.ps1'
[5.146s] INFO:colcon.colcon_core.shell:Creating environment descriptor '/home/huangbo/ros2_learn/tongxun_learn/install/py05_time/share/py05_time/hook/ament_prefix_path.dsv'
[5.147s] INFO:colcon.colcon_core.shell:Creating environment hook '/home/huangbo/ros2_learn/tongxun_learn/install/py05_time/share/py05_time/hook/ament_prefix_path.sh'
[5.148s] INFO:colcon.colcon_core.shell:Skip shell extension 'powershell' for command environment: Not usable outside of PowerShell
[5.148s] DEBUG:colcon.colcon_core.shell:Skip shell extension 'dsv' for command environment
[5.477s] INFO:colcon.colcon_core.task.python.build:Building Python package in '/home/huangbo/ros2_learn/tongxun_learn/src/py05_time'
[5.478s] INFO:colcon.colcon_core.shell:Skip shell extension 'powershell' for command environment: Not usable outside of PowerShell
[5.478s] DEBUG:colcon.colcon_core.shell:Skip shell extension 'dsv' for command environment
[5.483s] DEBUG:colcon.colcon_core.task.python.build:Available setuptools commands: egg_info, build, check, bdist_dumb, clean, install_lib, bdist, register, saveopts, bdist_rpm, build_ext, update_catalog, develop, alias, editable_wheel, dist_info, upload_docs, build_clib, install_headers, build_scripts, init_catalog, extract_messages, install_scripts, rotate, compile_catalog, install_data, upload, sdist, setopt, bdist_egg, symlink_data, build_py, install_egg_info, test, install, easy_install
[5.490s] DEBUG:colcon.colcon_core.event_handler.log_command:Invoking command in '/home/huangbo/ros2_learn/tongxun_learn/src/py04_param': DEBUGINFOD_URLS=https://debuginfod.ubuntu.com PYTHONPATH=/home/huangbo/ros2_learn/tongxun_learn/build/py04_param/prefix_override:/usr/lib/python3/dist-packages/colcon_core/task/python/colcon_distutils_commands:/home/huangbo/ros2_learn/tongxun_learn/install/py04_param/lib/python3.12/site-packages:${PYTHONPATH} /usr/bin/python3 -W ignore:setup.py install is deprecated -W ignore:easy_install command is deprecated setup.py egg_info --egg-base ../../build/py04_param build --build-base /home/huangbo/ros2_learn/tongxun_learn/build/py04_param/build install --record /home/huangbo/ros2_learn/tongxun_learn/build/py04_param/install.log --install-scripts $base/lib/py04_param --single-version-externally-managed install_data
[6.295s] Level 1:colcon.colcon_core.environment:checking '/home/huangbo/ros2_learn/tongxun_learn/install/py04_param' for CMake module files
[6.296s] DEBUG:colcon.colcon_core.event_handler.log_command:Invoked command in '/home/huangbo/ros2_learn/tongxun_learn/src/py04_param' returned '0': DEBUGINFOD_URLS=https://debuginfod.ubuntu.com PYTHONPATH=/home/huangbo/ros2_learn/tongxun_learn/build/py04_param/prefix_override:/usr/lib/python3/dist-packages/colcon_core/task/python/colcon_distutils_commands:/home/huangbo/ros2_learn/tongxun_learn/install/py04_param/lib/python3.12/site-packages:${PYTHONPATH} /usr/bin/python3 -W ignore:setup.py install is deprecated -W ignore:easy_install command is deprecated setup.py egg_info --egg-base ../../build/py04_param build --build-base /home/huangbo/ros2_learn/tongxun_learn/build/py04_param/build install --record /home/huangbo/ros2_learn/tongxun_learn/build/py04_param/install.log --install-scripts $base/lib/py04_param --single-version-externally-managed install_data
[6.297s] Level 1:colcon.colcon_core.environment:checking '/home/huangbo/ros2_learn/tongxun_learn/install/py04_param' for CMake config files
[6.298s] Level 1:colcon.colcon_core.environment:checking '/home/huangbo/ros2_learn/tongxun_learn/install/py04_param/lib'
[6.298s] Level 1:colcon.colcon_core.environment:checking '/home/huangbo/ros2_learn/tongxun_learn/install/py04_param/bin'
[6.299s] Level 1:colcon.colcon_core.environment:checking '/home/huangbo/ros2_learn/tongxun_learn/install/py04_param/lib/pkgconfig/py04_param.pc'
[6.299s] Level 1:colcon.colcon_core.environment:checking '/home/huangbo/ros2_learn/tongxun_learn/install/py04_param/lib/python3.12/site-packages'
[6.300s] Level 1:colcon.colcon_core.shell:create_environment_hook('py04_param', 'pythonpath')
[6.300s] INFO:colcon.colcon_core.shell:Creating environment hook '/home/huangbo/ros2_learn/tongxun_learn/install/py04_param/share/py04_param/hook/pythonpath.ps1'
[6.301s] INFO:colcon.colcon_core.shell:Creating environment descriptor '/home/huangbo/ros2_learn/tongxun_learn/install/py04_param/share/py04_param/hook/pythonpath.dsv'
[6.302s] INFO:colcon.colcon_core.shell:Creating environment hook '/home/huangbo/ros2_learn/tongxun_learn/install/py04_param/share/py04_param/hook/pythonpath.sh'
[6.303s] Level 1:colcon.colcon_core.environment:checking '/home/huangbo/ros2_learn/tongxun_learn/install/py04_param/bin'
[6.304s] Level 1:colcon.colcon_core.environment:create_environment_scripts_only(py04_param)
[6.304s] INFO:colcon.colcon_core.shell:Creating package script '/home/huangbo/ros2_learn/tongxun_learn/install/py04_param/share/py04_param/package.ps1'
[6.305s] INFO:colcon.colcon_core.shell:Creating package descriptor '/home/huangbo/ros2_learn/tongxun_learn/install/py04_param/share/py04_param/package.dsv'
[6.306s] INFO:colcon.colcon_core.shell:Creating package script '/home/huangbo/ros2_learn/tongxun_learn/install/py04_param/share/py04_param/package.sh'
[6.307s] INFO:colcon.colcon_core.shell:Creating package script '/home/huangbo/ros2_learn/tongxun_learn/install/py04_param/share/py04_param/package.bash'
[6.308s] INFO:colcon.colcon_core.shell:Creating package script '/home/huangbo/ros2_learn/tongxun_learn/install/py04_param/share/py04_param/package.zsh'
[6.309s] Level 1:colcon.colcon_core.environment:create_file_with_runtime_dependencies(/home/huangbo/ros2_learn/tongxun_learn/install/py04_param/share/colcon-core/packages/py04_param)
[6.310s] INFO:colcon.colcon_ros.task.ament_python.build:Building ROS package in '/home/huangbo/ros2_learn/tongxun_learn/src/py06_lianxi' with build type 'ament_python'
[6.312s] Level 1:colcon.colcon_core.shell:create_environment_hook('py06_lianxi', 'ament_prefix_path')
[6.313s] INFO:colcon.colcon_core.shell:Creating environment hook '/home/huangbo/ros2_learn/tongxun_learn/install/py06_lianxi/share/py06_lianxi/hook/ament_prefix_path.ps1'
[6.314s] INFO:colcon.colcon_core.shell:Creating environment descriptor '/home/huangbo/ros2_learn/tongxun_learn/install/py06_lianxi/share/py06_lianxi/hook/ament_prefix_path.dsv'
[6.315s] INFO:colcon.colcon_core.shell:Creating environment hook '/home/huangbo/ros2_learn/tongxun_learn/install/py06_lianxi/share/py06_lianxi/hook/ament_prefix_path.sh'
[6.317s] INFO:colcon.colcon_core.shell:Skip shell extension 'powershell' for command environment: Not usable outside of PowerShell
[6.317s] DEBUG:colcon.colcon_core.shell:Skip shell extension 'dsv' for command environment
[6.663s] INFO:colcon.colcon_core.task.python.build:Building Python package in '/home/huangbo/ros2_learn/tongxun_learn/src/py06_lianxi'
[6.664s] INFO:colcon.colcon_core.shell:Skip shell extension 'powershell' for command environment: Not usable outside of PowerShell
[6.664s] DEBUG:colcon.colcon_core.shell:Skip shell extension 'dsv' for command environment
[6.669s] DEBUG:colcon.colcon_core.task.python.build:Available setuptools commands: egg_info, build, check, bdist_dumb, clean, install_lib, bdist, register, saveopts, bdist_rpm, build_ext, update_catalog, develop, alias, editable_wheel, dist_info, upload_docs, build_clib, install_headers, build_scripts, init_catalog, extract_messages, install_scripts, rotate, compile_catalog, install_data, upload, sdist, setopt, bdist_egg, symlink_data, build_py, install_egg_info, test, install, easy_install
[6.673s] DEBUG:colcon.colcon_core.event_handler.log_command:Invoking command in '/home/huangbo/ros2_learn/tongxun_learn/src/py05_time': DEBUGINFOD_URLS=https://debuginfod.ubuntu.com PYTHONPATH=/home/huangbo/ros2_learn/tongxun_learn/build/py05_time/prefix_override:/usr/lib/python3/dist-packages/colcon_core/task/python/colcon_distutils_commands:/home/huangbo/ros2_learn/tongxun_learn/install/py05_time/lib/python3.12/site-packages:${PYTHONPATH} /usr/bin/python3 -W ignore:setup.py install is deprecated -W ignore:easy_install command is deprecated setup.py egg_info --egg-base ../../build/py05_time build --build-base /home/huangbo/ros2_learn/tongxun_learn/build/py05_time/build install --record /home/huangbo/ros2_learn/tongxun_learn/build/py05_time/install.log --install-scripts $base/lib/py05_time --single-version-externally-managed install_data
[7.483s] Level 1:colcon.colcon_core.environment:checking '/home/huangbo/ros2_learn/tongxun_learn/install/py05_time' for CMake module files
[7.483s] Level 1:colcon.colcon_core.environment:checking '/home/huangbo/ros2_learn/tongxun_learn/install/py05_time' for CMake config files
[7.484s] DEBUG:colcon.colcon_core.event_handler.log_command:Invoked command in '/home/huangbo/ros2_learn/tongxun_learn/src/py05_time' returned '0': DEBUGINFOD_URLS=https://debuginfod.ubuntu.com PYTHONPATH=/home/huangbo/ros2_learn/tongxun_learn/build/py05_time/prefix_override:/usr/lib/python3/dist-packages/colcon_core/task/python/colcon_distutils_commands:/home/huangbo/ros2_learn/tongxun_learn/install/py05_time/lib/python3.12/site-packages:${PYTHONPATH} /usr/bin/python3 -W ignore:setup.py install is deprecated -W ignore:easy_install command is deprecated setup.py egg_info --egg-base ../../build/py05_time build --build-base /home/huangbo/ros2_learn/tongxun_learn/build/py05_time/build install --record /home/huangbo/ros2_learn/tongxun_learn/build/py05_time/install.log --install-scripts $base/lib/py05_time --single-version-externally-managed install_data
[7.485s] Level 1:colcon.colcon_core.environment:checking '/home/huangbo/ros2_learn/tongxun_learn/install/py05_time/lib'
[7.485s] Level 1:colcon.colcon_core.environment:checking '/home/huangbo/ros2_learn/tongxun_learn/install/py05_time/bin'
[7.486s] Level 1:colcon.colcon_core.environment:checking '/home/huangbo/ros2_learn/tongxun_learn/install/py05_time/lib/pkgconfig/py05_time.pc'
[7.487s] Level 1:colcon.colcon_core.environment:checking '/home/huangbo/ros2_learn/tongxun_learn/install/py05_time/lib/python3.12/site-packages'
[7.487s] Level 1:colcon.colcon_core.shell:create_environment_hook('py05_time', 'pythonpath')
[7.487s] INFO:colcon.colcon_core.shell:Creating environment hook '/home/huangbo/ros2_learn/tongxun_learn/install/py05_time/share/py05_time/hook/pythonpath.ps1'
[7.499s] INFO:colcon.colcon_core.shell:Creating environment descriptor '/home/huangbo/ros2_learn/tongxun_learn/install/py05_time/share/py05_time/hook/pythonpath.dsv'
[7.502s] INFO:colcon.colcon_core.shell:Creating environment hook '/home/huangbo/ros2_learn/tongxun_learn/install/py05_time/share/py05_time/hook/pythonpath.sh'
[7.506s] Level 1:colcon.colcon_core.environment:checking '/home/huangbo/ros2_learn/tongxun_learn/install/py05_time/bin'
[7.506s] Level 1:colcon.colcon_core.environment:create_environment_scripts_only(py05_time)
[7.506s] INFO:colcon.colcon_core.shell:Creating package script '/home/huangbo/ros2_learn/tongxun_learn/install/py05_time/share/py05_time/package.ps1'
[7.508s] INFO:colcon.colcon_core.shell:Creating package descriptor '/home/huangbo/ros2_learn/tongxun_learn/install/py05_time/share/py05_time/package.dsv'
[7.509s] INFO:colcon.colcon_core.shell:Creating package script '/home/huangbo/ros2_learn/tongxun_learn/install/py05_time/share/py05_time/package.sh'
[7.511s] INFO:colcon.colcon_core.shell:Creating package script '/home/huangbo/ros2_learn/tongxun_learn/install/py05_time/share/py05_time/package.bash'
[7.512s] INFO:colcon.colcon_core.shell:Creating package script '/home/huangbo/ros2_learn/tongxun_learn/install/py05_time/share/py05_time/package.zsh'
[7.513s] Level 1:colcon.colcon_core.environment:create_file_with_runtime_dependencies(/home/huangbo/ros2_learn/tongxun_learn/install/py05_time/share/colcon-core/packages/py05_time)
[7.518s] INFO:colcon.colcon_ros.task.ament_python.build:Building ROS package in '/home/huangbo/ros2_learn/tongxun_learn/src/py07_jx' with build type 'ament_python'
[7.519s] Level 1:colcon.colcon_core.shell:create_environment_hook('py07_jx', 'ament_prefix_path')
[7.520s] INFO:colcon.colcon_core.shell:Creating environment hook '/home/huangbo/ros2_learn/tongxun_learn/install/py07_jx/share/py07_jx/hook/ament_prefix_path.ps1'
[7.523s] INFO:colcon.colcon_core.shell:Creating environment descriptor '/home/huangbo/ros2_learn/tongxun_learn/install/py07_jx/share/py07_jx/hook/ament_prefix_path.dsv'
[7.524s] INFO:colcon.colcon_core.shell:Creating environment hook '/home/huangbo/ros2_learn/tongxun_learn/install/py07_jx/share/py07_jx/hook/ament_prefix_path.sh'
[7.528s] INFO:colcon.colcon_core.shell:Skip shell extension 'powershell' for command environment: Not usable outside of PowerShell
[7.528s] DEBUG:colcon.colcon_core.shell:Skip shell extension 'dsv' for command environment
[8.042s] INFO:colcon.colcon_core.task.python.build:Building Python package in '/home/huangbo/ros2_learn/tongxun_learn/src/py07_jx'
[8.042s] INFO:colcon.colcon_core.shell:Skip shell extension 'powershell' for command environment: Not usable outside of PowerShell
[8.043s] DEBUG:colcon.colcon_core.shell:Skip shell extension 'dsv' for command environment
[8.050s] DEBUG:colcon.colcon_core.task.python.build:Available setuptools commands: egg_info, build, check, bdist_dumb, clean, install_lib, bdist, register, saveopts, bdist_rpm, build_ext, update_catalog, develop, alias, editable_wheel, dist_info, upload_docs, build_clib, install_headers, build_scripts, init_catalog, extract_messages, install_scripts, rotate, compile_catalog, install_data, upload, sdist, setopt, bdist_egg, symlink_data, build_py, install_egg_info, test, install, easy_install
[8.058s] DEBUG:colcon.colcon_core.event_handler.log_command:Invoking command in '/home/huangbo/ros2_learn/tongxun_learn/src/py06_lianxi': DEBUGINFOD_URLS=https://debuginfod.ubuntu.com PYTHONPATH=/home/huangbo/ros2_learn/tongxun_learn/build/py06_lianxi/prefix_override:/usr/lib/python3/dist-packages/colcon_core/task/python/colcon_distutils_commands:/home/huangbo/ros2_learn/tongxun_learn/install/py06_lianxi/lib/python3.12/site-packages:${PYTHONPATH} /usr/bin/python3 -W ignore:setup.py install is deprecated -W ignore:easy_install command is deprecated setup.py egg_info --egg-base ../../build/py06_lianxi build --build-base /home/huangbo/ros2_learn/tongxun_learn/build/py06_lianxi/build install --record /home/huangbo/ros2_learn/tongxun_learn/build/py06_lianxi/install.log --install-scripts $base/lib/py06_lianxi --single-version-externally-managed install_data
[10.076s] Level 1:colcon.colcon_core.environment:checking '/home/huangbo/ros2_learn/tongxun_learn/install/py06_lianxi' for CMake module files
[10.077s] DEBUG:colcon.colcon_core.event_handler.log_command:Invoked command in '/home/huangbo/ros2_learn/tongxun_learn/src/py06_lianxi' returned '0': DEBUGINFOD_URLS=https://debuginfod.ubuntu.com PYTHONPATH=/home/huangbo/ros2_learn/tongxun_learn/build/py06_lianxi/prefix_override:/usr/lib/python3/dist-packages/colcon_core/task/python/colcon_distutils_commands:/home/huangbo/ros2_learn/tongxun_learn/install/py06_lianxi/lib/python3.12/site-packages:${PYTHONPATH} /usr/bin/python3 -W ignore:setup.py install is deprecated -W ignore:easy_install command is deprecated setup.py egg_info --egg-base ../../build/py06_lianxi build --build-base /home/huangbo/ros2_learn/tongxun_learn/build/py06_lianxi/build install --record /home/huangbo/ros2_learn/tongxun_learn/build/py06_lianxi/install.log --install-scripts $base/lib/py06_lianxi --single-version-externally-managed install_data
[10.078s] Level 1:colcon.colcon_core.environment:checking '/home/huangbo/ros2_learn/tongxun_learn/install/py06_lianxi' for CMake config files
[10.080s] Level 1:colcon.colcon_core.environment:checking '/home/huangbo/ros2_learn/tongxun_learn/install/py06_lianxi/lib'
[10.080s] Level 1:colcon.colcon_core.environment:checking '/home/huangbo/ros2_learn/tongxun_learn/install/py06_lianxi/bin'
[10.080s] Level 1:colcon.colcon_core.environment:checking '/home/huangbo/ros2_learn/tongxun_learn/install/py06_lianxi/lib/pkgconfig/py06_lianxi.pc'
[10.081s] Level 1:colcon.colcon_core.environment:checking '/home/huangbo/ros2_learn/tongxun_learn/install/py06_lianxi/lib/python3.12/site-packages'
[10.081s] Level 1:colcon.colcon_core.shell:create_environment_hook('py06_lianxi', 'pythonpath')
[10.092s] INFO:colcon.colcon_core.shell:Creating environment hook '/home/huangbo/ros2_learn/tongxun_learn/install/py06_lianxi/share/py06_lianxi/hook/pythonpath.ps1'
[10.094s] INFO:colcon.colcon_core.shell:Creating environment descriptor '/home/huangbo/ros2_learn/tongxun_learn/install/py06_lianxi/share/py06_lianxi/hook/pythonpath.dsv'
[10.096s] INFO:colcon.colcon_core.shell:Creating environment hook '/home/huangbo/ros2_learn/tongxun_learn/install/py06_lianxi/share/py06_lianxi/hook/pythonpath.sh'
[10.100s] Level 1:colcon.colcon_core.environment:checking '/home/huangbo/ros2_learn/tongxun_learn/install/py06_lianxi/bin'
[10.100s] Level 1:colcon.colcon_core.environment:create_environment_scripts_only(py06_lianxi)
[10.101s] INFO:colcon.colcon_core.shell:Creating package script '/home/huangbo/ros2_learn/tongxun_learn/install/py06_lianxi/share/py06_lianxi/package.ps1'
[10.104s] INFO:colcon.colcon_core.shell:Creating package descriptor '/home/huangbo/ros2_learn/tongxun_learn/install/py06_lianxi/share/py06_lianxi/package.dsv'
[10.106s] INFO:colcon.colcon_core.shell:Creating package script '/home/huangbo/ros2_learn/tongxun_learn/install/py06_lianxi/share/py06_lianxi/package.sh'
[10.108s] INFO:colcon.colcon_core.shell:Creating package script '/home/huangbo/ros2_learn/tongxun_learn/install/py06_lianxi/share/py06_lianxi/package.bash'
[10.112s] INFO:colcon.colcon_core.shell:Creating package script '/home/huangbo/ros2_learn/tongxun_learn/install/py06_lianxi/share/py06_lianxi/package.zsh'
[10.118s] Level 1:colcon.colcon_core.environment:create_file_with_runtime_dependencies(/home/huangbo/ros2_learn/tongxun_learn/install/py06_lianxi/share/colcon-core/packages/py06_lianxi)
[10.119s] INFO:colcon.colcon_ros.task.ament_python.build:Building ROS package in '/home/huangbo/ros2_learn/tongxun_learn/src/py01_topic' with build type 'ament_python'
[10.119s] Level 1:colcon.colcon_core.shell:create_environment_hook('py01_topic', 'ament_prefix_path')
[10.120s] INFO:colcon.colcon_core.shell:Creating environment hook '/home/huangbo/ros2_learn/tongxun_learn/install/py01_topic/share/py01_topic/hook/ament_prefix_path.ps1'
[10.128s] INFO:colcon.colcon_core.shell:Creating environment descriptor '/home/huangbo/ros2_learn/tongxun_learn/install/py01_topic/share/py01_topic/hook/ament_prefix_path.dsv'
[10.129s] INFO:colcon.colcon_core.shell:Creating environment hook '/home/huangbo/ros2_learn/tongxun_learn/install/py01_topic/share/py01_topic/hook/ament_prefix_path.sh'
[10.132s] INFO:colcon.colcon_core.shell:Skip shell extension 'powershell' for command environment: Not usable outside of PowerShell
[10.133s] DEBUG:colcon.colcon_core.shell:Skip shell extension 'dsv' for command environment
[10.144s] DEBUG:colcon.colcon_core.task.python.build:Available setuptools commands: egg_info, build, check, bdist_dumb, clean, install_lib, bdist, register, saveopts, bdist_rpm, build_ext, update_catalog, develop, alias, editable_wheel, dist_info, upload_docs, build_clib, install_headers, build_scripts, init_catalog, extract_messages, install_scripts, rotate, compile_catalog, install_data, upload, sdist, setopt, bdist_egg, symlink_data, build_py, install_egg_info, test, install, easy_install
[10.150s] DEBUG:colcon.colcon_core.event_handler.log_command:Invoking command in '/home/huangbo/ros2_learn/tongxun_learn/src/py07_jx': DEBUGINFOD_URLS=https://debuginfod.ubuntu.com PYTHONPATH=/home/huangbo/ros2_learn/tongxun_learn/build/py07_jx/prefix_override:/usr/lib/python3/dist-packages/colcon_core/task/python/colcon_distutils_commands:/home/huangbo/ros2_learn/tongxun_learn/install/py07_jx/lib/python3.12/site-packages:${PYTHONPATH} /usr/bin/python3 -W ignore:setup.py install is deprecated -W ignore:easy_install command is deprecated setup.py egg_info --egg-base ../../build/py07_jx build --build-base /home/huangbo/ros2_learn/tongxun_learn/build/py07_jx/build install --record /home/huangbo/ros2_learn/tongxun_learn/build/py07_jx/install.log --install-scripts $base/lib/py07_jx --single-version-externally-managed install_data
[10.991s] INFO:colcon.colcon_core.task.python.build:Building Python package in '/home/huangbo/ros2_learn/tongxun_learn/src/py01_topic'
[10.991s] INFO:colcon.colcon_core.shell:Skip shell extension 'powershell' for command environment: Not usable outside of PowerShell
[10.992s] DEBUG:colcon.colcon_core.shell:Skip shell extension 'dsv' for command environment
[11.722s] Level 1:colcon.colcon_core.environment:checking '/home/huangbo/ros2_learn/tongxun_learn/install/py07_jx' for CMake module files
[11.725s] DEBUG:colcon.colcon_core.event_handler.log_command:Invoked command in '/home/huangbo/ros2_learn/tongxun_learn/src/py07_jx' returned '0': DEBUGINFOD_URLS=https://debuginfod.ubuntu.com PYTHONPATH=/home/huangbo/ros2_learn/tongxun_learn/build/py07_jx/prefix_override:/usr/lib/python3/dist-packages/colcon_core/task/python/colcon_distutils_commands:/home/huangbo/ros2_learn/tongxun_learn/install/py07_jx/lib/python3.12/site-packages:${PYTHONPATH} /usr/bin/python3 -W ignore:setup.py install is deprecated -W ignore:easy_install command is deprecated setup.py egg_info --egg-base ../../build/py07_jx build --build-base /home/huangbo/ros2_learn/tongxun_learn/build/py07_jx/build install --record /home/huangbo/ros2_learn/tongxun_learn/build/py07_jx/install.log --install-scripts $base/lib/py07_jx --single-version-externally-managed install_data
[11.725s] Level 1:colcon.colcon_core.environment:checking '/home/huangbo/ros2_learn/tongxun_learn/install/py07_jx' for CMake config files
[11.755s] Level 1:colcon.colcon_core.environment:checking '/home/huangbo/ros2_learn/tongxun_learn/install/py07_jx/lib'
[11.755s] Level 1:colcon.colcon_core.environment:checking '/home/huangbo/ros2_learn/tongxun_learn/install/py07_jx/bin'
[11.756s] Level 1:colcon.colcon_core.environment:checking '/home/huangbo/ros2_learn/tongxun_learn/install/py07_jx/lib/pkgconfig/py07_jx.pc'
[11.756s] Level 1:colcon.colcon_core.environment:checking '/home/huangbo/ros2_learn/tongxun_learn/install/py07_jx/lib/python3.12/site-packages'
[11.756s] Level 1:colcon.colcon_core.shell:create_environment_hook('py07_jx', 'pythonpath')
[11.756s] INFO:colcon.colcon_core.shell:Creating environment hook '/home/huangbo/ros2_learn/tongxun_learn/install/py07_jx/share/py07_jx/hook/pythonpath.ps1'
[11.757s] INFO:colcon.colcon_core.shell:Creating environment descriptor '/home/huangbo/ros2_learn/tongxun_learn/install/py07_jx/share/py07_jx/hook/pythonpath.dsv'
[11.757s] INFO:colcon.colcon_core.shell:Creating environment hook '/home/huangbo/ros2_learn/tongxun_learn/install/py07_jx/share/py07_jx/hook/pythonpath.sh'
[11.758s] Level 1:colcon.colcon_core.environment:checking '/home/huangbo/ros2_learn/tongxun_learn/install/py07_jx/bin'
[11.758s] Level 1:colcon.colcon_core.environment:create_environment_scripts_only(py07_jx)
[11.758s] INFO:colcon.colcon_core.shell:Creating package script '/home/huangbo/ros2_learn/tongxun_learn/install/py07_jx/share/py07_jx/package.ps1'
[11.759s] INFO:colcon.colcon_core.shell:Creating package descriptor '/home/huangbo/ros2_learn/tongxun_learn/install/py07_jx/share/py07_jx/package.dsv'
[11.759s] INFO:colcon.colcon_core.shell:Creating package script '/home/huangbo/ros2_learn/tongxun_learn/install/py07_jx/share/py07_jx/package.sh'
[11.760s] INFO:colcon.colcon_core.shell:Creating package script '/home/huangbo/ros2_learn/tongxun_learn/install/py07_jx/share/py07_jx/package.bash'
[11.760s] INFO:colcon.colcon_core.shell:Creating package script '/home/huangbo/ros2_learn/tongxun_learn/install/py07_jx/share/py07_jx/package.zsh'
[11.761s] Level 1:colcon.colcon_core.environment:create_file_with_runtime_dependencies(/home/huangbo/ros2_learn/tongxun_learn/install/py07_jx/share/colcon-core/packages/py07_jx)
[11.761s] INFO:colcon.colcon_ros.task.ament_python.build:Building ROS package in '/home/huangbo/ros2_learn/tongxun_learn/src/py03_acton' with build type 'ament_python'
[11.761s] Level 1:colcon.colcon_core.shell:create_environment_hook('py03_acton', 'ament_prefix_path')
[11.762s] INFO:colcon.colcon_core.shell:Creating environment hook '/home/huangbo/ros2_learn/tongxun_learn/install/py03_acton/share/py03_acton/hook/ament_prefix_path.ps1'
[11.762s] INFO:colcon.colcon_core.shell:Creating environment descriptor '/home/huangbo/ros2_learn/tongxun_learn/install/py03_acton/share/py03_acton/hook/ament_prefix_path.dsv'
[11.763s] INFO:colcon.colcon_core.shell:Creating environment hook '/home/huangbo/ros2_learn/tongxun_learn/install/py03_acton/share/py03_acton/hook/ament_prefix_path.sh'
[11.763s] INFO:colcon.colcon_core.shell:Skip shell extension 'powershell' for command environment: Not usable outside of PowerShell
[11.763s] DEBUG:colcon.colcon_core.shell:Skip shell extension 'dsv' for command environment
[12.524s] INFO:colcon.colcon_core.task.python.build:Building Python package in '/home/huangbo/ros2_learn/tongxun_learn/src/py03_acton'
[12.537s] INFO:colcon.colcon_core.shell:Skip shell extension 'powershell' for command environment: Not usable outside of PowerShell
[12.537s] DEBUG:colcon.colcon_core.shell:Skip shell extension 'dsv' for command environment
[13.477s] DEBUG:colcon.colcon_core.task.python.build:Available setuptools commands: egg_info, build, check, bdist_dumb, clean, install_lib, bdist, register, saveopts, bdist_rpm, build_ext, update_catalog, develop, alias, editable_wheel, dist_info, upload_docs, build_clib, install_headers, build_scripts, init_catalog, extract_messages, install_scripts, rotate, compile_catalog, install_data, upload, sdist, setopt, bdist_egg, symlink_data, build_py, install_egg_info, test, install, easy_install
[13.483s] DEBUG:colcon.colcon_core.event_handler.log_command:Invoking command in '/home/huangbo/ros2_learn/tongxun_learn/src/py01_topic': AMENT_PREFIX_PATH=/home/huangbo/ros2_learn/tongxun_learn/install/student_interfaces:${AMENT_PREFIX_PATH} CMAKE_PREFIX_PATH=/home/huangbo/ros2_learn/tongxun_learn/install/student_interfaces:${CMAKE_PREFIX_PATH} DEBUGINFOD_URLS=https://debuginfod.ubuntu.com LD_LIBRARY_PATH=/home/huangbo/ros2_learn/tongxun_learn/install/student_interfaces/lib:${LD_LIBRARY_PATH} PYTHONPATH=/home/huangbo/ros2_learn/tongxun_learn/build/py01_topic/prefix_override:/usr/lib/python3/dist-packages/colcon_core/task/python/colcon_distutils_commands:/home/huangbo/ros2_learn/tongxun_learn/install/py01_topic/lib/python3.12/site-packages:/home/huangbo/ros2_learn/tongxun_learn/install/student_interfaces/lib/python3.12/site-packages:${PYTHONPATH} /usr/bin/python3 -W ignore:setup.py install is deprecated -W ignore:easy_install command is deprecated setup.py egg_info --egg-base ../../build/py01_topic build --build-base /home/huangbo/ros2_learn/tongxun_learn/build/py01_topic/build install --record /home/huangbo/ros2_learn/tongxun_learn/build/py01_topic/install.log --install-scripts $base/lib/py01_topic --single-version-externally-managed install_data
[13.820s] DEBUG:colcon.colcon_core.task.python.build:Available setuptools commands: egg_info, build, check, bdist_dumb, clean, install_lib, bdist, register, saveopts, bdist_rpm, build_ext, update_catalog, develop, alias, editable_wheel, dist_info, upload_docs, build_clib, install_headers, build_scripts, init_catalog, extract_messages, install_scripts, rotate, compile_catalog, install_data, upload, sdist, setopt, bdist_egg, symlink_data, build_py, install_egg_info, test, install, easy_install
[13.827s] DEBUG:colcon.colcon_core.event_handler.log_command:Invoking command in '/home/huangbo/ros2_learn/tongxun_learn/src/py03_acton': AMENT_PREFIX_PATH=/home/huangbo/ros2_learn/tongxun_learn/install/student_interfaces:${AMENT_PREFIX_PATH} CMAKE_PREFIX_PATH=/home/huangbo/ros2_learn/tongxun_learn/install/student_interfaces:${CMAKE_PREFIX_PATH} DEBUGINFOD_URLS=https://debuginfod.ubuntu.com LD_LIBRARY_PATH=/home/huangbo/ros2_learn/tongxun_learn/install/student_interfaces/lib:${LD_LIBRARY_PATH} PYTHONPATH=/home/huangbo/ros2_learn/tongxun_learn/build/py03_acton/prefix_override:/usr/lib/python3/dist-packages/colcon_core/task/python/colcon_distutils_commands:/home/huangbo/ros2_learn/tongxun_learn/install/py03_acton/lib/python3.12/site-packages:/home/huangbo/ros2_learn/tongxun_learn/install/student_interfaces/lib/python3.12/site-packages:${PYTHONPATH} /usr/bin/python3 -W ignore:setup.py install is deprecated -W ignore:easy_install command is deprecated setup.py egg_info --egg-base ../../build/py03_acton build --build-base /home/huangbo/ros2_learn/tongxun_learn/build/py03_acton/build install --record /home/huangbo/ros2_learn/tongxun_learn/build/py03_acton/install.log --install-scripts $base/lib/py03_acton --single-version-externally-managed install_data
[14.269s] Level 1:colcon.colcon_core.environment:checking '/home/huangbo/ros2_learn/tongxun_learn/install/py01_topic' for CMake module files
[14.270s] DEBUG:colcon.colcon_core.event_handler.log_command:Invoked command in '/home/huangbo/ros2_learn/tongxun_learn/src/py01_topic' returned '0': AMENT_PREFIX_PATH=/home/huangbo/ros2_learn/tongxun_learn/install/student_interfaces:${AMENT_PREFIX_PATH} CMAKE_PREFIX_PATH=/home/huangbo/ros2_learn/tongxun_learn/install/student_interfaces:${CMAKE_PREFIX_PATH} DEBUGINFOD_URLS=https://debuginfod.ubuntu.com LD_LIBRARY_PATH=/home/huangbo/ros2_learn/tongxun_learn/install/student_interfaces/lib:${LD_LIBRARY_PATH} PYTHONPATH=/home/huangbo/ros2_learn/tongxun_learn/build/py01_topic/prefix_override:/usr/lib/python3/dist-packages/colcon_core/task/python/colcon_distutils_commands:/home/huangbo/ros2_learn/tongxun_learn/install/py01_topic/lib/python3.12/site-packages:/home/huangbo/ros2_learn/tongxun_learn/install/student_interfaces/lib/python3.12/site-packages:${PYTHONPATH} /usr/bin/python3 -W ignore:setup.py install is deprecated -W ignore:easy_install command is deprecated setup.py egg_info --egg-base ../../build/py01_topic build --build-base /home/huangbo/ros2_learn/tongxun_learn/build/py01_topic/build install --record /home/huangbo/ros2_learn/tongxun_learn/build/py01_topic/install.log --install-scripts $base/lib/py01_topic --single-version-externally-managed install_data
[14.274s] Level 1:colcon.colcon_core.environment:checking '/home/huangbo/ros2_learn/tongxun_learn/install/py01_topic' for CMake config files
[14.275s] Level 1:colcon.colcon_core.environment:checking '/home/huangbo/ros2_learn/tongxun_learn/install/py01_topic/lib'
[14.275s] Level 1:colcon.colcon_core.environment:checking '/home/huangbo/ros2_learn/tongxun_learn/install/py01_topic/bin'
[14.275s] Level 1:colcon.colcon_core.environment:checking '/home/huangbo/ros2_learn/tongxun_learn/install/py01_topic/lib/pkgconfig/py01_topic.pc'
[14.275s] Level 1:colcon.colcon_core.environment:checking '/home/huangbo/ros2_learn/tongxun_learn/install/py01_topic/lib/python3.12/site-packages'
[14.275s] Level 1:colcon.colcon_core.shell:create_environment_hook('py01_topic', 'pythonpath')
[14.275s] INFO:colcon.colcon_core.shell:Creating environment hook '/home/huangbo/ros2_learn/tongxun_learn/install/py01_topic/share/py01_topic/hook/pythonpath.ps1'
[14.282s] INFO:colcon.colcon_core.shell:Creating environment descriptor '/home/huangbo/ros2_learn/tongxun_learn/install/py01_topic/share/py01_topic/hook/pythonpath.dsv'
[14.285s] INFO:colcon.colcon_core.shell:Creating environment hook '/home/huangbo/ros2_learn/tongxun_learn/install/py01_topic/share/py01_topic/hook/pythonpath.sh'
[14.297s] Level 1:colcon.colcon_core.environment:checking '/home/huangbo/ros2_learn/tongxun_learn/install/py01_topic/bin'
[14.297s] Level 1:colcon.colcon_core.environment:create_environment_scripts_only(py01_topic)
[14.297s] INFO:colcon.colcon_core.shell:Creating package script '/home/huangbo/ros2_learn/tongxun_learn/install/py01_topic/share/py01_topic/package.ps1'
[14.305s] INFO:colcon.colcon_core.shell:Creating package descriptor '/home/huangbo/ros2_learn/tongxun_learn/install/py01_topic/share/py01_topic/package.dsv'
[14.310s] INFO:colcon.colcon_core.shell:Creating package script '/home/huangbo/ros2_learn/tongxun_learn/install/py01_topic/share/py01_topic/package.sh'
[14.313s] INFO:colcon.colcon_core.shell:Creating package script '/home/huangbo/ros2_learn/tongxun_learn/install/py01_topic/share/py01_topic/package.bash'
[14.317s] INFO:colcon.colcon_core.shell:Creating package script '/home/huangbo/ros2_learn/tongxun_learn/install/py01_topic/share/py01_topic/package.zsh'
[14.320s] Level 1:colcon.colcon_core.environment:create_file_with_runtime_dependencies(/home/huangbo/ros2_learn/tongxun_learn/install/py01_topic/share/colcon-core/packages/py01_topic)
[14.685s] Level 1:colcon.colcon_core.environment:checking '/home/huangbo/ros2_learn/tongxun_learn/install/py03_acton' for CMake module files
[14.685s] DEBUG:colcon.colcon_core.event_handler.log_command:Invoked command in '/home/huangbo/ros2_learn/tongxun_learn/src/py03_acton' returned '0': AMENT_PREFIX_PATH=/home/huangbo/ros2_learn/tongxun_learn/install/student_interfaces:${AMENT_PREFIX_PATH} CMAKE_PREFIX_PATH=/home/huangbo/ros2_learn/tongxun_learn/install/student_interfaces:${CMAKE_PREFIX_PATH} DEBUGINFOD_URLS=https://debuginfod.ubuntu.com LD_LIBRARY_PATH=/home/huangbo/ros2_learn/tongxun_learn/install/student_interfaces/lib:${LD_LIBRARY_PATH} PYTHONPATH=/home/huangbo/ros2_learn/tongxun_learn/build/py03_acton/prefix_override:/usr/lib/python3/dist-packages/colcon_core/task/python/colcon_distutils_commands:/home/huangbo/ros2_learn/tongxun_learn/install/py03_acton/lib/python3.12/site-packages:/home/huangbo/ros2_learn/tongxun_learn/install/student_interfaces/lib/python3.12/site-packages:${PYTHONPATH} /usr/bin/python3 -W ignore:setup.py install is deprecated -W ignore:easy_install command is deprecated setup.py egg_info --egg-base ../../build/py03_acton build --build-base /home/huangbo/ros2_learn/tongxun_learn/build/py03_acton/build install --record /home/huangbo/ros2_learn/tongxun_learn/build/py03_acton/install.log --install-scripts $base/lib/py03_acton --single-version-externally-managed install_data
[14.687s] Level 1:colcon.colcon_core.environment:checking '/home/huangbo/ros2_learn/tongxun_learn/install/py03_acton' for CMake config files
[14.687s] Level 1:colcon.colcon_core.environment:checking '/home/huangbo/ros2_learn/tongxun_learn/install/py03_acton/lib'
[14.688s] Level 1:colcon.colcon_core.environment:checking '/home/huangbo/ros2_learn/tongxun_learn/install/py03_acton/bin'
[14.688s] Level 1:colcon.colcon_core.environment:checking '/home/huangbo/ros2_learn/tongxun_learn/install/py03_acton/lib/pkgconfig/py03_acton.pc'
[14.688s] Level 1:colcon.colcon_core.environment:checking '/home/huangbo/ros2_learn/tongxun_learn/install/py03_acton/lib/python3.12/site-packages'
[14.689s] Level 1:colcon.colcon_core.shell:create_environment_hook('py03_acton', 'pythonpath')
[14.689s] INFO:colcon.colcon_core.shell:Creating environment hook '/home/huangbo/ros2_learn/tongxun_learn/install/py03_acton/share/py03_acton/hook/pythonpath.ps1'
[14.691s] INFO:colcon.colcon_core.shell:Creating environment descriptor '/home/huangbo/ros2_learn/tongxun_learn/install/py03_acton/share/py03_acton/hook/pythonpath.dsv'
[14.692s] INFO:colcon.colcon_core.shell:Creating environment hook '/home/huangbo/ros2_learn/tongxun_learn/install/py03_acton/share/py03_acton/hook/pythonpath.sh'
[14.694s] Level 1:colcon.colcon_core.environment:checking '/home/huangbo/ros2_learn/tongxun_learn/install/py03_acton/bin'
[14.695s] Level 1:colcon.colcon_core.environment:create_environment_scripts_only(py03_acton)
[14.695s] INFO:colcon.colcon_core.shell:Creating package script '/home/huangbo/ros2_learn/tongxun_learn/install/py03_acton/share/py03_acton/package.ps1'
[14.697s] INFO:colcon.colcon_core.shell:Creating package descriptor '/home/huangbo/ros2_learn/tongxun_learn/install/py03_acton/share/py03_acton/package.dsv'
[14.698s] INFO:colcon.colcon_core.shell:Creating package script '/home/huangbo/ros2_learn/tongxun_learn/install/py03_acton/share/py03_acton/package.sh'
[14.699s] INFO:colcon.colcon_core.shell:Creating package script '/home/huangbo/ros2_learn/tongxun_learn/install/py03_acton/share/py03_acton/package.bash'
[14.700s] INFO:colcon.colcon_core.shell:Creating package script '/home/huangbo/ros2_learn/tongxun_learn/install/py03_acton/share/py03_acton/package.zsh'
[14.701s] Level 1:colcon.colcon_core.environment:create_file_with_runtime_dependencies(/home/huangbo/ros2_learn/tongxun_learn/install/py03_acton/share/colcon-core/packages/py03_acton)
[14.702s] DEBUG:colcon.colcon_parallel_executor.executor.parallel:closing loop
[14.702s] DEBUG:colcon.colcon_parallel_executor.executor.parallel:loop closed
[14.703s] DEBUG:colcon.colcon_parallel_executor.executor.parallel:run_until_complete finished with '0'
[14.703s] DEBUG:colcon.colcon_core.event_reactor:joining thread
[14.718s] INFO:colcon.colcon_core.plugin_system:Skipping extension 'colcon_notification.desktop_notification.terminal_notifier': Not used on non-Darwin systems
[14.718s] INFO:colcon.colcon_core.plugin_system:Skipping extension 'colcon_notification.desktop_notification.win32': Not used on non-Windows systems
[14.718s] INFO:colcon.colcon_notification.desktop_notification:Sending desktop notification using 'notify2'
[14.871s] DEBUG:colcon.colcon_core.event_reactor:joined thread
[14.872s] INFO:colcon.colcon_core.shell:Creating prefix script '/home/huangbo/ros2_learn/tongxun_learn/install/local_setup.ps1'
[14.874s] INFO:colcon.colcon_core.shell:Creating prefix util module '/home/huangbo/ros2_learn/tongxun_learn/install/_local_setup_util_ps1.py'
[14.878s] INFO:colcon.colcon_core.shell:Creating prefix chain script '/home/huangbo/ros2_learn/tongxun_learn/install/setup.ps1'
[14.882s] INFO:colcon.colcon_core.shell:Creating prefix script '/home/huangbo/ros2_learn/tongxun_learn/install/local_setup.sh'
[14.884s] INFO:colcon.colcon_core.shell:Creating prefix util module '/home/huangbo/ros2_learn/tongxun_learn/install/_local_setup_util_sh.py'
[14.885s] INFO:colcon.colcon_core.shell:Creating prefix chain script '/home/huangbo/ros2_learn/tongxun_learn/install/setup.sh'
[14.886s] INFO:colcon.colcon_core.shell:Creating prefix script '/home/huangbo/ros2_learn/tongxun_learn/install/local_setup.bash'
[14.887s] INFO:colcon.colcon_core.shell:Creating prefix chain script '/home/huangbo/ros2_learn/tongxun_learn/install/setup.bash'
[14.888s] INFO:colcon.colcon_core.shell:Creating prefix script '/home/huangbo/ros2_learn/tongxun_learn/install/local_setup.zsh'
[14.889s] INFO:colcon.colcon_core.shell:Creating prefix chain script '/home/huangbo/ros2_learn/tongxun_learn/install/setup.zsh'
