[0.000000] (-) TimerEvent: {}
[0.001313] (base_tongxun_s) JobQueued: {'identifier': 'base_tongxun_s', 'dependencies': OrderedDict()}
[0.001363] (py02_service) JobQueued: {'identifier': 'py02_service', 'dependencies': OrderedDict()}
[0.001380] (py02_service_my) JobQueued: {'identifier': 'py02_service_my', 'dependencies': OrderedDict()}
[0.001393] (student_interfaces) JobQueued: {'identifier': 'student_interfaces', 'dependencies': OrderedDict()}
[0.001404] (py01_topic) JobQueued: {'identifier': 'py01_topic', 'dependencies': OrderedDict({'student_interfaces': '/home/huangbo/ros2_learn/tongxun_learn/install/student_interfaces'})}
[0.001421] (py03_acton) JobQueued: {'identifier': 'py03_acton', 'dependencies': OrderedDict({'student_interfaces': '/home/huangbo/ros2_learn/tongxun_learn/install/student_interfaces'})}
[0.001434] (student_interfaces) JobStarted: {'identifier': 'student_interfaces'}
[0.019689] (base_tongxun_s) JobStarted: {'identifier': 'base_tongxun_s'}
[0.039490] (student_interfaces) JobProgress: {'identifier': 'student_interfaces', 'progress': 'cmake'}
[0.042525] (student_interfaces) JobProgress: {'identifier': 'student_interfaces', 'progress': 'build'}
[0.043968] (student_interfaces) Command: {'cmd': ['/usr/bin/cmake', '--build', '/home/huangbo/ros2_learn/tongxun_learn/build/student_interfaces', '--', '-j2', '-l2'], 'cwd': '/home/huangbo/ros2_learn/tongxun_learn/build/student_interfaces', 'env': OrderedDict({'PYTHON_BASIC_REPL': '1', 'LESSOPEN': '| /usr/bin/lesspipe %s', 'USER': 'huangbo', 'SSH_CLIENT': '192.168.91.1 4611 22', 'XDG_SESSION_TYPE': 'tty', 'GIT_ASKPASS': '/home/huangbo/.vscode-server/cli/servers/Stable-7debcd0e2acdea1c52de81bf9ee1620444407dda/server/extensions/git/dist/askpass.sh', 'SHLVL': '1', 'LD_LIBRARY_PATH': '/home/huangbo/ros2_learn/tongxun_learn/install/student_interfaces/lib:/opt/ros/jazzy/opt/rviz_ogre_vendor/lib:/opt/ros/jazzy/lib/x86_64-linux-gnu:/opt/ros/jazzy/opt/gz_math_vendor/lib:/opt/ros/jazzy/opt/gz_utils_vendor/lib:/opt/ros/jazzy/opt/gz_cmake_vendor/lib:/opt/ros/jazzy/lib', 'BROWSER': '/home/huangbo/.vscode-server/cli/servers/Stable-7debcd0e2acdea1c52de81bf9ee1620444407dda/server/bin/helpers/browser.sh', 'HOME': '/home/huangbo', 'TERM_PROGRAM_VERSION': '1.138.0', 'VSCODE_IPC_HOOK_CLI': '/run/user/1000/vscode-ipc-1a622cb4-c665-4f38-ac7f-27620576ea20.sock', 'ROS_PYTHON_VERSION': '3', 'VSCODE_GIT_ASKPASS_MAIN': '/home/huangbo/.vscode-server/cli/servers/Stable-7debcd0e2acdea1c52de81bf9ee1620444407dda/server/extensions/git/dist/askpass-main.js', 'VSCODE_GIT_ASKPASS_NODE': '/home/huangbo/.vscode-server/cli/servers/Stable-7debcd0e2acdea1c52de81bf9ee1620444407dda/server/node', 'PYDEVD_DISABLE_FILE_VALIDATION': '1', 'BUNDLED_DEBUGPY_PATH': '/home/huangbo/.vscode-server/extensions/ms-python.debugpy-2026.6.0-linux-x64/bundled/libs/debugpy', 'VSCODE_PYTHON_AUTOACTIVATE_GUARD': '1', 'DBUS_SESSION_BUS_ADDRESS': 'unix:path=/run/user/1000/bus', 'COLORTERM': 'truecolor', 'DEBUGINFOD_URLS': 'https://debuginfod.ubuntu.com', 'COLCON_PREFIX_PATH': '/home/huangbo/ros2_learn/tongxun_learn/install', 'ROS_DISTRO': 'jazzy', 'LOGNAME': 'huangbo', '_': '/usr/bin/colcon', 'ROS_VERSION': '2', 'XDG_SESSION_CLASS': 'user', 'TERM': 'xterm-256color', 'XDG_SESSION_ID': '4', 'PATH': '/home/huangbo/.vscode-server/data/User/globalStorage/github.copilot-chat/debugCommand:/home/huangbo/.vscode-server/data/User/globalStorage/github.copilot-chat/copilotCli:/home/huangbo/.vscode-server/cli/servers/Stable-7debcd0e2acdea1c52de81bf9ee1620444407dda/server/bin/remote-cli:/opt/ros/jazzy/bin:/usr/local/sbin:/usr/local/bin:/usr/sbin:/usr/bin:/sbin:/bin:/usr/games:/usr/local/games:/snap/bin:/home/huangbo/.vscode-server/extensions/ms-python.debugpy-2026.6.0-linux-x64/bundled/scripts/noConfigScripts', 'XDG_RUNTIME_DIR': '/run/user/1000', 'VSCODE_DEBUGPY_ADAPTER_ENDPOINTS': '/home/huangbo/.vscode-server/extensions/ms-python.debugpy-2026.6.0-linux-x64/.noConfigDebugAdapterEndpoints/endpoint-66c467e2907e460e.txt', 'LANG': 'zh_CN.UTF-8', 'PYTHONSTARTUP': '/home/huangbo/.vscode-server/data/User/workspaceStorage/c358a63721801e90ff5d3c048722ef27/ms-python.python/pythonrc.py', 'LS_COLORS': 'rs=0:di=01;34:ln=01;36:mh=00:pi=40;33:so=01;35:do=01;35:bd=40;33;01:cd=40;33;01:or=40;31;01:mi=00:su=37;41:sg=30;43:ca=00:tw=30;42:ow=34;42:st=37;44:ex=01;32:*.tar=01;31:*.tgz=01;31:*.arc=01;31:*.arj=01;31:*.taz=01;31:*.lha=01;31:*.lz4=01;31:*.lzh=01;31:*.lzma=01;31:*.tlz=01;31:*.txz=01;31:*.tzo=01;31:*.t7z=01;31:*.zip=01;31:*.z=01;31:*.dz=01;31:*.gz=01;31:*.lrz=01;31:*.lz=01;31:*.lzo=01;31:*.xz=01;31:*.zst=01;31:*.tzst=01;31:*.bz2=01;31:*.bz=01;31:*.tbz=01;31:*.tbz2=01;31:*.tz=01;31:*.deb=01;31:*.rpm=01;31:*.jar=01;31:*.war=01;31:*.ear=01;31:*.sar=01;31:*.rar=01;31:*.alz=01;31:*.ace=01;31:*.zoo=01;31:*.cpio=01;31:*.7z=01;31:*.rz=01;31:*.cab=01;31:*.wim=01;31:*.swm=01;31:*.dwm=01;31:*.esd=01;31:*.avif=01;35:*.jpg=01;35:*.jpeg=01;35:*.mjpg=01;35:*.mjpeg=01;35:*.gif=01;35:*.bmp=01;35:*.pbm=01;35:*.pgm=01;35:*.ppm=01;35:*.tga=01;35:*.xbm=01;35:*.xpm=01;35:*.tif=01;35:*.tiff=01;35:*.png=01;35:*.svg=01;35:*.svgz=01;35:*.mng=01;35:*.pcx=01;35:*.mov=01;35:*.mpg=01;35:*.mpeg=01;35:*.m2v=01;35:*.mkv=01;35:*.webm=01;35:*.webp=01;35:*.ogm=01;35:*.mp4=01;35:*.m4v=01;35:*.mp4v=01;35:*.vob=01;35:*.qt=01;35:*.nuv=01;35:*.wmv=01;35:*.asf=01;35:*.rm=01;35:*.rmvb=01;35:*.flc=01;35:*.avi=01;35:*.fli=01;35:*.flv=01;35:*.gl=01;35:*.dl=01;35:*.xcf=01;35:*.xwd=01;35:*.yuv=01;35:*.cgm=01;35:*.emf=01;35:*.ogv=01;35:*.ogx=01;35:*.aac=00;36:*.au=00;36:*.flac=00;36:*.m4a=00;36:*.mid=00;36:*.midi=00;36:*.mka=00;36:*.mp3=00;36:*.mpc=00;36:*.ogg=00;36:*.ra=00;36:*.wav=00;36:*.oga=00;36:*.opus=00;36:*.spx=00;36:*.xspf=00;36:*~=00;90:*#=00;90:*.bak=00;90:*.crdownload=00;90:*.dpkg-dist=00;90:*.dpkg-new=00;90:*.dpkg-old=00;90:*.dpkg-tmp=00;90:*.old=00;90:*.orig=00;90:*.part=00;90:*.rej=00;90:*.rpmnew=00;90:*.rpmorig=00;90:*.rpmsave=00;90:*.swp=00;90:*.tmp=00;90:*.ucf-dist=00;90:*.ucf-new=00;90:*.ucf-old=00;90:', 'VSCODE_GIT_IPC_HANDLE': '/run/user/1000/vscode-git-b3ba6a87e1.sock', 'TERM_PROGRAM': 'vscode', 'AMENT_PREFIX_PATH': '/home/huangbo/ros2_learn/tongxun_learn/install/py03_acton:/home/huangbo/ros2_learn/tongxun_learn/install/py01_topic:/home/huangbo/ros2_learn/tongxun_learn/install/student_interfaces:/home/huangbo/ros2_learn/tongxun_learn/install/py02_service_my:/home/huangbo/ros2_learn/tongxun_learn/install/py02_service:/home/huangbo/ros2_learn/tongxun_learn/install/base_tongxun_s:/opt/ros/jazzy', 'SHELL': '/bin/bash', 'LESSCLOSE': '/usr/bin/lesspipe %s %s', 'ROS_AUTOMATIC_DISCOVERY_RANGE': 'SUBNET', 'VSCODE_GIT_ASKPASS_EXTRA_ARGS': '', 'PWD': '/home/huangbo/ros2_learn/tongxun_learn/build/student_interfaces', 'COPILOT_DEBUG_NONCE': '0eaae38a08eb9b17f52bd7ed955eaf75', 'SSH_CONNECTION': '192.168.91.1 4611 192.168.91.129 22', 'XDG_DATA_DIRS': '/usr/share/gnome:/usr/local/share:/usr/share:/var/lib/snapd/desktop', 'PYTHONPATH': '/home/huangbo/ros2_learn/tongxun_learn/install/py03_acton/lib/python3.12/site-packages:/home/huangbo/ros2_learn/tongxun_learn/install/py01_topic/lib/python3.12/site-packages:/home/huangbo/ros2_learn/tongxun_learn/install/student_interfaces/lib/python3.12/site-packages:/home/huangbo/ros2_learn/tongxun_learn/install/py02_service_my/lib/python3.12/site-packages:/home/huangbo/ros2_learn/tongxun_learn/install/py02_service/lib/python3.12/site-packages:/home/huangbo/ros2_learn/tongxun_learn/install/base_tongxun_s/lib/python3.12/site-packages:/opt/ros/jazzy/opt/gz_math_vendor/lib/python:/opt/ros/jazzy/lib/python3.12/site-packages', 'COLCON': '1', 'CMAKE_PREFIX_PATH': '/home/huangbo/ros2_learn/tongxun_learn/install/py03_acton:/home/huangbo/ros2_learn/tongxun_learn/install/py01_topic:/home/huangbo/ros2_learn/tongxun_learn/install/py02_service_my:/home/huangbo/ros2_learn/tongxun_learn/install/py02_service:/home/huangbo/ros2_learn/tongxun_learn/install/base_tongxun_s:/opt/ros/jazzy:/home/huangbo/ros2_learn/tongxun_learn/install/student_interfaces:/opt/ros/jazzy/opt/gz_math_vendor:/opt/ros/jazzy/opt/gz_utils_vendor:/opt/ros/jazzy/opt/gz_cmake_vendor'}), 'shell': False}
[0.102285] (-) TimerEvent: {}
[0.203245] (-) TimerEvent: {}
[0.238220] (student_interfaces) StdoutLine: {'line': b'[  1%] Built target student_interfaces__rosidl_generator_type_description\n'}
[0.272982] (student_interfaces) StdoutLine: {'line': b'[  3%] Built target student_interfaces__rs\n'}
[0.305210] (-) TimerEvent: {}
[0.364301] (student_interfaces) StdoutLine: {'line': b'[ 23%] Built target student_interfaces__rosidl_generator_c\n'}
[0.405928] (-) TimerEvent: {}
[0.462825] (student_interfaces) StdoutLine: {'line': b'[ 23%] Built target ament_cmake_python_copy_student_interfaces\n'}
[0.495998] (student_interfaces) StdoutLine: {'line': b'[ 25%] Built target student_interfaces__cpp\n'}
[0.506811] (-) TimerEvent: {}
[0.536972] (student_interfaces) StdoutLine: {'line': b'[ 34%] Built target student_interfaces__rosidl_typesupport_fastrtps_c\n'}
[0.597004] (student_interfaces) StdoutLine: {'line': b'[ 43%] Built target student_interfaces__rosidl_typesupport_introspection_c\n'}
[0.609425] (-) TimerEvent: {}
[0.679875] (student_interfaces) StdoutLine: {'line': b'[ 52%] Built target student_interfaces__rosidl_typesupport_c\n'}
[0.712644] (-) TimerEvent: {}
[0.721457] (student_interfaces) StdoutLine: {'line': b'[ 61%] Built target student_interfaces__rosidl_typesupport_fastrtps_cpp\n'}
[0.797843] (student_interfaces) StdoutLine: {'line': b'[ 70%] Built target student_interfaces__rosidl_typesupport_introspection_cpp\n'}
[0.817492] (student_interfaces) StdoutLine: {'line': b'[ 80%] Built target student_interfaces__rosidl_typesupport_cpp\n'}
[0.819835] (-) TimerEvent: {}
[0.862482] (student_interfaces) StdoutLine: {'line': b'[ 80%] Built target student_interfaces\n'}
[0.899008] (student_interfaces) StdoutLine: {'line': b'[ 81%] Built target student_interfaces__py\n'}
[0.920277] (-) TimerEvent: {}
[0.935154] (student_interfaces) StdoutLine: {'line': b'[ 89%] Built target student_interfaces__rosidl_generator_py\n'}
[0.974139] (student_interfaces) StdoutLine: {'line': b'[ 92%] Built target student_interfaces_s__rosidl_typesupport_fastrtps_c\n'}
[1.020981] (-) TimerEvent: {}
[1.044421] (student_interfaces) StdoutLine: {'line': b'[ 96%] Built target student_interfaces_s__rosidl_typesupport_introspection_c\n'}
[1.117433] (student_interfaces) StdoutLine: {'line': b'[100%] Built target student_interfaces_s__rosidl_typesupport_c\n'}
[1.121095] (-) TimerEvent: {}
[1.221763] (-) TimerEvent: {}
[1.325368] (-) TimerEvent: {}
[1.360658] (student_interfaces) StdoutLine: {'line': b'running egg_info\n'}
[1.386909] (student_interfaces) StdoutLine: {'line': b'writing student_interfaces.egg-info/PKG-INFO\n'}
[1.387999] (student_interfaces) StdoutLine: {'line': b'writing dependency_links to student_interfaces.egg-info/dependency_links.txt\n'}
[1.388570] (student_interfaces) StdoutLine: {'line': b'writing top-level names to student_interfaces.egg-info/top_level.txt\n'}
[1.426871] (-) TimerEvent: {}
[1.474601] (student_interfaces) StdoutLine: {'line': b"reading manifest file 'student_interfaces.egg-info/SOURCES.txt'\n"}
[1.477751] (student_interfaces) StdoutLine: {'line': b"writing manifest file 'student_interfaces.egg-info/SOURCES.txt'\n"}
[1.517728] (student_interfaces) StdoutLine: {'line': b'[100%] Built target ament_cmake_python_build_student_interfaces_egg\n'}
[1.527083] (-) TimerEvent: {}
[1.537090] (student_interfaces) CommandEnded: {'returncode': 0}
[1.537851] (student_interfaces) JobProgress: {'identifier': 'student_interfaces', 'progress': 'install'}
[1.554438] (student_interfaces) Command: {'cmd': ['/usr/bin/cmake', '--install', '/home/huangbo/ros2_learn/tongxun_learn/build/student_interfaces'], 'cwd': '/home/huangbo/ros2_learn/tongxun_learn/build/student_interfaces', 'env': OrderedDict({'PYTHON_BASIC_REPL': '1', 'LESSOPEN': '| /usr/bin/lesspipe %s', 'USER': 'huangbo', 'SSH_CLIENT': '192.168.91.1 4611 22', 'XDG_SESSION_TYPE': 'tty', 'GIT_ASKPASS': '/home/huangbo/.vscode-server/cli/servers/Stable-7debcd0e2acdea1c52de81bf9ee1620444407dda/server/extensions/git/dist/askpass.sh', 'SHLVL': '1', 'LD_LIBRARY_PATH': '/home/huangbo/ros2_learn/tongxun_learn/install/student_interfaces/lib:/opt/ros/jazzy/opt/rviz_ogre_vendor/lib:/opt/ros/jazzy/lib/x86_64-linux-gnu:/opt/ros/jazzy/opt/gz_math_vendor/lib:/opt/ros/jazzy/opt/gz_utils_vendor/lib:/opt/ros/jazzy/opt/gz_cmake_vendor/lib:/opt/ros/jazzy/lib', 'BROWSER': '/home/huangbo/.vscode-server/cli/servers/Stable-7debcd0e2acdea1c52de81bf9ee1620444407dda/server/bin/helpers/browser.sh', 'HOME': '/home/huangbo', 'TERM_PROGRAM_VERSION': '1.138.0', 'VSCODE_IPC_HOOK_CLI': '/run/user/1000/vscode-ipc-1a622cb4-c665-4f38-ac7f-27620576ea20.sock', 'ROS_PYTHON_VERSION': '3', 'VSCODE_GIT_ASKPASS_MAIN': '/home/huangbo/.vscode-server/cli/servers/Stable-7debcd0e2acdea1c52de81bf9ee1620444407dda/server/extensions/git/dist/askpass-main.js', 'VSCODE_GIT_ASKPASS_NODE': '/home/huangbo/.vscode-server/cli/servers/Stable-7debcd0e2acdea1c52de81bf9ee1620444407dda/server/node', 'PYDEVD_DISABLE_FILE_VALIDATION': '1', 'BUNDLED_DEBUGPY_PATH': '/home/huangbo/.vscode-server/extensions/ms-python.debugpy-2026.6.0-linux-x64/bundled/libs/debugpy', 'VSCODE_PYTHON_AUTOACTIVATE_GUARD': '1', 'DBUS_SESSION_BUS_ADDRESS': 'unix:path=/run/user/1000/bus', 'COLORTERM': 'truecolor', 'DEBUGINFOD_URLS': 'https://debuginfod.ubuntu.com', 'COLCON_PREFIX_PATH': '/home/huangbo/ros2_learn/tongxun_learn/install', 'ROS_DISTRO': 'jazzy', 'LOGNAME': 'huangbo', '_': '/usr/bin/colcon', 'ROS_VERSION': '2', 'XDG_SESSION_CLASS': 'user', 'TERM': 'xterm-256color', 'XDG_SESSION_ID': '4', 'PATH': '/home/huangbo/.vscode-server/data/User/globalStorage/github.copilot-chat/debugCommand:/home/huangbo/.vscode-server/data/User/globalStorage/github.copilot-chat/copilotCli:/home/huangbo/.vscode-server/cli/servers/Stable-7debcd0e2acdea1c52de81bf9ee1620444407dda/server/bin/remote-cli:/opt/ros/jazzy/bin:/usr/local/sbin:/usr/local/bin:/usr/sbin:/usr/bin:/sbin:/bin:/usr/games:/usr/local/games:/snap/bin:/home/huangbo/.vscode-server/extensions/ms-python.debugpy-2026.6.0-linux-x64/bundled/scripts/noConfigScripts', 'XDG_RUNTIME_DIR': '/run/user/1000', 'VSCODE_DEBUGPY_ADAPTER_ENDPOINTS': '/home/huangbo/.vscode-server/extensions/ms-python.debugpy-2026.6.0-linux-x64/.noConfigDebugAdapterEndpoints/endpoint-66c467e2907e460e.txt', 'LANG': 'zh_CN.UTF-8', 'PYTHONSTARTUP': '/home/huangbo/.vscode-server/data/User/workspaceStorage/c358a63721801e90ff5d3c048722ef27/ms-python.python/pythonrc.py', 'LS_COLORS': 'rs=0:di=01;34:ln=01;36:mh=00:pi=40;33:so=01;35:do=01;35:bd=40;33;01:cd=40;33;01:or=40;31;01:mi=00:su=37;41:sg=30;43:ca=00:tw=30;42:ow=34;42:st=37;44:ex=01;32:*.tar=01;31:*.tgz=01;31:*.arc=01;31:*.arj=01;31:*.taz=01;31:*.lha=01;31:*.lz4=01;31:*.lzh=01;31:*.lzma=01;31:*.tlz=01;31:*.txz=01;31:*.tzo=01;31:*.t7z=01;31:*.zip=01;31:*.z=01;31:*.dz=01;31:*.gz=01;31:*.lrz=01;31:*.lz=01;31:*.lzo=01;31:*.xz=01;31:*.zst=01;31:*.tzst=01;31:*.bz2=01;31:*.bz=01;31:*.tbz=01;31:*.tbz2=01;31:*.tz=01;31:*.deb=01;31:*.rpm=01;31:*.jar=01;31:*.war=01;31:*.ear=01;31:*.sar=01;31:*.rar=01;31:*.alz=01;31:*.ace=01;31:*.zoo=01;31:*.cpio=01;31:*.7z=01;31:*.rz=01;31:*.cab=01;31:*.wim=01;31:*.swm=01;31:*.dwm=01;31:*.esd=01;31:*.avif=01;35:*.jpg=01;35:*.jpeg=01;35:*.mjpg=01;35:*.mjpeg=01;35:*.gif=01;35:*.bmp=01;35:*.pbm=01;35:*.pgm=01;35:*.ppm=01;35:*.tga=01;35:*.xbm=01;35:*.xpm=01;35:*.tif=01;35:*.tiff=01;35:*.png=01;35:*.svg=01;35:*.svgz=01;35:*.mng=01;35:*.pcx=01;35:*.mov=01;35:*.mpg=01;35:*.mpeg=01;35:*.m2v=01;35:*.mkv=01;35:*.webm=01;35:*.webp=01;35:*.ogm=01;35:*.mp4=01;35:*.m4v=01;35:*.mp4v=01;35:*.vob=01;35:*.qt=01;35:*.nuv=01;35:*.wmv=01;35:*.asf=01;35:*.rm=01;35:*.rmvb=01;35:*.flc=01;35:*.avi=01;35:*.fli=01;35:*.flv=01;35:*.gl=01;35:*.dl=01;35:*.xcf=01;35:*.xwd=01;35:*.yuv=01;35:*.cgm=01;35:*.emf=01;35:*.ogv=01;35:*.ogx=01;35:*.aac=00;36:*.au=00;36:*.flac=00;36:*.m4a=00;36:*.mid=00;36:*.midi=00;36:*.mka=00;36:*.mp3=00;36:*.mpc=00;36:*.ogg=00;36:*.ra=00;36:*.wav=00;36:*.oga=00;36:*.opus=00;36:*.spx=00;36:*.xspf=00;36:*~=00;90:*#=00;90:*.bak=00;90:*.crdownload=00;90:*.dpkg-dist=00;90:*.dpkg-new=00;90:*.dpkg-old=00;90:*.dpkg-tmp=00;90:*.old=00;90:*.orig=00;90:*.part=00;90:*.rej=00;90:*.rpmnew=00;90:*.rpmorig=00;90:*.rpmsave=00;90:*.swp=00;90:*.tmp=00;90:*.ucf-dist=00;90:*.ucf-new=00;90:*.ucf-old=00;90:', 'VSCODE_GIT_IPC_HANDLE': '/run/user/1000/vscode-git-b3ba6a87e1.sock', 'TERM_PROGRAM': 'vscode', 'AMENT_PREFIX_PATH': '/home/huangbo/ros2_learn/tongxun_learn/install/py03_acton:/home/huangbo/ros2_learn/tongxun_learn/install/py01_topic:/home/huangbo/ros2_learn/tongxun_learn/install/student_interfaces:/home/huangbo/ros2_learn/tongxun_learn/install/py02_service_my:/home/huangbo/ros2_learn/tongxun_learn/install/py02_service:/home/huangbo/ros2_learn/tongxun_learn/install/base_tongxun_s:/opt/ros/jazzy', 'SHELL': '/bin/bash', 'LESSCLOSE': '/usr/bin/lesspipe %s %s', 'ROS_AUTOMATIC_DISCOVERY_RANGE': 'SUBNET', 'VSCODE_GIT_ASKPASS_EXTRA_ARGS': '', 'PWD': '/home/huangbo/ros2_learn/tongxun_learn/build/student_interfaces', 'COPILOT_DEBUG_NONCE': '0eaae38a08eb9b17f52bd7ed955eaf75', 'SSH_CONNECTION': '192.168.91.1 4611 192.168.91.129 22', 'XDG_DATA_DIRS': '/usr/share/gnome:/usr/local/share:/usr/share:/var/lib/snapd/desktop', 'PYTHONPATH': '/home/huangbo/ros2_learn/tongxun_learn/install/py03_acton/lib/python3.12/site-packages:/home/huangbo/ros2_learn/tongxun_learn/install/py01_topic/lib/python3.12/site-packages:/home/huangbo/ros2_learn/tongxun_learn/install/student_interfaces/lib/python3.12/site-packages:/home/huangbo/ros2_learn/tongxun_learn/install/py02_service_my/lib/python3.12/site-packages:/home/huangbo/ros2_learn/tongxun_learn/install/py02_service/lib/python3.12/site-packages:/home/huangbo/ros2_learn/tongxun_learn/install/base_tongxun_s/lib/python3.12/site-packages:/opt/ros/jazzy/opt/gz_math_vendor/lib/python:/opt/ros/jazzy/lib/python3.12/site-packages', 'COLCON': '1', 'CMAKE_PREFIX_PATH': '/home/huangbo/ros2_learn/tongxun_learn/install/py03_acton:/home/huangbo/ros2_learn/tongxun_learn/install/py01_topic:/home/huangbo/ros2_learn/tongxun_learn/install/py02_service_my:/home/huangbo/ros2_learn/tongxun_learn/install/py02_service:/home/huangbo/ros2_learn/tongxun_learn/install/base_tongxun_s:/opt/ros/jazzy:/home/huangbo/ros2_learn/tongxun_learn/install/student_interfaces:/opt/ros/jazzy/opt/gz_math_vendor:/opt/ros/jazzy/opt/gz_utils_vendor:/opt/ros/jazzy/opt/gz_cmake_vendor'}), 'shell': False}
[1.565582] (student_interfaces) StdoutLine: {'line': b'-- Install configuration: ""\n'}
[1.566180] (student_interfaces) StdoutLine: {'line': b'-- Up-to-date: /home/huangbo/ros2_learn/tongxun_learn/install/student_interfaces/share/ament_index/resource_index/rosidl_interfaces/student_interfaces\n'}
[1.568482] (student_interfaces) StdoutLine: {'line': b'-- Up-to-date: /home/huangbo/ros2_learn/tongxun_learn/install/student_interfaces/share/student_interfaces/msg/Student.json\n'}
[1.568596] (student_interfaces) StdoutLine: {'line': b'-- Up-to-date: /home/huangbo/ros2_learn/tongxun_learn/install/student_interfaces/share/student_interfaces/srv/Addints.json\n'}
[1.568974] (student_interfaces) StdoutLine: {'line': b'-- Up-to-date: /home/huangbo/ros2_learn/tongxun_learn/install/student_interfaces/share/student_interfaces/action/Progress.json\n'}
[1.569116] (student_interfaces) StdoutLine: {'line': b'-- Up-to-date: /home/huangbo/ros2_learn/tongxun_learn/install/student_interfaces/include/student_interfaces/student_interfaces\n'}
[1.569570] (student_interfaces) StdoutLine: {'line': b'-- Up-to-date: /home/huangbo/ros2_learn/tongxun_learn/install/student_interfaces/include/student_interfaces/student_interfaces/action\n'}
[1.569648] (student_interfaces) StdoutLine: {'line': b'-- Up-to-date: /home/huangbo/ros2_learn/tongxun_learn/install/student_interfaces/include/student_interfaces/student_interfaces/action/detail\n'}
[1.569970] (student_interfaces) StdoutLine: {'line': b'-- Installing: /home/huangbo/ros2_learn/tongxun_learn/install/student_interfaces/include/student_interfaces/student_interfaces/action/detail/progress__type_support.c\n'}
[1.570157] (student_interfaces) StdoutLine: {'line': b'-- Up-to-date: /home/huangbo/ros2_learn/tongxun_learn/install/student_interfaces/include/student_interfaces/student_interfaces/action/detail/progress__functions.h\n'}
[1.570307] (student_interfaces) StdoutLine: {'line': b'-- Up-to-date: /home/huangbo/ros2_learn/tongxun_learn/install/student_interfaces/include/student_interfaces/student_interfaces/action/detail/progress__type_support.h\n'}
[1.570485] (student_interfaces) StdoutLine: {'line': b'-- Up-to-date: /home/huangbo/ros2_learn/tongxun_learn/install/student_interfaces/include/student_interfaces/student_interfaces/action/detail/progress__functions.c\n'}
[1.572993] (student_interfaces) StdoutLine: {'line': b'-- Up-to-date: /home/huangbo/ros2_learn/tongxun_learn/install/student_interfaces/include/student_interfaces/student_interfaces/action/detail/progress__description.c\n'}
[1.573181] (student_interfaces) StdoutLine: {'line': b'-- Up-to-date: /home/huangbo/ros2_learn/tongxun_learn/install/student_interfaces/include/student_interfaces/student_interfaces/action/detail/progress__struct.h\n'}
[1.573769] (student_interfaces) StdoutLine: {'line': b'-- Up-to-date: /home/huangbo/ros2_learn/tongxun_learn/install/student_interfaces/include/student_interfaces/student_interfaces/action/progress.h\n'}
[1.573855] (student_interfaces) StdoutLine: {'line': b'-- Up-to-date: /home/huangbo/ros2_learn/tongxun_learn/install/student_interfaces/include/student_interfaces/student_interfaces/srv\n'}
[1.574048] (student_interfaces) StdoutLine: {'line': b'-- Up-to-date: /home/huangbo/ros2_learn/tongxun_learn/install/student_interfaces/include/student_interfaces/student_interfaces/srv/addints.h\n'}
[1.574137] (student_interfaces) StdoutLine: {'line': b'-- Up-to-date: /home/huangbo/ros2_learn/tongxun_learn/install/student_interfaces/include/student_interfaces/student_interfaces/srv/detail\n'}
[1.574259] (student_interfaces) StdoutLine: {'line': b'-- Up-to-date: /home/huangbo/ros2_learn/tongxun_learn/install/student_interfaces/include/student_interfaces/student_interfaces/srv/detail/addints__type_support.c\n'}
[1.574962] (student_interfaces) StdoutLine: {'line': b'-- Up-to-date: /home/huangbo/ros2_learn/tongxun_learn/install/student_interfaces/include/student_interfaces/student_interfaces/srv/detail/addints__struct.h\n'}
[1.575491] (student_interfaces) StdoutLine: {'line': b'-- Up-to-date: /home/huangbo/ros2_learn/tongxun_learn/install/student_interfaces/include/student_interfaces/student_interfaces/srv/detail/addints__functions.h\n'}
[1.577850] (student_interfaces) StdoutLine: {'line': b'-- Up-to-date: /home/huangbo/ros2_learn/tongxun_learn/install/student_interfaces/include/student_interfaces/student_interfaces/srv/detail/addints__functions.c\n'}
[1.577972] (student_interfaces) StdoutLine: {'line': b'-- Up-to-date: /home/huangbo/ros2_learn/tongxun_learn/install/student_interfaces/include/student_interfaces/student_interfaces/srv/detail/addints__type_support.h\n'}
[1.578091] (student_interfaces) StdoutLine: {'line': b'-- Up-to-date: /home/huangbo/ros2_learn/tongxun_learn/install/student_interfaces/include/student_interfaces/student_interfaces/srv/detail/addints__description.c\n'}
[1.578790] (student_interfaces) StdoutLine: {'line': b'-- Up-to-date: /home/huangbo/ros2_learn/tongxun_learn/install/student_interfaces/include/student_interfaces/student_interfaces/msg\n'}
[1.579064] (student_interfaces) StdoutLine: {'line': b'-- Up-to-date: /home/huangbo/ros2_learn/tongxun_learn/install/student_interfaces/include/student_interfaces/student_interfaces/msg/detail\n'}
[1.579417] (student_interfaces) StdoutLine: {'line': b'-- Installing: /home/huangbo/ros2_learn/tongxun_learn/install/student_interfaces/include/student_interfaces/student_interfaces/msg/detail/student__type_support.c\n'}
[1.579520] (student_interfaces) StdoutLine: {'line': b'-- Up-to-date: /home/huangbo/ros2_learn/tongxun_learn/install/student_interfaces/include/student_interfaces/student_interfaces/msg/detail/student__struct.h\n'}
[1.579624] (student_interfaces) StdoutLine: {'line': b'-- Up-to-date: /home/huangbo/ros2_learn/tongxun_learn/install/student_interfaces/include/student_interfaces/student_interfaces/msg/detail/student__description.c\n'}
[1.579895] (student_interfaces) StdoutLine: {'line': b'-- Up-to-date: /home/huangbo/ros2_learn/tongxun_learn/install/student_interfaces/include/student_interfaces/student_interfaces/msg/detail/student__functions.h\n'}
[1.580100] (student_interfaces) StdoutLine: {'line': b'-- Up-to-date: /home/huangbo/ros2_learn/tongxun_learn/install/student_interfaces/include/student_interfaces/student_interfaces/msg/detail/student__functions.c\n'}
[1.581856] (student_interfaces) StdoutLine: {'line': b'-- Up-to-date: /home/huangbo/ros2_learn/tongxun_learn/install/student_interfaces/include/student_interfaces/student_interfaces/msg/detail/student__type_support.h\n'}
[1.584339] (student_interfaces) StdoutLine: {'line': b'-- Up-to-date: /home/huangbo/ros2_learn/tongxun_learn/install/student_interfaces/include/student_interfaces/student_interfaces/msg/rosidl_generator_c__visibility_control.h\n'}
[1.584416] (student_interfaces) StdoutLine: {'line': b'-- Up-to-date: /home/huangbo/ros2_learn/tongxun_learn/install/student_interfaces/include/student_interfaces/student_interfaces/msg/student.h\n'}
[1.584478] (student_interfaces) StdoutLine: {'line': b'-- Up-to-date: /home/huangbo/ros2_learn/tongxun_learn/install/student_interfaces/share/student_interfaces/environment/library_path.sh\n'}
[1.584534] (student_interfaces) StdoutLine: {'line': b'-- Up-to-date: /home/huangbo/ros2_learn/tongxun_learn/install/student_interfaces/share/student_interfaces/environment/library_path.dsv\n'}
[1.584589] (student_interfaces) StdoutLine: {'line': b'-- Up-to-date: /home/huangbo/ros2_learn/tongxun_learn/install/student_interfaces/lib/libstudent_interfaces__rosidl_generator_c.so\n'}
[1.584641] (student_interfaces) StdoutLine: {'line': b'-- Up-to-date: /home/huangbo/ros2_learn/tongxun_learn/install/student_interfaces/include/student_interfaces/student_interfaces\n'}
[1.584694] (student_interfaces) StdoutLine: {'line': b'-- Up-to-date: /home/huangbo/ros2_learn/tongxun_learn/install/student_interfaces/include/student_interfaces/student_interfaces/action\n'}
[1.584747] (student_interfaces) StdoutLine: {'line': b'-- Up-to-date: /home/huangbo/ros2_learn/tongxun_learn/install/student_interfaces/include/student_interfaces/student_interfaces/action/detail\n'}
[1.584798] (student_interfaces) StdoutLine: {'line': b'-- Up-to-date: /home/huangbo/ros2_learn/tongxun_learn/install/student_interfaces/include/student_interfaces/student_interfaces/action/detail/progress__rosidl_typesupport_fastrtps_c.h\n'}
[1.584852] (student_interfaces) StdoutLine: {'line': b'-- Up-to-date: /home/huangbo/ros2_learn/tongxun_learn/install/student_interfaces/include/student_interfaces/student_interfaces/srv\n'}
[1.584905] (student_interfaces) StdoutLine: {'line': b'-- Up-to-date: /home/huangbo/ros2_learn/tongxun_learn/install/student_interfaces/include/student_interfaces/student_interfaces/srv/detail\n'}
[1.584958] (student_interfaces) StdoutLine: {'line': b'-- Up-to-date: /home/huangbo/ros2_learn/tongxun_learn/install/student_interfaces/include/student_interfaces/student_interfaces/srv/detail/addints__rosidl_typesupport_fastrtps_c.h\n'}
[1.585660] (student_interfaces) StdoutLine: {'line': b'-- Up-to-date: /home/huangbo/ros2_learn/tongxun_learn/install/student_interfaces/include/student_interfaces/student_interfaces/msg\n'}
[1.585975] (student_interfaces) StdoutLine: {'line': b'-- Up-to-date: /home/huangbo/ros2_learn/tongxun_learn/install/student_interfaces/include/student_interfaces/student_interfaces/msg/detail\n'}
[1.586058] (student_interfaces) StdoutLine: {'line': b'-- Up-to-date: /home/huangbo/ros2_learn/tongxun_learn/install/student_interfaces/include/student_interfaces/student_interfaces/msg/detail/student__rosidl_typesupport_fastrtps_c.h\n'}
[1.586135] (student_interfaces) StdoutLine: {'line': b'-- Up-to-date: /home/huangbo/ros2_learn/tongxun_learn/install/student_interfaces/include/student_interfaces/student_interfaces/msg/rosidl_typesupport_fastrtps_c__visibility_control.h\n'}
[1.586194] (student_interfaces) StdoutLine: {'line': b'-- Up-to-date: /home/huangbo/ros2_learn/tongxun_learn/install/student_interfaces/lib/libstudent_interfaces__rosidl_typesupport_fastrtps_c.so\n'}
[1.586308] (student_interfaces) StdoutLine: {'line': b'-- Up-to-date: /home/huangbo/ros2_learn/tongxun_learn/install/student_interfaces/include/student_interfaces/student_interfaces\n'}
[1.586379] (student_interfaces) StdoutLine: {'line': b'-- Up-to-date: /home/huangbo/ros2_learn/tongxun_learn/install/student_interfaces/include/student_interfaces/student_interfaces/action\n'}
[1.586436] (student_interfaces) StdoutLine: {'line': b'-- Up-to-date: /home/huangbo/ros2_learn/tongxun_learn/install/student_interfaces/include/student_interfaces/student_interfaces/action/detail\n'}
[1.586491] (student_interfaces) StdoutLine: {'line': b'-- Installing: /home/huangbo/ros2_learn/tongxun_learn/install/student_interfaces/include/student_interfaces/student_interfaces/action/detail/progress__type_support.c\n'}
[1.586545] (student_interfaces) StdoutLine: {'line': b'-- Up-to-date: /home/huangbo/ros2_learn/tongxun_learn/install/student_interfaces/include/student_interfaces/student_interfaces/action/detail/progress__rosidl_typesupport_introspection_c.h\n'}
[1.586597] (student_interfaces) StdoutLine: {'line': b'-- Up-to-date: /home/huangbo/ros2_learn/tongxun_learn/install/student_interfaces/include/student_interfaces/student_interfaces/srv\n'}
[1.586759] (student_interfaces) StdoutLine: {'line': b'-- Up-to-date: /home/huangbo/ros2_learn/tongxun_learn/install/student_interfaces/include/student_interfaces/student_interfaces/srv/detail\n'}
[1.586831] (student_interfaces) StdoutLine: {'line': b'-- Up-to-date: /home/huangbo/ros2_learn/tongxun_learn/install/student_interfaces/include/student_interfaces/student_interfaces/srv/detail/addints__type_support.c\n'}
[1.586897] (student_interfaces) StdoutLine: {'line': b'-- Up-to-date: /home/huangbo/ros2_learn/tongxun_learn/install/student_interfaces/include/student_interfaces/student_interfaces/srv/detail/addints__rosidl_typesupport_introspection_c.h\n'}
[1.586954] (student_interfaces) StdoutLine: {'line': b'-- Up-to-date: /home/huangbo/ros2_learn/tongxun_learn/install/student_interfaces/include/student_interfaces/student_interfaces/msg\n'}
[1.587006] (student_interfaces) StdoutLine: {'line': b'-- Up-to-date: /home/huangbo/ros2_learn/tongxun_learn/install/student_interfaces/include/student_interfaces/student_interfaces/msg/detail\n'}
[1.587058] (student_interfaces) StdoutLine: {'line': b'-- Installing: /home/huangbo/ros2_learn/tongxun_learn/install/student_interfaces/include/student_interfaces/student_interfaces/msg/detail/student__type_support.c\n'}
[1.587111] (student_interfaces) StdoutLine: {'line': b'-- Up-to-date: /home/huangbo/ros2_learn/tongxun_learn/install/student_interfaces/include/student_interfaces/student_interfaces/msg/detail/student__rosidl_typesupport_introspection_c.h\n'}
[1.587197] (student_interfaces) StdoutLine: {'line': b'-- Up-to-date: /home/huangbo/ros2_learn/tongxun_learn/install/student_interfaces/include/student_interfaces/student_interfaces/msg/rosidl_typesupport_introspection_c__visibility_control.h\n'}
[1.587255] (student_interfaces) StdoutLine: {'line': b'-- Up-to-date: /home/huangbo/ros2_learn/tongxun_learn/install/student_interfaces/lib/libstudent_interfaces__rosidl_typesupport_introspection_c.so\n'}
[1.587309] (student_interfaces) StdoutLine: {'line': b'-- Up-to-date: /home/huangbo/ros2_learn/tongxun_learn/install/student_interfaces/lib/libstudent_interfaces__rosidl_typesupport_c.so\n'}
[1.587361] (student_interfaces) StdoutLine: {'line': b'-- Up-to-date: /home/huangbo/ros2_learn/tongxun_learn/install/student_interfaces/include/student_interfaces/student_interfaces\n'}
[1.587412] (student_interfaces) StdoutLine: {'line': b'-- Up-to-date: /home/huangbo/ros2_learn/tongxun_learn/install/student_interfaces/include/student_interfaces/student_interfaces/action\n'}
[1.587465] (student_interfaces) StdoutLine: {'line': b'-- Up-to-date: /home/huangbo/ros2_learn/tongxun_learn/install/student_interfaces/include/student_interfaces/student_interfaces/action/detail\n'}
[1.587516] (student_interfaces) StdoutLine: {'line': b'-- Up-to-date: /home/huangbo/ros2_learn/tongxun_learn/install/student_interfaces/include/student_interfaces/student_interfaces/action/detail/progress__struct.hpp\n'}
[1.587567] (student_interfaces) StdoutLine: {'line': b'-- Up-to-date: /home/huangbo/ros2_learn/tongxun_learn/install/student_interfaces/include/student_interfaces/student_interfaces/action/detail/progress__traits.hpp\n'}
[1.587625] (student_interfaces) StdoutLine: {'line': b'-- Up-to-date: /home/huangbo/ros2_learn/tongxun_learn/install/student_interfaces/include/student_interfaces/student_interfaces/action/detail/progress__type_support.hpp\n'}
[1.591228] (student_interfaces) StdoutLine: {'line': b'-- Up-to-date: /home/huangbo/ros2_learn/tongxun_learn/install/student_interfaces/include/student_interfaces/student_interfaces/action/detail/progress__builder.hpp\n'}
[1.591318] (student_interfaces) StdoutLine: {'line': b'-- Up-to-date: /home/huangbo/ros2_learn/tongxun_learn/install/student_interfaces/include/student_interfaces/student_interfaces/action/progress.hpp\n'}
[1.591400] (student_interfaces) StdoutLine: {'line': b'-- Up-to-date: /home/huangbo/ros2_learn/tongxun_learn/install/student_interfaces/include/student_interfaces/student_interfaces/srv\n'}
[1.591460] (student_interfaces) StdoutLine: {'line': b'-- Up-to-date: /home/huangbo/ros2_learn/tongxun_learn/install/student_interfaces/include/student_interfaces/student_interfaces/srv/detail\n'}
[1.591517] (student_interfaces) StdoutLine: {'line': b'-- Up-to-date: /home/huangbo/ros2_learn/tongxun_learn/install/student_interfaces/include/student_interfaces/student_interfaces/srv/detail/addints__builder.hpp\n'}
[1.591571] (student_interfaces) StdoutLine: {'line': b'-- Up-to-date: /home/huangbo/ros2_learn/tongxun_learn/install/student_interfaces/include/student_interfaces/student_interfaces/srv/detail/addints__type_support.hpp\n'}
[1.591626] (student_interfaces) StdoutLine: {'line': b'-- Up-to-date: /home/huangbo/ros2_learn/tongxun_learn/install/student_interfaces/include/student_interfaces/student_interfaces/srv/detail/addints__struct.hpp\n'}
[1.591679] (student_interfaces) StdoutLine: {'line': b'-- Up-to-date: /home/huangbo/ros2_learn/tongxun_learn/install/student_interfaces/include/student_interfaces/student_interfaces/srv/detail/addints__traits.hpp\n'}
[1.591828] (student_interfaces) StdoutLine: {'line': b'-- Up-to-date: /home/huangbo/ros2_learn/tongxun_learn/install/student_interfaces/include/student_interfaces/student_interfaces/srv/addints.hpp\n'}
[1.591895] (student_interfaces) StdoutLine: {'line': b'-- Up-to-date: /home/huangbo/ros2_learn/tongxun_learn/install/student_interfaces/include/student_interfaces/student_interfaces/msg\n'}
[1.591951] (student_interfaces) StdoutLine: {'line': b'-- Up-to-date: /home/huangbo/ros2_learn/tongxun_learn/install/student_interfaces/include/student_interfaces/student_interfaces/msg/detail\n'}
[1.592006] (student_interfaces) StdoutLine: {'line': b'-- Up-to-date: /home/huangbo/ros2_learn/tongxun_learn/install/student_interfaces/include/student_interfaces/student_interfaces/msg/detail/student__builder.hpp\n'}
[1.592067] (student_interfaces) StdoutLine: {'line': b'-- Up-to-date: /home/huangbo/ros2_learn/tongxun_learn/install/student_interfaces/include/student_interfaces/student_interfaces/msg/detail/student__traits.hpp\n'}
[1.592120] (student_interfaces) StdoutLine: {'line': b'-- Up-to-date: /home/huangbo/ros2_learn/tongxun_learn/install/student_interfaces/include/student_interfaces/student_interfaces/msg/detail/student__struct.hpp\n'}
[1.592173] (student_interfaces) StdoutLine: {'line': b'-- Up-to-date: /home/huangbo/ros2_learn/tongxun_learn/install/student_interfaces/include/student_interfaces/student_interfaces/msg/detail/student__type_support.hpp\n'}
[1.592224] (student_interfaces) StdoutLine: {'line': b'-- Up-to-date: /home/huangbo/ros2_learn/tongxun_learn/install/student_interfaces/include/student_interfaces/student_interfaces/msg/student.hpp\n'}
[1.592277] (student_interfaces) StdoutLine: {'line': b'-- Up-to-date: /home/huangbo/ros2_learn/tongxun_learn/install/student_interfaces/include/student_interfaces/student_interfaces/msg/rosidl_generator_cpp__visibility_control.hpp\n'}
[1.592329] (student_interfaces) StdoutLine: {'line': b'-- Up-to-date: /home/huangbo/ros2_learn/tongxun_learn/install/student_interfaces/include/student_interfaces/student_interfaces\n'}
[1.592388] (student_interfaces) StdoutLine: {'line': b'-- Up-to-date: /home/huangbo/ros2_learn/tongxun_learn/install/student_interfaces/include/student_interfaces/student_interfaces/action\n'}
[1.592440] (student_interfaces) StdoutLine: {'line': b'-- Up-to-date: /home/huangbo/ros2_learn/tongxun_learn/install/student_interfaces/include/student_interfaces/student_interfaces/action/detail\n'}
[1.592492] (student_interfaces) StdoutLine: {'line': b'-- Up-to-date: /home/huangbo/ros2_learn/tongxun_learn/install/student_interfaces/include/student_interfaces/student_interfaces/action/detail/progress__rosidl_typesupport_fastrtps_cpp.hpp\n'}
[1.592572] (student_interfaces) StdoutLine: {'line': b'-- Up-to-date: /home/huangbo/ros2_learn/tongxun_learn/install/student_interfaces/include/student_interfaces/student_interfaces/action/detail/dds_fastrtps\n'}
[1.592634] (student_interfaces) StdoutLine: {'line': b'-- Up-to-date: /home/huangbo/ros2_learn/tongxun_learn/install/student_interfaces/include/student_interfaces/student_interfaces/srv\n'}
[1.592689] (student_interfaces) StdoutLine: {'line': b'-- Up-to-date: /home/huangbo/ros2_learn/tongxun_learn/install/student_interfaces/include/student_interfaces/student_interfaces/srv/detail\n'}
[1.592741] (student_interfaces) StdoutLine: {'line': b'-- Up-to-date: /home/huangbo/ros2_learn/tongxun_learn/install/student_interfaces/include/student_interfaces/student_interfaces/srv/detail/addints__rosidl_typesupport_fastrtps_cpp.hpp\n'}
[1.592794] (student_interfaces) StdoutLine: {'line': b'-- Up-to-date: /home/huangbo/ros2_learn/tongxun_learn/install/student_interfaces/include/student_interfaces/student_interfaces/srv/detail/dds_fastrtps\n'}
[1.592847] (student_interfaces) StdoutLine: {'line': b'-- Up-to-date: /home/huangbo/ros2_learn/tongxun_learn/install/student_interfaces/include/student_interfaces/student_interfaces/msg\n'}
[1.592899] (student_interfaces) StdoutLine: {'line': b'-- Up-to-date: /home/huangbo/ros2_learn/tongxun_learn/install/student_interfaces/include/student_interfaces/student_interfaces/msg/detail\n'}
[1.592950] (student_interfaces) StdoutLine: {'line': b'-- Up-to-date: /home/huangbo/ros2_learn/tongxun_learn/install/student_interfaces/include/student_interfaces/student_interfaces/msg/detail/student__rosidl_typesupport_fastrtps_cpp.hpp\n'}
[1.593014] (student_interfaces) StdoutLine: {'line': b'-- Up-to-date: /home/huangbo/ros2_learn/tongxun_learn/install/student_interfaces/include/student_interfaces/student_interfaces/msg/detail/dds_fastrtps\n'}
[1.593066] (student_interfaces) StdoutLine: {'line': b'-- Up-to-date: /home/huangbo/ros2_learn/tongxun_learn/install/student_interfaces/include/student_interfaces/student_interfaces/msg/rosidl_typesupport_fastrtps_cpp__visibility_control.h\n'}
[1.593117] (student_interfaces) StdoutLine: {'line': b'-- Up-to-date: /home/huangbo/ros2_learn/tongxun_learn/install/student_interfaces/lib/libstudent_interfaces__rosidl_typesupport_fastrtps_cpp.so\n'}
[1.593167] (student_interfaces) StdoutLine: {'line': b'-- Up-to-date: /home/huangbo/ros2_learn/tongxun_learn/install/student_interfaces/include/student_interfaces/student_interfaces\n'}
[1.593217] (student_interfaces) StdoutLine: {'line': b'-- Up-to-date: /home/huangbo/ros2_learn/tongxun_learn/install/student_interfaces/include/student_interfaces/student_interfaces/action\n'}
[1.596719] (student_interfaces) StdoutLine: {'line': b'-- Up-to-date: /home/huangbo/ros2_learn/tongxun_learn/install/student_interfaces/include/student_interfaces/student_interfaces/action/detail\n'}
[1.596816] (student_interfaces) StdoutLine: {'line': b'-- Up-to-date: /home/huangbo/ros2_learn/tongxun_learn/install/student_interfaces/include/student_interfaces/student_interfaces/action/detail/progress__type_support.cpp\n'}
[1.596878] (student_interfaces) StdoutLine: {'line': b'-- Up-to-date: /home/huangbo/ros2_learn/tongxun_learn/install/student_interfaces/include/student_interfaces/student_interfaces/action/detail/progress__rosidl_typesupport_introspection_cpp.hpp\n'}
[1.596956] (student_interfaces) StdoutLine: {'line': b'-- Up-to-date: /home/huangbo/ros2_learn/tongxun_learn/install/student_interfaces/include/student_interfaces/student_interfaces/srv\n'}
[1.597014] (student_interfaces) StdoutLine: {'line': b'-- Up-to-date: /home/huangbo/ros2_learn/tongxun_learn/install/student_interfaces/include/student_interfaces/student_interfaces/srv/detail\n'}
[1.597069] (student_interfaces) StdoutLine: {'line': b'-- Up-to-date: /home/huangbo/ros2_learn/tongxun_learn/install/student_interfaces/include/student_interfaces/student_interfaces/srv/detail/addints__type_support.cpp\n'}
[1.597123] (student_interfaces) StdoutLine: {'line': b'-- Up-to-date: /home/huangbo/ros2_learn/tongxun_learn/install/student_interfaces/include/student_interfaces/student_interfaces/srv/detail/addints__rosidl_typesupport_introspection_cpp.hpp\n'}
[1.597177] (student_interfaces) StdoutLine: {'line': b'-- Up-to-date: /home/huangbo/ros2_learn/tongxun_learn/install/student_interfaces/include/student_interfaces/student_interfaces/msg\n'}
[1.597229] (student_interfaces) StdoutLine: {'line': b'-- Up-to-date: /home/huangbo/ros2_learn/tongxun_learn/install/student_interfaces/include/student_interfaces/student_interfaces/msg/detail\n'}
[1.597280] (student_interfaces) StdoutLine: {'line': b'-- Up-to-date: /home/huangbo/ros2_learn/tongxun_learn/install/student_interfaces/include/student_interfaces/student_interfaces/msg/detail/student__type_support.cpp\n'}
[1.597330] (student_interfaces) StdoutLine: {'line': b'-- Up-to-date: /home/huangbo/ros2_learn/tongxun_learn/install/student_interfaces/include/student_interfaces/student_interfaces/msg/detail/student__rosidl_typesupport_introspection_cpp.hpp\n'}
[1.597408] (student_interfaces) StdoutLine: {'line': b'-- Up-to-date: /home/huangbo/ros2_learn/tongxun_learn/install/student_interfaces/lib/libstudent_interfaces__rosidl_typesupport_introspection_cpp.so\n'}
[1.597465] (student_interfaces) StdoutLine: {'line': b'-- Up-to-date: /home/huangbo/ros2_learn/tongxun_learn/install/student_interfaces/lib/libstudent_interfaces__rosidl_typesupport_cpp.so\n'}
[1.597519] (student_interfaces) StdoutLine: {'line': b'-- Up-to-date: /home/huangbo/ros2_learn/tongxun_learn/install/student_interfaces/share/student_interfaces/environment/pythonpath.sh\n'}
[1.597571] (student_interfaces) StdoutLine: {'line': b'-- Up-to-date: /home/huangbo/ros2_learn/tongxun_learn/install/student_interfaces/share/student_interfaces/environment/pythonpath.dsv\n'}
[1.597622] (student_interfaces) StdoutLine: {'line': b'-- Up-to-date: /home/huangbo/ros2_learn/tongxun_learn/install/student_interfaces/lib/python3.12/site-packages/student_interfaces-0.0.0-py3.12.egg-info\n'}
[1.597673] (student_interfaces) StdoutLine: {'line': b'-- Installing: /home/huangbo/ros2_learn/tongxun_learn/install/student_interfaces/lib/python3.12/site-packages/student_interfaces-0.0.0-py3.12.egg-info/SOURCES.txt\n'}
[1.597725] (student_interfaces) StdoutLine: {'line': b'-- Installing: /home/huangbo/ros2_learn/tongxun_learn/install/student_interfaces/lib/python3.12/site-packages/student_interfaces-0.0.0-py3.12.egg-info/dependency_links.txt\n'}
[1.597776] (student_interfaces) StdoutLine: {'line': b'-- Installing: /home/huangbo/ros2_learn/tongxun_learn/install/student_interfaces/lib/python3.12/site-packages/student_interfaces-0.0.0-py3.12.egg-info/PKG-INFO\n'}
[1.597828] (student_interfaces) StdoutLine: {'line': b'-- Installing: /home/huangbo/ros2_learn/tongxun_learn/install/student_interfaces/lib/python3.12/site-packages/student_interfaces-0.0.0-py3.12.egg-info/top_level.txt\n'}
[1.597880] (student_interfaces) StdoutLine: {'line': b'-- Up-to-date: /home/huangbo/ros2_learn/tongxun_learn/install/student_interfaces/lib/python3.12/site-packages/student_interfaces\n'}
[1.597930] (student_interfaces) StdoutLine: {'line': b'-- Up-to-date: /home/huangbo/ros2_learn/tongxun_learn/install/student_interfaces/lib/python3.12/site-packages/student_interfaces/student_interfaces_s__rosidl_typesupport_c.so\n'}
[1.597994] (student_interfaces) StdoutLine: {'line': b'-- Up-to-date: /home/huangbo/ros2_learn/tongxun_learn/install/student_interfaces/lib/python3.12/site-packages/student_interfaces/student_interfaces_s__rosidl_typesupport_fastrtps_c.so\n'}
[1.598050] (student_interfaces) StdoutLine: {'line': b'-- Up-to-date: /home/huangbo/ros2_learn/tongxun_learn/install/student_interfaces/lib/python3.12/site-packages/student_interfaces/_student_interfaces_s.ep.rosidl_typesupport_fastrtps_c.c\n'}
[1.598102] (student_interfaces) StdoutLine: {'line': b'-- Up-to-date: /home/huangbo/ros2_learn/tongxun_learn/install/student_interfaces/lib/python3.12/site-packages/student_interfaces/_student_interfaces_s.ep.rosidl_typesupport_introspection_c.c\n'}
[1.600262] (student_interfaces) StdoutLine: {'line': b'-- Up-to-date: /home/huangbo/ros2_learn/tongxun_learn/install/student_interfaces/lib/python3.12/site-packages/student_interfaces/action\n'}
[1.600396] (student_interfaces) StdoutLine: {'line': b'-- Up-to-date: /home/huangbo/ros2_learn/tongxun_learn/install/student_interfaces/lib/python3.12/site-packages/student_interfaces/action/_progress_s.c\n'}
[1.600461] (student_interfaces) StdoutLine: {'line': b'-- Up-to-date: /home/huangbo/ros2_learn/tongxun_learn/install/student_interfaces/lib/python3.12/site-packages/student_interfaces/action/_progress.py\n'}
[1.600527] (student_interfaces) StdoutLine: {'line': b'-- Up-to-date: /home/huangbo/ros2_learn/tongxun_learn/install/student_interfaces/lib/python3.12/site-packages/student_interfaces/action/__init__.py\n'}
[1.600663] (student_interfaces) StdoutLine: {'line': b'-- Up-to-date: /home/huangbo/ros2_learn/tongxun_learn/install/student_interfaces/lib/python3.12/site-packages/student_interfaces/_student_interfaces_s.ep.rosidl_typesupport_c.c\n'}
[1.600744] (student_interfaces) StdoutLine: {'line': b'-- Up-to-date: /home/huangbo/ros2_learn/tongxun_learn/install/student_interfaces/lib/python3.12/site-packages/student_interfaces/srv\n'}
[1.600803] (student_interfaces) StdoutLine: {'line': b'-- Up-to-date: /home/huangbo/ros2_learn/tongxun_learn/install/student_interfaces/lib/python3.12/site-packages/student_interfaces/srv/_addints.py\n'}
[1.600859] (student_interfaces) StdoutLine: {'line': b'-- Up-to-date: /home/huangbo/ros2_learn/tongxun_learn/install/student_interfaces/lib/python3.12/site-packages/student_interfaces/srv/_addints_s.c\n'}
[1.600914] (student_interfaces) StdoutLine: {'line': b'-- Up-to-date: /home/huangbo/ros2_learn/tongxun_learn/install/student_interfaces/lib/python3.12/site-packages/student_interfaces/srv/__init__.py\n'}
[1.600967] (student_interfaces) StdoutLine: {'line': b'-- Up-to-date: /home/huangbo/ros2_learn/tongxun_learn/install/student_interfaces/lib/python3.12/site-packages/student_interfaces/msg\n'}
[1.601020] (student_interfaces) StdoutLine: {'line': b'-- Up-to-date: /home/huangbo/ros2_learn/tongxun_learn/install/student_interfaces/lib/python3.12/site-packages/student_interfaces/msg/_student.py\n'}
[1.601072] (student_interfaces) StdoutLine: {'line': b'-- Up-to-date: /home/huangbo/ros2_learn/tongxun_learn/install/student_interfaces/lib/python3.12/site-packages/student_interfaces/msg/_student_s.c\n'}
[1.601125] (student_interfaces) StdoutLine: {'line': b'-- Up-to-date: /home/huangbo/ros2_learn/tongxun_learn/install/student_interfaces/lib/python3.12/site-packages/student_interfaces/msg/__init__.py\n'}
[1.601178] (student_interfaces) StdoutLine: {'line': b'-- Up-to-date: /home/huangbo/ros2_learn/tongxun_learn/install/student_interfaces/lib/python3.12/site-packages/student_interfaces/__init__.py\n'}
[1.601290] (student_interfaces) StdoutLine: {'line': b'-- Up-to-date: /home/huangbo/ros2_learn/tongxun_learn/install/student_interfaces/lib/python3.12/site-packages/student_interfaces/student_interfaces_s__rosidl_typesupport_introspection_c.so\n'}
[1.629419] (-) TimerEvent: {}
[1.650992] (student_interfaces) StdoutLine: {'line': b"Listing '/home/huangbo/ros2_learn/tongxun_learn/install/student_interfaces/lib/python3.12/site-packages/student_interfaces'...\n"}
[1.651535] (student_interfaces) StdoutLine: {'line': b"Listing '/home/huangbo/ros2_learn/tongxun_learn/install/student_interfaces/lib/python3.12/site-packages/student_interfaces/action'...\n"}
[1.653821] (student_interfaces) StdoutLine: {'line': b"Listing '/home/huangbo/ros2_learn/tongxun_learn/install/student_interfaces/lib/python3.12/site-packages/student_interfaces/msg'...\n"}
[1.653977] (student_interfaces) StdoutLine: {'line': b"Listing '/home/huangbo/ros2_learn/tongxun_learn/install/student_interfaces/lib/python3.12/site-packages/student_interfaces/srv'...\n"}
[1.668787] (student_interfaces) StdoutLine: {'line': b'-- Up-to-date: /home/huangbo/ros2_learn/tongxun_learn/install/student_interfaces/lib/python3.12/site-packages/student_interfaces/student_interfaces_s__rosidl_typesupport_fastrtps_c.so\n'}
[1.669280] (student_interfaces) StdoutLine: {'line': b'-- Up-to-date: /home/huangbo/ros2_learn/tongxun_learn/install/student_interfaces/lib/python3.12/site-packages/student_interfaces/student_interfaces_s__rosidl_typesupport_introspection_c.so\n'}
[1.672304] (student_interfaces) StdoutLine: {'line': b'-- Up-to-date: /home/huangbo/ros2_learn/tongxun_learn/install/student_interfaces/lib/python3.12/site-packages/student_interfaces/student_interfaces_s__rosidl_typesupport_c.so\n'}
[1.673201] (student_interfaces) StdoutLine: {'line': b'-- Up-to-date: /home/huangbo/ros2_learn/tongxun_learn/install/student_interfaces/lib/libstudent_interfaces__rosidl_generator_py.so\n'}
[1.673397] (student_interfaces) StdoutLine: {'line': b'-- Up-to-date: /home/huangbo/ros2_learn/tongxun_learn/install/student_interfaces/share/student_interfaces/rust\n'}
[1.673574] (student_interfaces) StdoutLine: {'line': b'-- Up-to-date: /home/huangbo/ros2_learn/tongxun_learn/install/student_interfaces/share/student_interfaces/rust/src\n'}
[1.673708] (student_interfaces) StdoutLine: {'line': b'-- Up-to-date: /home/huangbo/ros2_learn/tongxun_learn/install/student_interfaces/share/student_interfaces/rust/src/srv.rs\n'}
[1.673920] (student_interfaces) StdoutLine: {'line': b'-- Up-to-date: /home/huangbo/ros2_learn/tongxun_learn/install/student_interfaces/share/student_interfaces/rust/src/action\n'}
[1.674082] (student_interfaces) StdoutLine: {'line': b'-- Up-to-date: /home/huangbo/ros2_learn/tongxun_learn/install/student_interfaces/share/student_interfaces/rust/src/action/rmw.rs\n'}
[1.674444] (student_interfaces) StdoutLine: {'line': b'-- Up-to-date: /home/huangbo/ros2_learn/tongxun_learn/install/student_interfaces/share/student_interfaces/rust/src/msg.rs\n'}
[1.674954] (student_interfaces) StdoutLine: {'line': b'-- Up-to-date: /home/huangbo/ros2_learn/tongxun_learn/install/student_interfaces/share/student_interfaces/rust/src/action.rs\n'}
[1.679109] (student_interfaces) StdoutLine: {'line': b'-- Up-to-date: /home/huangbo/ros2_learn/tongxun_learn/install/student_interfaces/share/student_interfaces/rust/src/srv\n'}
[1.679408] (student_interfaces) StdoutLine: {'line': b'-- Up-to-date: /home/huangbo/ros2_learn/tongxun_learn/install/student_interfaces/share/student_interfaces/rust/src/srv/rmw.rs\n'}
[1.679533] (student_interfaces) StdoutLine: {'line': b'-- Up-to-date: /home/huangbo/ros2_learn/tongxun_learn/install/student_interfaces/share/student_interfaces/rust/src/msg\n'}
[1.679598] (student_interfaces) StdoutLine: {'line': b'-- Up-to-date: /home/huangbo/ros2_learn/tongxun_learn/install/student_interfaces/share/student_interfaces/rust/src/msg/rmw.rs\n'}
[1.679655] (student_interfaces) StdoutLine: {'line': b'-- Up-to-date: /home/huangbo/ros2_learn/tongxun_learn/install/student_interfaces/share/student_interfaces/rust/src/lib.rs\n'}
[1.679709] (student_interfaces) StdoutLine: {'line': b'-- Up-to-date: /home/huangbo/ros2_learn/tongxun_learn/install/student_interfaces/share/student_interfaces/rust/Cargo.toml\n'}
[1.679763] (student_interfaces) StdoutLine: {'line': b'-- Up-to-date: /home/huangbo/ros2_learn/tongxun_learn/install/student_interfaces/share/student_interfaces/rust/build.rs\n'}
[1.679816] (student_interfaces) StdoutLine: {'line': b'-- Up-to-date: /home/huangbo/ros2_learn/tongxun_learn/install/student_interfaces/share/student_interfaces/msg/Student.idl\n'}
[1.679881] (student_interfaces) StdoutLine: {'line': b'-- Up-to-date: /home/huangbo/ros2_learn/tongxun_learn/install/student_interfaces/share/student_interfaces/srv/Addints.idl\n'}
[1.679935] (student_interfaces) StdoutLine: {'line': b'-- Up-to-date: /home/huangbo/ros2_learn/tongxun_learn/install/student_interfaces/share/student_interfaces/action/Progress.idl\n'}
[1.679988] (student_interfaces) StdoutLine: {'line': b'-- Up-to-date: /home/huangbo/ros2_learn/tongxun_learn/install/student_interfaces/share/student_interfaces/msg/Student.msg\n'}
[1.680040] (student_interfaces) StdoutLine: {'line': b'-- Up-to-date: /home/huangbo/ros2_learn/tongxun_learn/install/student_interfaces/share/student_interfaces/srv/Addints.srv\n'}
[1.680093] (student_interfaces) StdoutLine: {'line': b'-- Up-to-date: /home/huangbo/ros2_learn/tongxun_learn/install/student_interfaces/share/student_interfaces/action/Progress.action\n'}
[1.680143] (student_interfaces) StdoutLine: {'line': b'-- Up-to-date: /home/huangbo/ros2_learn/tongxun_learn/install/student_interfaces/share/ament_index/resource_index/package_run_dependencies/student_interfaces\n'}
[1.680194] (student_interfaces) StdoutLine: {'line': b'-- Up-to-date: /home/huangbo/ros2_learn/tongxun_learn/install/student_interfaces/share/ament_index/resource_index/parent_prefix_path/student_interfaces\n'}
[1.680245] (student_interfaces) StdoutLine: {'line': b'-- Up-to-date: /home/huangbo/ros2_learn/tongxun_learn/install/student_interfaces/share/student_interfaces/environment/ament_prefix_path.sh\n'}
[1.680401] (student_interfaces) StdoutLine: {'line': b'-- Up-to-date: /home/huangbo/ros2_learn/tongxun_learn/install/student_interfaces/share/student_interfaces/environment/ament_prefix_path.dsv\n'}
[1.680467] (student_interfaces) StdoutLine: {'line': b'-- Up-to-date: /home/huangbo/ros2_learn/tongxun_learn/install/student_interfaces/share/student_interfaces/environment/path.sh\n'}
[1.680522] (student_interfaces) StdoutLine: {'line': b'-- Up-to-date: /home/huangbo/ros2_learn/tongxun_learn/install/student_interfaces/share/student_interfaces/environment/path.dsv\n'}
[1.680575] (student_interfaces) StdoutLine: {'line': b'-- Up-to-date: /home/huangbo/ros2_learn/tongxun_learn/install/student_interfaces/share/student_interfaces/local_setup.bash\n'}
[1.680625] (student_interfaces) StdoutLine: {'line': b'-- Up-to-date: /home/huangbo/ros2_learn/tongxun_learn/install/student_interfaces/share/student_interfaces/local_setup.sh\n'}
[1.680675] (student_interfaces) StdoutLine: {'line': b'-- Up-to-date: /home/huangbo/ros2_learn/tongxun_learn/install/student_interfaces/share/student_interfaces/local_setup.zsh\n'}
[1.680729] (student_interfaces) StdoutLine: {'line': b'-- Up-to-date: /home/huangbo/ros2_learn/tongxun_learn/install/student_interfaces/share/student_interfaces/local_setup.dsv\n'}
[1.681382] (student_interfaces) StdoutLine: {'line': b'-- Installing: /home/huangbo/ros2_learn/tongxun_learn/install/student_interfaces/share/student_interfaces/package.dsv\n'}
[1.684501] (student_interfaces) StdoutLine: {'line': b'-- Up-to-date: /home/huangbo/ros2_learn/tongxun_learn/install/student_interfaces/share/ament_index/resource_index/packages/student_interfaces\n'}
[1.684581] (student_interfaces) StdoutLine: {'line': b'-- Up-to-date: /home/huangbo/ros2_learn/tongxun_learn/install/student_interfaces/share/student_interfaces/cmake/export_student_interfaces__rosidl_generator_cExport.cmake\n'}
[1.684662] (student_interfaces) StdoutLine: {'line': b'-- Up-to-date: /home/huangbo/ros2_learn/tongxun_learn/install/student_interfaces/share/student_interfaces/cmake/export_student_interfaces__rosidl_generator_cExport-noconfig.cmake\n'}
[1.684721] (student_interfaces) StdoutLine: {'line': b'-- Up-to-date: /home/huangbo/ros2_learn/tongxun_learn/install/student_interfaces/share/student_interfaces/cmake/export_student_interfaces__rosidl_typesupport_fastrtps_cExport.cmake\n'}
[1.684780] (student_interfaces) StdoutLine: {'line': b'-- Up-to-date: /home/huangbo/ros2_learn/tongxun_learn/install/student_interfaces/share/student_interfaces/cmake/export_student_interfaces__rosidl_typesupport_fastrtps_cExport-noconfig.cmake\n'}
[1.684840] (student_interfaces) StdoutLine: {'line': b'-- Up-to-date: /home/huangbo/ros2_learn/tongxun_learn/install/student_interfaces/share/student_interfaces/cmake/student_interfaces__rosidl_typesupport_introspection_cExport.cmake\n'}
[1.684893] (student_interfaces) StdoutLine: {'line': b'-- Up-to-date: /home/huangbo/ros2_learn/tongxun_learn/install/student_interfaces/share/student_interfaces/cmake/student_interfaces__rosidl_typesupport_introspection_cExport-noconfig.cmake\n'}
[1.684945] (student_interfaces) StdoutLine: {'line': b'-- Up-to-date: /home/huangbo/ros2_learn/tongxun_learn/install/student_interfaces/share/student_interfaces/cmake/student_interfaces__rosidl_typesupport_cExport.cmake\n'}
[1.684997] (student_interfaces) StdoutLine: {'line': b'-- Up-to-date: /home/huangbo/ros2_learn/tongxun_learn/install/student_interfaces/share/student_interfaces/cmake/student_interfaces__rosidl_typesupport_cExport-noconfig.cmake\n'}
[1.685050] (student_interfaces) StdoutLine: {'line': b'-- Up-to-date: /home/huangbo/ros2_learn/tongxun_learn/install/student_interfaces/share/student_interfaces/cmake/export_student_interfaces__rosidl_generator_cppExport.cmake\n'}
[1.685101] (student_interfaces) StdoutLine: {'line': b'-- Up-to-date: /home/huangbo/ros2_learn/tongxun_learn/install/student_interfaces/share/student_interfaces/cmake/export_student_interfaces__rosidl_typesupport_fastrtps_cppExport.cmake\n'}
[1.685255] (student_interfaces) StdoutLine: {'line': b'-- Up-to-date: /home/huangbo/ros2_learn/tongxun_learn/install/student_interfaces/share/student_interfaces/cmake/export_student_interfaces__rosidl_typesupport_fastrtps_cppExport-noconfig.cmake\n'}
[1.685321] (student_interfaces) StdoutLine: {'line': b'-- Up-to-date: /home/huangbo/ros2_learn/tongxun_learn/install/student_interfaces/share/student_interfaces/cmake/student_interfaces__rosidl_typesupport_introspection_cppExport.cmake\n'}
[1.686348] (student_interfaces) StdoutLine: {'line': b'-- Up-to-date: /home/huangbo/ros2_learn/tongxun_learn/install/student_interfaces/share/student_interfaces/cmake/student_interfaces__rosidl_typesupport_introspection_cppExport-noconfig.cmake\n'}
[1.686457] (student_interfaces) StdoutLine: {'line': b'-- Up-to-date: /home/huangbo/ros2_learn/tongxun_learn/install/student_interfaces/share/student_interfaces/cmake/student_interfaces__rosidl_typesupport_cppExport.cmake\n'}
[1.686522] (student_interfaces) StdoutLine: {'line': b'-- Up-to-date: /home/huangbo/ros2_learn/tongxun_learn/install/student_interfaces/share/student_interfaces/cmake/student_interfaces__rosidl_typesupport_cppExport-noconfig.cmake\n'}
[1.686582] (student_interfaces) StdoutLine: {'line': b'-- Up-to-date: /home/huangbo/ros2_learn/tongxun_learn/install/student_interfaces/share/student_interfaces/cmake/export_student_interfaces__rosidl_generator_pyExport.cmake\n'}
[1.686639] (student_interfaces) StdoutLine: {'line': b'-- Up-to-date: /home/huangbo/ros2_learn/tongxun_learn/install/student_interfaces/share/student_interfaces/cmake/export_student_interfaces__rosidl_generator_pyExport-noconfig.cmake\n'}
[1.686693] (student_interfaces) StdoutLine: {'line': b'-- Up-to-date: /home/huangbo/ros2_learn/tongxun_learn/install/student_interfaces/share/student_interfaces/cmake/rosidl_cmake-extras.cmake\n'}
[1.686843] (student_interfaces) StdoutLine: {'line': b'-- Up-to-date: /home/huangbo/ros2_learn/tongxun_learn/install/student_interfaces/share/student_interfaces/cmake/ament_cmake_export_dependencies-extras.cmake\n'}
[1.686916] (student_interfaces) StdoutLine: {'line': b'-- Up-to-date: /home/huangbo/ros2_learn/tongxun_learn/install/student_interfaces/share/student_interfaces/cmake/ament_cmake_export_include_directories-extras.cmake\n'}
[1.686974] (student_interfaces) StdoutLine: {'line': b'-- Up-to-date: /home/huangbo/ros2_learn/tongxun_learn/install/student_interfaces/share/student_interfaces/cmake/ament_cmake_export_libraries-extras.cmake\n'}
[1.687027] (student_interfaces) StdoutLine: {'line': b'-- Up-to-date: /home/huangbo/ros2_learn/tongxun_learn/install/student_interfaces/share/student_interfaces/cmake/ament_cmake_export_targets-extras.cmake\n'}
[1.687090] (student_interfaces) StdoutLine: {'line': b'-- Up-to-date: /home/huangbo/ros2_learn/tongxun_learn/install/student_interfaces/share/student_interfaces/cmake/rosidl_cmake_export_typesupport_targets-extras.cmake\n'}
[1.687142] (student_interfaces) StdoutLine: {'line': b'-- Up-to-date: /home/huangbo/ros2_learn/tongxun_learn/install/student_interfaces/share/student_interfaces/cmake/rosidl_cmake_export_typesupport_libraries-extras.cmake\n'}
[1.687193] (student_interfaces) StdoutLine: {'line': b'-- Up-to-date: /home/huangbo/ros2_learn/tongxun_learn/install/student_interfaces/share/student_interfaces/cmake/rosidl_cmake_aggregate_target-extras.cmake\n'}
[1.687256] (student_interfaces) StdoutLine: {'line': b'-- Up-to-date: /home/huangbo/ros2_learn/tongxun_learn/install/student_interfaces/share/student_interfaces/cmake/student_interfacesConfig.cmake\n'}
[1.687314] (student_interfaces) StdoutLine: {'line': b'-- Up-to-date: /home/huangbo/ros2_learn/tongxun_learn/install/student_interfaces/share/student_interfaces/cmake/student_interfacesConfig-version.cmake\n'}
[1.687365] (student_interfaces) StdoutLine: {'line': b'-- Up-to-date: /home/huangbo/ros2_learn/tongxun_learn/install/student_interfaces/share/student_interfaces/package.xml\n'}
[1.691146] (student_interfaces) CommandEnded: {'returncode': 0}
[1.729697] (-) TimerEvent: {}
[1.742027] (student_interfaces) JobEnded: {'identifier': 'student_interfaces', 'rc': 0}
[1.744330] (py02_service) JobStarted: {'identifier': 'py02_service'}
[1.830270] (-) TimerEvent: {}
[1.933131] (-) TimerEvent: {}
[2.033513] (-) TimerEvent: {}
[2.060492] (base_tongxun_s) Command: {'cmd': ['/usr/bin/python3', '-W', 'ignore:setup.py install is deprecated', '-W', 'ignore:easy_install command is deprecated', 'setup.py', 'egg_info', '--egg-base', '../../build/base_tongxun_s', 'build', '--build-base', '/home/huangbo/ros2_learn/tongxun_learn/build/base_tongxun_s/build', 'install', '--record', '/home/huangbo/ros2_learn/tongxun_learn/build/base_tongxun_s/install.log', '--install-scripts', '$base/lib/base_tongxun_s', '--single-version-externally-managed', 'install_data'], 'cwd': '/home/huangbo/ros2_learn/tongxun_learn/src/base_tongxun_s', 'env': OrderedDict({'PYTHON_BASIC_REPL': '1', 'LESSOPEN': '| /usr/bin/lesspipe %s', 'USER': 'huangbo', 'SSH_CLIENT': '192.168.91.1 4611 22', 'XDG_SESSION_TYPE': 'tty', 'GIT_ASKPASS': '/home/huangbo/.vscode-server/cli/servers/Stable-7debcd0e2acdea1c52de81bf9ee1620444407dda/server/extensions/git/dist/askpass.sh', 'SHLVL': '1', 'LD_LIBRARY_PATH': '/home/huangbo/ros2_learn/tongxun_learn/install/student_interfaces/lib:/opt/ros/jazzy/opt/rviz_ogre_vendor/lib:/opt/ros/jazzy/lib/x86_64-linux-gnu:/opt/ros/jazzy/opt/gz_math_vendor/lib:/opt/ros/jazzy/opt/gz_utils_vendor/lib:/opt/ros/jazzy/opt/gz_cmake_vendor/lib:/opt/ros/jazzy/lib', 'BROWSER': '/home/huangbo/.vscode-server/cli/servers/Stable-7debcd0e2acdea1c52de81bf9ee1620444407dda/server/bin/helpers/browser.sh', 'HOME': '/home/huangbo', 'TERM_PROGRAM_VERSION': '1.138.0', 'VSCODE_IPC_HOOK_CLI': '/run/user/1000/vscode-ipc-1a622cb4-c665-4f38-ac7f-27620576ea20.sock', 'ROS_PYTHON_VERSION': '3', 'VSCODE_GIT_ASKPASS_MAIN': '/home/huangbo/.vscode-server/cli/servers/Stable-7debcd0e2acdea1c52de81bf9ee1620444407dda/server/extensions/git/dist/askpass-main.js', 'VSCODE_GIT_ASKPASS_NODE': '/home/huangbo/.vscode-server/cli/servers/Stable-7debcd0e2acdea1c52de81bf9ee1620444407dda/server/node', 'PYDEVD_DISABLE_FILE_VALIDATION': '1', 'BUNDLED_DEBUGPY_PATH': '/home/huangbo/.vscode-server/extensions/ms-python.debugpy-2026.6.0-linux-x64/bundled/libs/debugpy', 'VSCODE_PYTHON_AUTOACTIVATE_GUARD': '1', 'DBUS_SESSION_BUS_ADDRESS': 'unix:path=/run/user/1000/bus', 'COLORTERM': 'truecolor', 'DEBUGINFOD_URLS': 'https://debuginfod.ubuntu.com', 'COLCON_PREFIX_PATH': '/home/huangbo/ros2_learn/tongxun_learn/install', 'ROS_DISTRO': 'jazzy', 'LOGNAME': 'huangbo', '_': '/usr/bin/colcon', 'ROS_VERSION': '2', 'XDG_SESSION_CLASS': 'user', 'TERM': 'xterm-256color', 'XDG_SESSION_ID': '4', 'PATH': '/home/huangbo/.vscode-server/data/User/globalStorage/github.copilot-chat/debugCommand:/home/huangbo/.vscode-server/data/User/globalStorage/github.copilot-chat/copilotCli:/home/huangbo/.vscode-server/cli/servers/Stable-7debcd0e2acdea1c52de81bf9ee1620444407dda/server/bin/remote-cli:/opt/ros/jazzy/bin:/usr/local/sbin:/usr/local/bin:/usr/sbin:/usr/bin:/sbin:/bin:/usr/games:/usr/local/games:/snap/bin:/home/huangbo/.vscode-server/extensions/ms-python.debugpy-2026.6.0-linux-x64/bundled/scripts/noConfigScripts', 'XDG_RUNTIME_DIR': '/run/user/1000', 'VSCODE_DEBUGPY_ADAPTER_ENDPOINTS': '/home/huangbo/.vscode-server/extensions/ms-python.debugpy-2026.6.0-linux-x64/.noConfigDebugAdapterEndpoints/endpoint-66c467e2907e460e.txt', 'LANG': 'zh_CN.UTF-8', 'PYTHONSTARTUP': '/home/huangbo/.vscode-server/data/User/workspaceStorage/c358a63721801e90ff5d3c048722ef27/ms-python.python/pythonrc.py', 'LS_COLORS': 'rs=0:di=01;34:ln=01;36:mh=00:pi=40;33:so=01;35:do=01;35:bd=40;33;01:cd=40;33;01:or=40;31;01:mi=00:su=37;41:sg=30;43:ca=00:tw=30;42:ow=34;42:st=37;44:ex=01;32:*.tar=01;31:*.tgz=01;31:*.arc=01;31:*.arj=01;31:*.taz=01;31:*.lha=01;31:*.lz4=01;31:*.lzh=01;31:*.lzma=01;31:*.tlz=01;31:*.txz=01;31:*.tzo=01;31:*.t7z=01;31:*.zip=01;31:*.z=01;31:*.dz=01;31:*.gz=01;31:*.lrz=01;31:*.lz=01;31:*.lzo=01;31:*.xz=01;31:*.zst=01;31:*.tzst=01;31:*.bz2=01;31:*.bz=01;31:*.tbz=01;31:*.tbz2=01;31:*.tz=01;31:*.deb=01;31:*.rpm=01;31:*.jar=01;31:*.war=01;31:*.ear=01;31:*.sar=01;31:*.rar=01;31:*.alz=01;31:*.ace=01;31:*.zoo=01;31:*.cpio=01;31:*.7z=01;31:*.rz=01;31:*.cab=01;31:*.wim=01;31:*.swm=01;31:*.dwm=01;31:*.esd=01;31:*.avif=01;35:*.jpg=01;35:*.jpeg=01;35:*.mjpg=01;35:*.mjpeg=01;35:*.gif=01;35:*.bmp=01;35:*.pbm=01;35:*.pgm=01;35:*.ppm=01;35:*.tga=01;35:*.xbm=01;35:*.xpm=01;35:*.tif=01;35:*.tiff=01;35:*.png=01;35:*.svg=01;35:*.svgz=01;35:*.mng=01;35:*.pcx=01;35:*.mov=01;35:*.mpg=01;35:*.mpeg=01;35:*.m2v=01;35:*.mkv=01;35:*.webm=01;35:*.webp=01;35:*.ogm=01;35:*.mp4=01;35:*.m4v=01;35:*.mp4v=01;35:*.vob=01;35:*.qt=01;35:*.nuv=01;35:*.wmv=01;35:*.asf=01;35:*.rm=01;35:*.rmvb=01;35:*.flc=01;35:*.avi=01;35:*.fli=01;35:*.flv=01;35:*.gl=01;35:*.dl=01;35:*.xcf=01;35:*.xwd=01;35:*.yuv=01;35:*.cgm=01;35:*.emf=01;35:*.ogv=01;35:*.ogx=01;35:*.aac=00;36:*.au=00;36:*.flac=00;36:*.m4a=00;36:*.mid=00;36:*.midi=00;36:*.mka=00;36:*.mp3=00;36:*.mpc=00;36:*.ogg=00;36:*.ra=00;36:*.wav=00;36:*.oga=00;36:*.opus=00;36:*.spx=00;36:*.xspf=00;36:*~=00;90:*#=00;90:*.bak=00;90:*.crdownload=00;90:*.dpkg-dist=00;90:*.dpkg-new=00;90:*.dpkg-old=00;90:*.dpkg-tmp=00;90:*.old=00;90:*.orig=00;90:*.part=00;90:*.rej=00;90:*.rpmnew=00;90:*.rpmorig=00;90:*.rpmsave=00;90:*.swp=00;90:*.tmp=00;90:*.ucf-dist=00;90:*.ucf-new=00;90:*.ucf-old=00;90:', 'VSCODE_GIT_IPC_HANDLE': '/run/user/1000/vscode-git-b3ba6a87e1.sock', 'TERM_PROGRAM': 'vscode', 'AMENT_PREFIX_PATH': '/home/huangbo/ros2_learn/tongxun_learn/install/py03_acton:/home/huangbo/ros2_learn/tongxun_learn/install/py01_topic:/home/huangbo/ros2_learn/tongxun_learn/install/student_interfaces:/home/huangbo/ros2_learn/tongxun_learn/install/py02_service_my:/home/huangbo/ros2_learn/tongxun_learn/install/py02_service:/home/huangbo/ros2_learn/tongxun_learn/install/base_tongxun_s:/opt/ros/jazzy', 'SHELL': '/bin/bash', 'LESSCLOSE': '/usr/bin/lesspipe %s %s', 'ROS_AUTOMATIC_DISCOVERY_RANGE': 'SUBNET', 'VSCODE_GIT_ASKPASS_EXTRA_ARGS': '', 'PWD': '/home/huangbo/ros2_learn/tongxun_learn/build/base_tongxun_s', 'COPILOT_DEBUG_NONCE': '0eaae38a08eb9b17f52bd7ed955eaf75', 'SSH_CONNECTION': '192.168.91.1 4611 192.168.91.129 22', 'XDG_DATA_DIRS': '/usr/share/gnome:/usr/local/share:/usr/share:/var/lib/snapd/desktop', 'PYTHONPATH': '/home/huangbo/ros2_learn/tongxun_learn/build/base_tongxun_s/prefix_override:/usr/lib/python3/dist-packages/colcon_core/task/python/colcon_distutils_commands:/home/huangbo/ros2_learn/tongxun_learn/install/base_tongxun_s/lib/python3.12/site-packages:/home/huangbo/ros2_learn/tongxun_learn/install/py03_acton/lib/python3.12/site-packages:/home/huangbo/ros2_learn/tongxun_learn/install/py01_topic/lib/python3.12/site-packages:/home/huangbo/ros2_learn/tongxun_learn/install/student_interfaces/lib/python3.12/site-packages:/home/huangbo/ros2_learn/tongxun_learn/install/py02_service_my/lib/python3.12/site-packages:/home/huangbo/ros2_learn/tongxun_learn/install/py02_service/lib/python3.12/site-packages:/home/huangbo/ros2_learn/tongxun_learn/install/base_tongxun_s/lib/python3.12/site-packages:/opt/ros/jazzy/opt/gz_math_vendor/lib/python:/opt/ros/jazzy/lib/python3.12/site-packages', 'COLCON': '1', 'CMAKE_PREFIX_PATH': '/home/huangbo/ros2_learn/tongxun_learn/install/student_interfaces:/opt/ros/jazzy/opt/gz_math_vendor:/opt/ros/jazzy/opt/gz_utils_vendor:/opt/ros/jazzy/opt/gz_cmake_vendor'}), 'shell': False}
[2.135295] (-) TimerEvent: {}
[2.236215] (-) TimerEvent: {}
[2.337185] (-) TimerEvent: {}
[2.375307] (base_tongxun_s) StdoutLine: {'line': b'running egg_info\n'}
[2.410091] (base_tongxun_s) StdoutLine: {'line': b'writing ../../build/base_tongxun_s/base_tongxun_s.egg-info/PKG-INFO\n'}
[2.411796] (base_tongxun_s) StdoutLine: {'line': b'writing dependency_links to ../../build/base_tongxun_s/base_tongxun_s.egg-info/dependency_links.txt\n'}
[2.412599] (base_tongxun_s) StdoutLine: {'line': b'writing requirements to ../../build/base_tongxun_s/base_tongxun_s.egg-info/requires.txt\n'}
[2.415657] (base_tongxun_s) StdoutLine: {'line': b'writing top-level names to ../../build/base_tongxun_s/base_tongxun_s.egg-info/top_level.txt\n'}
[2.438155] (-) TimerEvent: {}
[2.505294] (base_tongxun_s) StdoutLine: {'line': b"reading manifest file '../../build/base_tongxun_s/base_tongxun_s.egg-info/SOURCES.txt'\n"}
[2.507184] (base_tongxun_s) StdoutLine: {'line': b"writing manifest file '../../build/base_tongxun_s/base_tongxun_s.egg-info/SOURCES.txt'\n"}
[2.508640] (base_tongxun_s) StdoutLine: {'line': b'running build\n'}
[2.509653] (base_tongxun_s) StdoutLine: {'line': b'running build_py\n'}
[2.510929] (base_tongxun_s) StdoutLine: {'line': b'running install\n'}
[2.519236] (base_tongxun_s) StdoutLine: {'line': b'running install_lib\n'}
[2.538616] (-) TimerEvent: {}
[2.550944] (base_tongxun_s) StdoutLine: {'line': b'running install_data\n'}
[2.553278] (base_tongxun_s) StdoutLine: {'line': b'running install_egg_info\n'}
[2.581185] (base_tongxun_s) StdoutLine: {'line': b"removing '/home/huangbo/ros2_learn/tongxun_learn/install/base_tongxun_s/lib/python3.12/site-packages/base_tongxun_s-0.0.0-py3.12.egg-info' (and everything under it)\n"}
[2.582175] (base_tongxun_s) StdoutLine: {'line': b'Copying ../../build/base_tongxun_s/base_tongxun_s.egg-info to /home/huangbo/ros2_learn/tongxun_learn/install/base_tongxun_s/lib/python3.12/site-packages/base_tongxun_s-0.0.0-py3.12.egg-info\n'}
[2.586428] (base_tongxun_s) StdoutLine: {'line': b'running install_scripts\n'}
[2.638926] (-) TimerEvent: {}
[2.741539] (-) TimerEvent: {}
[2.783158] (base_tongxun_s) StdoutLine: {'line': b"writing list of installed files to '/home/huangbo/ros2_learn/tongxun_learn/build/base_tongxun_s/install.log'\n"}
[2.813809] (py02_service) Command: {'cmd': ['/usr/bin/python3', '-W', 'ignore:setup.py install is deprecated', '-W', 'ignore:easy_install command is deprecated', 'setup.py', 'egg_info', '--egg-base', '../../build/py02_service', 'build', '--build-base', '/home/huangbo/ros2_learn/tongxun_learn/build/py02_service/build', 'install', '--record', '/home/huangbo/ros2_learn/tongxun_learn/build/py02_service/install.log', '--install-scripts', '$base/lib/py02_service', '--single-version-externally-managed', 'install_data'], 'cwd': '/home/huangbo/ros2_learn/tongxun_learn/src/py02_service', 'env': OrderedDict({'PYTHON_BASIC_REPL': '1', 'LESSOPEN': '| /usr/bin/lesspipe %s', 'USER': 'huangbo', 'SSH_CLIENT': '192.168.91.1 4611 22', 'XDG_SESSION_TYPE': 'tty', 'GIT_ASKPASS': '/home/huangbo/.vscode-server/cli/servers/Stable-7debcd0e2acdea1c52de81bf9ee1620444407dda/server/extensions/git/dist/askpass.sh', 'SHLVL': '1', 'LD_LIBRARY_PATH': '/home/huangbo/ros2_learn/tongxun_learn/install/student_interfaces/lib:/opt/ros/jazzy/opt/rviz_ogre_vendor/lib:/opt/ros/jazzy/lib/x86_64-linux-gnu:/opt/ros/jazzy/opt/gz_math_vendor/lib:/opt/ros/jazzy/opt/gz_utils_vendor/lib:/opt/ros/jazzy/opt/gz_cmake_vendor/lib:/opt/ros/jazzy/lib', 'BROWSER': '/home/huangbo/.vscode-server/cli/servers/Stable-7debcd0e2acdea1c52de81bf9ee1620444407dda/server/bin/helpers/browser.sh', 'HOME': '/home/huangbo', 'TERM_PROGRAM_VERSION': '1.138.0', 'VSCODE_IPC_HOOK_CLI': '/run/user/1000/vscode-ipc-1a622cb4-c665-4f38-ac7f-27620576ea20.sock', 'ROS_PYTHON_VERSION': '3', 'VSCODE_GIT_ASKPASS_MAIN': '/home/huangbo/.vscode-server/cli/servers/Stable-7debcd0e2acdea1c52de81bf9ee1620444407dda/server/extensions/git/dist/askpass-main.js', 'VSCODE_GIT_ASKPASS_NODE': '/home/huangbo/.vscode-server/cli/servers/Stable-7debcd0e2acdea1c52de81bf9ee1620444407dda/server/node', 'PYDEVD_DISABLE_FILE_VALIDATION': '1', 'BUNDLED_DEBUGPY_PATH': '/home/huangbo/.vscode-server/extensions/ms-python.debugpy-2026.6.0-linux-x64/bundled/libs/debugpy', 'VSCODE_PYTHON_AUTOACTIVATE_GUARD': '1', 'DBUS_SESSION_BUS_ADDRESS': 'unix:path=/run/user/1000/bus', 'COLORTERM': 'truecolor', 'DEBUGINFOD_URLS': 'https://debuginfod.ubuntu.com', 'COLCON_PREFIX_PATH': '/home/huangbo/ros2_learn/tongxun_learn/install', 'ROS_DISTRO': 'jazzy', 'LOGNAME': 'huangbo', '_': '/usr/bin/colcon', 'ROS_VERSION': '2', 'XDG_SESSION_CLASS': 'user', 'TERM': 'xterm-256color', 'XDG_SESSION_ID': '4', 'PATH': '/home/huangbo/.vscode-server/data/User/globalStorage/github.copilot-chat/debugCommand:/home/huangbo/.vscode-server/data/User/globalStorage/github.copilot-chat/copilotCli:/home/huangbo/.vscode-server/cli/servers/Stable-7debcd0e2acdea1c52de81bf9ee1620444407dda/server/bin/remote-cli:/opt/ros/jazzy/bin:/usr/local/sbin:/usr/local/bin:/usr/sbin:/usr/bin:/sbin:/bin:/usr/games:/usr/local/games:/snap/bin:/home/huangbo/.vscode-server/extensions/ms-python.debugpy-2026.6.0-linux-x64/bundled/scripts/noConfigScripts', 'XDG_RUNTIME_DIR': '/run/user/1000', 'VSCODE_DEBUGPY_ADAPTER_ENDPOINTS': '/home/huangbo/.vscode-server/extensions/ms-python.debugpy-2026.6.0-linux-x64/.noConfigDebugAdapterEndpoints/endpoint-66c467e2907e460e.txt', 'LANG': 'zh_CN.UTF-8', 'PYTHONSTARTUP': '/home/huangbo/.vscode-server/data/User/workspaceStorage/c358a63721801e90ff5d3c048722ef27/ms-python.python/pythonrc.py', 'LS_COLORS': 'rs=0:di=01;34:ln=01;36:mh=00:pi=40;33:so=01;35:do=01;35:bd=40;33;01:cd=40;33;01:or=40;31;01:mi=00:su=37;41:sg=30;43:ca=00:tw=30;42:ow=34;42:st=37;44:ex=01;32:*.tar=01;31:*.tgz=01;31:*.arc=01;31:*.arj=01;31:*.taz=01;31:*.lha=01;31:*.lz4=01;31:*.lzh=01;31:*.lzma=01;31:*.tlz=01;31:*.txz=01;31:*.tzo=01;31:*.t7z=01;31:*.zip=01;31:*.z=01;31:*.dz=01;31:*.gz=01;31:*.lrz=01;31:*.lz=01;31:*.lzo=01;31:*.xz=01;31:*.zst=01;31:*.tzst=01;31:*.bz2=01;31:*.bz=01;31:*.tbz=01;31:*.tbz2=01;31:*.tz=01;31:*.deb=01;31:*.rpm=01;31:*.jar=01;31:*.war=01;31:*.ear=01;31:*.sar=01;31:*.rar=01;31:*.alz=01;31:*.ace=01;31:*.zoo=01;31:*.cpio=01;31:*.7z=01;31:*.rz=01;31:*.cab=01;31:*.wim=01;31:*.swm=01;31:*.dwm=01;31:*.esd=01;31:*.avif=01;35:*.jpg=01;35:*.jpeg=01;35:*.mjpg=01;35:*.mjpeg=01;35:*.gif=01;35:*.bmp=01;35:*.pbm=01;35:*.pgm=01;35:*.ppm=01;35:*.tga=01;35:*.xbm=01;35:*.xpm=01;35:*.tif=01;35:*.tiff=01;35:*.png=01;35:*.svg=01;35:*.svgz=01;35:*.mng=01;35:*.pcx=01;35:*.mov=01;35:*.mpg=01;35:*.mpeg=01;35:*.m2v=01;35:*.mkv=01;35:*.webm=01;35:*.webp=01;35:*.ogm=01;35:*.mp4=01;35:*.m4v=01;35:*.mp4v=01;35:*.vob=01;35:*.qt=01;35:*.nuv=01;35:*.wmv=01;35:*.asf=01;35:*.rm=01;35:*.rmvb=01;35:*.flc=01;35:*.avi=01;35:*.fli=01;35:*.flv=01;35:*.gl=01;35:*.dl=01;35:*.xcf=01;35:*.xwd=01;35:*.yuv=01;35:*.cgm=01;35:*.emf=01;35:*.ogv=01;35:*.ogx=01;35:*.aac=00;36:*.au=00;36:*.flac=00;36:*.m4a=00;36:*.mid=00;36:*.midi=00;36:*.mka=00;36:*.mp3=00;36:*.mpc=00;36:*.ogg=00;36:*.ra=00;36:*.wav=00;36:*.oga=00;36:*.opus=00;36:*.spx=00;36:*.xspf=00;36:*~=00;90:*#=00;90:*.bak=00;90:*.crdownload=00;90:*.dpkg-dist=00;90:*.dpkg-new=00;90:*.dpkg-old=00;90:*.dpkg-tmp=00;90:*.old=00;90:*.orig=00;90:*.part=00;90:*.rej=00;90:*.rpmnew=00;90:*.rpmorig=00;90:*.rpmsave=00;90:*.swp=00;90:*.tmp=00;90:*.ucf-dist=00;90:*.ucf-new=00;90:*.ucf-old=00;90:', 'VSCODE_GIT_IPC_HANDLE': '/run/user/1000/vscode-git-b3ba6a87e1.sock', 'TERM_PROGRAM': 'vscode', 'AMENT_PREFIX_PATH': '/home/huangbo/ros2_learn/tongxun_learn/install/py03_acton:/home/huangbo/ros2_learn/tongxun_learn/install/py01_topic:/home/huangbo/ros2_learn/tongxun_learn/install/student_interfaces:/home/huangbo/ros2_learn/tongxun_learn/install/py02_service_my:/home/huangbo/ros2_learn/tongxun_learn/install/py02_service:/home/huangbo/ros2_learn/tongxun_learn/install/base_tongxun_s:/opt/ros/jazzy', 'SHELL': '/bin/bash', 'LESSCLOSE': '/usr/bin/lesspipe %s %s', 'ROS_AUTOMATIC_DISCOVERY_RANGE': 'SUBNET', 'VSCODE_GIT_ASKPASS_EXTRA_ARGS': '', 'PWD': '/home/huangbo/ros2_learn/tongxun_learn/build/py02_service', 'COPILOT_DEBUG_NONCE': '0eaae38a08eb9b17f52bd7ed955eaf75', 'SSH_CONNECTION': '192.168.91.1 4611 192.168.91.129 22', 'XDG_DATA_DIRS': '/usr/share/gnome:/usr/local/share:/usr/share:/var/lib/snapd/desktop', 'PYTHONPATH': '/home/huangbo/ros2_learn/tongxun_learn/build/py02_service/prefix_override:/usr/lib/python3/dist-packages/colcon_core/task/python/colcon_distutils_commands:/home/huangbo/ros2_learn/tongxun_learn/install/py02_service/lib/python3.12/site-packages:/home/huangbo/ros2_learn/tongxun_learn/install/py03_acton/lib/python3.12/site-packages:/home/huangbo/ros2_learn/tongxun_learn/install/py01_topic/lib/python3.12/site-packages:/home/huangbo/ros2_learn/tongxun_learn/install/student_interfaces/lib/python3.12/site-packages:/home/huangbo/ros2_learn/tongxun_learn/install/py02_service_my/lib/python3.12/site-packages:/home/huangbo/ros2_learn/tongxun_learn/install/py02_service/lib/python3.12/site-packages:/home/huangbo/ros2_learn/tongxun_learn/install/base_tongxun_s/lib/python3.12/site-packages:/opt/ros/jazzy/opt/gz_math_vendor/lib/python:/opt/ros/jazzy/lib/python3.12/site-packages', 'COLCON': '1', 'CMAKE_PREFIX_PATH': '/home/huangbo/ros2_learn/tongxun_learn/install/student_interfaces:/opt/ros/jazzy/opt/gz_math_vendor:/opt/ros/jazzy/opt/gz_utils_vendor:/opt/ros/jazzy/opt/gz_cmake_vendor'}), 'shell': False}
[2.821460] (base_tongxun_s) CommandEnded: {'returncode': 0}
[2.833845] (base_tongxun_s) JobEnded: {'identifier': 'base_tongxun_s', 'rc': 0}
[2.834427] (py02_service_my) JobStarted: {'identifier': 'py02_service_my'}
[2.841668] (-) TimerEvent: {}
[2.943142] (-) TimerEvent: {}
[3.046994] (-) TimerEvent: {}
[3.148302] (-) TimerEvent: {}
[3.220366] (py02_service) StdoutLine: {'line': b'running egg_info\n'}
[3.241638] (py02_service) StdoutLine: {'line': b'writing ../../build/py02_service/py02_service.egg-info/PKG-INFO\n'}
[3.246256] (py02_service) StdoutLine: {'line': b'writing dependency_links to ../../build/py02_service/py02_service.egg-info/dependency_links.txt\n'}
[3.248791] (-) TimerEvent: {}
[3.249972] (py02_service) StdoutLine: {'line': b'writing entry points to ../../build/py02_service/py02_service.egg-info/entry_points.txt\n'}
[3.250284] (py02_service) StdoutLine: {'line': b'writing requirements to ../../build/py02_service/py02_service.egg-info/requires.txt\n'}
[3.252469] (py02_service) StdoutLine: {'line': b'writing top-level names to ../../build/py02_service/py02_service.egg-info/top_level.txt\n'}
[3.302704] (py02_service) StdoutLine: {'line': b"reading manifest file '../../build/py02_service/py02_service.egg-info/SOURCES.txt'\n"}
[3.304115] (py02_service) StdoutLine: {'line': b"writing manifest file '../../build/py02_service/py02_service.egg-info/SOURCES.txt'\n"}
[3.304272] (py02_service) StdoutLine: {'line': b'running build\n'}
[3.304359] (py02_service) StdoutLine: {'line': b'running build_py\n'}
[3.307273] (py02_service) StdoutLine: {'line': b'running install\n'}
[3.311761] (py02_service) StdoutLine: {'line': b'running install_lib\n'}
[3.337989] (py02_service) StdoutLine: {'line': b'running install_data\n'}
[3.342029] (py02_service) StdoutLine: {'line': b'running install_egg_info\n'}
[3.350114] (-) TimerEvent: {}
[3.400747] (py02_service) StdoutLine: {'line': b"removing '/home/huangbo/ros2_learn/tongxun_learn/install/py02_service/lib/python3.12/site-packages/py02_service-0.0.0-py3.12.egg-info' (and everything under it)\n"}
[3.405071] (py02_service) StdoutLine: {'line': b'Copying ../../build/py02_service/py02_service.egg-info to /home/huangbo/ros2_learn/tongxun_learn/install/py02_service/lib/python3.12/site-packages/py02_service-0.0.0-py3.12.egg-info\n'}
[3.406164] (py02_service) StdoutLine: {'line': b'running install_scripts\n'}
[3.450261] (-) TimerEvent: {}
[3.551259] (-) TimerEvent: {}
[3.651781] (-) TimerEvent: {}
[3.754959] (-) TimerEvent: {}
[3.815397] (py02_service) StdoutLine: {'line': b'Installing demo01_server_py script to /home/huangbo/ros2_learn/tongxun_learn/install/py02_service/lib/py02_service\n'}
[3.815576] (py02_service) StdoutLine: {'line': b'Installing demo02_client_py script to /home/huangbo/ros2_learn/tongxun_learn/install/py02_service/lib/py02_service\n'}
[3.819827] (py02_service) StdoutLine: {'line': b"writing list of installed files to '/home/huangbo/ros2_learn/tongxun_learn/build/py02_service/install.log'\n"}
[3.860840] (-) TimerEvent: {}
[3.961447] (-) TimerEvent: {}
[4.027205] (py02_service) CommandEnded: {'returncode': 0}
[4.055679] (py02_service) JobEnded: {'identifier': 'py02_service', 'rc': 0}
[4.056343] (py01_topic) JobStarted: {'identifier': 'py01_topic'}
[4.062590] (-) TimerEvent: {}
[4.165280] (-) TimerEvent: {}
[4.268193] (-) TimerEvent: {}
[4.368800] (-) TimerEvent: {}
[4.469349] (-) TimerEvent: {}
[4.569803] (-) TimerEvent: {}
[4.672143] (-) TimerEvent: {}
[4.718177] (py02_service_my) Command: {'cmd': ['/usr/bin/python3', '-W', 'ignore:setup.py install is deprecated', '-W', 'ignore:easy_install command is deprecated', 'setup.py', 'egg_info', '--egg-base', '../../build/py02_service_my', 'build', '--build-base', '/home/huangbo/ros2_learn/tongxun_learn/build/py02_service_my/build', 'install', '--record', '/home/huangbo/ros2_learn/tongxun_learn/build/py02_service_my/install.log', '--install-scripts', '$base/lib/py02_service_my', '--single-version-externally-managed', 'install_data'], 'cwd': '/home/huangbo/ros2_learn/tongxun_learn/src/py02_service_my', 'env': OrderedDict({'PYTHON_BASIC_REPL': '1', 'LESSOPEN': '| /usr/bin/lesspipe %s', 'USER': 'huangbo', 'SSH_CLIENT': '192.168.91.1 4611 22', 'XDG_SESSION_TYPE': 'tty', 'GIT_ASKPASS': '/home/huangbo/.vscode-server/cli/servers/Stable-7debcd0e2acdea1c52de81bf9ee1620444407dda/server/extensions/git/dist/askpass.sh', 'SHLVL': '1', 'LD_LIBRARY_PATH': '/home/huangbo/ros2_learn/tongxun_learn/install/student_interfaces/lib:/opt/ros/jazzy/opt/rviz_ogre_vendor/lib:/opt/ros/jazzy/lib/x86_64-linux-gnu:/opt/ros/jazzy/opt/gz_math_vendor/lib:/opt/ros/jazzy/opt/gz_utils_vendor/lib:/opt/ros/jazzy/opt/gz_cmake_vendor/lib:/opt/ros/jazzy/lib', 'BROWSER': '/home/huangbo/.vscode-server/cli/servers/Stable-7debcd0e2acdea1c52de81bf9ee1620444407dda/server/bin/helpers/browser.sh', 'HOME': '/home/huangbo', 'TERM_PROGRAM_VERSION': '1.138.0', 'VSCODE_IPC_HOOK_CLI': '/run/user/1000/vscode-ipc-1a622cb4-c665-4f38-ac7f-27620576ea20.sock', 'ROS_PYTHON_VERSION': '3', 'VSCODE_GIT_ASKPASS_MAIN': '/home/huangbo/.vscode-server/cli/servers/Stable-7debcd0e2acdea1c52de81bf9ee1620444407dda/server/extensions/git/dist/askpass-main.js', 'VSCODE_GIT_ASKPASS_NODE': '/home/huangbo/.vscode-server/cli/servers/Stable-7debcd0e2acdea1c52de81bf9ee1620444407dda/server/node', 'PYDEVD_DISABLE_FILE_VALIDATION': '1', 'BUNDLED_DEBUGPY_PATH': '/home/huangbo/.vscode-server/extensions/ms-python.debugpy-2026.6.0-linux-x64/bundled/libs/debugpy', 'VSCODE_PYTHON_AUTOACTIVATE_GUARD': '1', 'DBUS_SESSION_BUS_ADDRESS': 'unix:path=/run/user/1000/bus', 'COLORTERM': 'truecolor', 'DEBUGINFOD_URLS': 'https://debuginfod.ubuntu.com', 'COLCON_PREFIX_PATH': '/home/huangbo/ros2_learn/tongxun_learn/install', 'ROS_DISTRO': 'jazzy', 'LOGNAME': 'huangbo', '_': '/usr/bin/colcon', 'ROS_VERSION': '2', 'XDG_SESSION_CLASS': 'user', 'TERM': 'xterm-256color', 'XDG_SESSION_ID': '4', 'PATH': '/home/huangbo/.vscode-server/data/User/globalStorage/github.copilot-chat/debugCommand:/home/huangbo/.vscode-server/data/User/globalStorage/github.copilot-chat/copilotCli:/home/huangbo/.vscode-server/cli/servers/Stable-7debcd0e2acdea1c52de81bf9ee1620444407dda/server/bin/remote-cli:/opt/ros/jazzy/bin:/usr/local/sbin:/usr/local/bin:/usr/sbin:/usr/bin:/sbin:/bin:/usr/games:/usr/local/games:/snap/bin:/home/huangbo/.vscode-server/extensions/ms-python.debugpy-2026.6.0-linux-x64/bundled/scripts/noConfigScripts', 'XDG_RUNTIME_DIR': '/run/user/1000', 'VSCODE_DEBUGPY_ADAPTER_ENDPOINTS': '/home/huangbo/.vscode-server/extensions/ms-python.debugpy-2026.6.0-linux-x64/.noConfigDebugAdapterEndpoints/endpoint-66c467e2907e460e.txt', 'LANG': 'zh_CN.UTF-8', 'PYTHONSTARTUP': '/home/huangbo/.vscode-server/data/User/workspaceStorage/c358a63721801e90ff5d3c048722ef27/ms-python.python/pythonrc.py', 'LS_COLORS': 'rs=0:di=01;34:ln=01;36:mh=00:pi=40;33:so=01;35:do=01;35:bd=40;33;01:cd=40;33;01:or=40;31;01:mi=00:su=37;41:sg=30;43:ca=00:tw=30;42:ow=34;42:st=37;44:ex=01;32:*.tar=01;31:*.tgz=01;31:*.arc=01;31:*.arj=01;31:*.taz=01;31:*.lha=01;31:*.lz4=01;31:*.lzh=01;31:*.lzma=01;31:*.tlz=01;31:*.txz=01;31:*.tzo=01;31:*.t7z=01;31:*.zip=01;31:*.z=01;31:*.dz=01;31:*.gz=01;31:*.lrz=01;31:*.lz=01;31:*.lzo=01;31:*.xz=01;31:*.zst=01;31:*.tzst=01;31:*.bz2=01;31:*.bz=01;31:*.tbz=01;31:*.tbz2=01;31:*.tz=01;31:*.deb=01;31:*.rpm=01;31:*.jar=01;31:*.war=01;31:*.ear=01;31:*.sar=01;31:*.rar=01;31:*.alz=01;31:*.ace=01;31:*.zoo=01;31:*.cpio=01;31:*.7z=01;31:*.rz=01;31:*.cab=01;31:*.wim=01;31:*.swm=01;31:*.dwm=01;31:*.esd=01;31:*.avif=01;35:*.jpg=01;35:*.jpeg=01;35:*.mjpg=01;35:*.mjpeg=01;35:*.gif=01;35:*.bmp=01;35:*.pbm=01;35:*.pgm=01;35:*.ppm=01;35:*.tga=01;35:*.xbm=01;35:*.xpm=01;35:*.tif=01;35:*.tiff=01;35:*.png=01;35:*.svg=01;35:*.svgz=01;35:*.mng=01;35:*.pcx=01;35:*.mov=01;35:*.mpg=01;35:*.mpeg=01;35:*.m2v=01;35:*.mkv=01;35:*.webm=01;35:*.webp=01;35:*.ogm=01;35:*.mp4=01;35:*.m4v=01;35:*.mp4v=01;35:*.vob=01;35:*.qt=01;35:*.nuv=01;35:*.wmv=01;35:*.asf=01;35:*.rm=01;35:*.rmvb=01;35:*.flc=01;35:*.avi=01;35:*.fli=01;35:*.flv=01;35:*.gl=01;35:*.dl=01;35:*.xcf=01;35:*.xwd=01;35:*.yuv=01;35:*.cgm=01;35:*.emf=01;35:*.ogv=01;35:*.ogx=01;35:*.aac=00;36:*.au=00;36:*.flac=00;36:*.m4a=00;36:*.mid=00;36:*.midi=00;36:*.mka=00;36:*.mp3=00;36:*.mpc=00;36:*.ogg=00;36:*.ra=00;36:*.wav=00;36:*.oga=00;36:*.opus=00;36:*.spx=00;36:*.xspf=00;36:*~=00;90:*#=00;90:*.bak=00;90:*.crdownload=00;90:*.dpkg-dist=00;90:*.dpkg-new=00;90:*.dpkg-old=00;90:*.dpkg-tmp=00;90:*.old=00;90:*.orig=00;90:*.part=00;90:*.rej=00;90:*.rpmnew=00;90:*.rpmorig=00;90:*.rpmsave=00;90:*.swp=00;90:*.tmp=00;90:*.ucf-dist=00;90:*.ucf-new=00;90:*.ucf-old=00;90:', 'VSCODE_GIT_IPC_HANDLE': '/run/user/1000/vscode-git-b3ba6a87e1.sock', 'TERM_PROGRAM': 'vscode', 'AMENT_PREFIX_PATH': '/home/huangbo/ros2_learn/tongxun_learn/install/py03_acton:/home/huangbo/ros2_learn/tongxun_learn/install/py01_topic:/home/huangbo/ros2_learn/tongxun_learn/install/student_interfaces:/home/huangbo/ros2_learn/tongxun_learn/install/py02_service_my:/home/huangbo/ros2_learn/tongxun_learn/install/py02_service:/home/huangbo/ros2_learn/tongxun_learn/install/base_tongxun_s:/opt/ros/jazzy', 'SHELL': '/bin/bash', 'LESSCLOSE': '/usr/bin/lesspipe %s %s', 'ROS_AUTOMATIC_DISCOVERY_RANGE': 'SUBNET', 'VSCODE_GIT_ASKPASS_EXTRA_ARGS': '', 'PWD': '/home/huangbo/ros2_learn/tongxun_learn/build/py02_service_my', 'COPILOT_DEBUG_NONCE': '0eaae38a08eb9b17f52bd7ed955eaf75', 'SSH_CONNECTION': '192.168.91.1 4611 192.168.91.129 22', 'XDG_DATA_DIRS': '/usr/share/gnome:/usr/local/share:/usr/share:/var/lib/snapd/desktop', 'PYTHONPATH': '/home/huangbo/ros2_learn/tongxun_learn/build/py02_service_my/prefix_override:/usr/lib/python3/dist-packages/colcon_core/task/python/colcon_distutils_commands:/home/huangbo/ros2_learn/tongxun_learn/install/py02_service_my/lib/python3.12/site-packages:/home/huangbo/ros2_learn/tongxun_learn/install/py03_acton/lib/python3.12/site-packages:/home/huangbo/ros2_learn/tongxun_learn/install/py01_topic/lib/python3.12/site-packages:/home/huangbo/ros2_learn/tongxun_learn/install/student_interfaces/lib/python3.12/site-packages:/home/huangbo/ros2_learn/tongxun_learn/install/py02_service_my/lib/python3.12/site-packages:/home/huangbo/ros2_learn/tongxun_learn/install/py02_service/lib/python3.12/site-packages:/home/huangbo/ros2_learn/tongxun_learn/install/base_tongxun_s/lib/python3.12/site-packages:/opt/ros/jazzy/opt/gz_math_vendor/lib/python:/opt/ros/jazzy/lib/python3.12/site-packages', 'COLCON': '1', 'CMAKE_PREFIX_PATH': '/home/huangbo/ros2_learn/tongxun_learn/install/student_interfaces:/opt/ros/jazzy/opt/gz_math_vendor:/opt/ros/jazzy/opt/gz_utils_vendor:/opt/ros/jazzy/opt/gz_cmake_vendor'}), 'shell': False}
[4.773964] (-) TimerEvent: {}
[4.876429] (-) TimerEvent: {}
[4.977086] (-) TimerEvent: {}
[5.078780] (-) TimerEvent: {}
[5.179269] (-) TimerEvent: {}
[5.259861] (py02_service_my) StdoutLine: {'line': b'running egg_info\n'}
[5.280000] (-) TimerEvent: {}
[5.311115] (py02_service_my) StdoutLine: {'line': b'writing ../../build/py02_service_my/py02_service_my.egg-info/PKG-INFO\n'}
[5.311456] (py02_service_my) StdoutLine: {'line': b'writing dependency_links to ../../build/py02_service_my/py02_service_my.egg-info/dependency_links.txt\n'}
[5.311654] (py02_service_my) StdoutLine: {'line': b'writing entry points to ../../build/py02_service_my/py02_service_my.egg-info/entry_points.txt\n'}
[5.312119] (py02_service_my) StdoutLine: {'line': b'writing requirements to ../../build/py02_service_my/py02_service_my.egg-info/requires.txt\n'}
[5.312490] (py02_service_my) StdoutLine: {'line': b'writing top-level names to ../../build/py02_service_my/py02_service_my.egg-info/top_level.txt\n'}
[5.380578] (-) TimerEvent: {}
[5.409267] (py02_service_my) StdoutLine: {'line': b"reading manifest file '../../build/py02_service_my/py02_service_my.egg-info/SOURCES.txt'\n"}
[5.409707] (py02_service_my) StdoutLine: {'line': b"writing manifest file '../../build/py02_service_my/py02_service_my.egg-info/SOURCES.txt'\n"}
[5.409875] (py02_service_my) StdoutLine: {'line': b'running build\n'}
[5.410377] (py02_service_my) StdoutLine: {'line': b'running build_py\n'}
[5.410476] (py02_service_my) StdoutLine: {'line': b'running install\n'}
[5.416060] (py02_service_my) StdoutLine: {'line': b'running install_lib\n'}
[5.445766] (py02_service_my) StdoutLine: {'line': b'running install_data\n'}
[5.449127] (py02_service_my) StdoutLine: {'line': b'running install_egg_info\n'}
[5.483833] (-) TimerEvent: {}
[5.513707] (py02_service_my) StdoutLine: {'line': b"removing '/home/huangbo/ros2_learn/tongxun_learn/install/py02_service_my/lib/python3.12/site-packages/py02_service_my-0.0.0-py3.12.egg-info' (and everything under it)\n"}
[5.515570] (py02_service_my) StdoutLine: {'line': b'Copying ../../build/py02_service_my/py02_service_my.egg-info to /home/huangbo/ros2_learn/tongxun_learn/install/py02_service_my/lib/python3.12/site-packages/py02_service_my-0.0.0-py3.12.egg-info\n'}
[5.516354] (py02_service_my) StdoutLine: {'line': b'running install_scripts\n'}
[5.586689] (-) TimerEvent: {}
[5.687365] (-) TimerEvent: {}
[5.739659] (py02_service_my) StdoutLine: {'line': b'Installing demo_client_py script to /home/huangbo/ros2_learn/tongxun_learn/install/py02_service_my/lib/py02_service_my\n'}
[5.743269] (py02_service_my) StdoutLine: {'line': b'Installing demo_server_py script to /home/huangbo/ros2_learn/tongxun_learn/install/py02_service_my/lib/py02_service_my\n'}
[5.743462] (py02_service_my) StdoutLine: {'line': b"writing list of installed files to '/home/huangbo/ros2_learn/tongxun_learn/build/py02_service_my/install.log'\n"}
[5.788141] (-) TimerEvent: {}
[5.833455] (py02_service_my) CommandEnded: {'returncode': 0}
[5.850206] (py02_service_my) JobEnded: {'identifier': 'py02_service_my', 'rc': 0}
[5.851219] (py03_acton) JobStarted: {'identifier': 'py03_acton'}
[5.888260] (-) TimerEvent: {}
[5.990115] (-) TimerEvent: {}
[6.090856] (-) TimerEvent: {}
[6.191653] (-) TimerEvent: {}
[6.278150] (py01_topic) Command: {'cmd': ['/usr/bin/python3', '-W', 'ignore:setup.py install is deprecated', '-W', 'ignore:easy_install command is deprecated', 'setup.py', 'egg_info', '--egg-base', '../../build/py01_topic', 'build', '--build-base', '/home/huangbo/ros2_learn/tongxun_learn/build/py01_topic/build', 'install', '--record', '/home/huangbo/ros2_learn/tongxun_learn/build/py01_topic/install.log', '--install-scripts', '$base/lib/py01_topic', '--single-version-externally-managed', 'install_data'], 'cwd': '/home/huangbo/ros2_learn/tongxun_learn/src/py01_topic', 'env': OrderedDict({'PYTHON_BASIC_REPL': '1', 'LESSOPEN': '| /usr/bin/lesspipe %s', 'USER': 'huangbo', 'SSH_CLIENT': '192.168.91.1 4611 22', 'XDG_SESSION_TYPE': 'tty', 'GIT_ASKPASS': '/home/huangbo/.vscode-server/cli/servers/Stable-7debcd0e2acdea1c52de81bf9ee1620444407dda/server/extensions/git/dist/askpass.sh', 'SHLVL': '1', 'LD_LIBRARY_PATH': '/home/huangbo/ros2_learn/tongxun_learn/install/student_interfaces/lib:/opt/ros/jazzy/opt/rviz_ogre_vendor/lib:/opt/ros/jazzy/lib/x86_64-linux-gnu:/opt/ros/jazzy/opt/gz_math_vendor/lib:/opt/ros/jazzy/opt/gz_utils_vendor/lib:/opt/ros/jazzy/opt/gz_cmake_vendor/lib:/opt/ros/jazzy/lib', 'BROWSER': '/home/huangbo/.vscode-server/cli/servers/Stable-7debcd0e2acdea1c52de81bf9ee1620444407dda/server/bin/helpers/browser.sh', 'HOME': '/home/huangbo', 'TERM_PROGRAM_VERSION': '1.138.0', 'VSCODE_IPC_HOOK_CLI': '/run/user/1000/vscode-ipc-1a622cb4-c665-4f38-ac7f-27620576ea20.sock', 'ROS_PYTHON_VERSION': '3', 'VSCODE_GIT_ASKPASS_MAIN': '/home/huangbo/.vscode-server/cli/servers/Stable-7debcd0e2acdea1c52de81bf9ee1620444407dda/server/extensions/git/dist/askpass-main.js', 'VSCODE_GIT_ASKPASS_NODE': '/home/huangbo/.vscode-server/cli/servers/Stable-7debcd0e2acdea1c52de81bf9ee1620444407dda/server/node', 'PYDEVD_DISABLE_FILE_VALIDATION': '1', 'BUNDLED_DEBUGPY_PATH': '/home/huangbo/.vscode-server/extensions/ms-python.debugpy-2026.6.0-linux-x64/bundled/libs/debugpy', 'VSCODE_PYTHON_AUTOACTIVATE_GUARD': '1', 'DBUS_SESSION_BUS_ADDRESS': 'unix:path=/run/user/1000/bus', 'COLORTERM': 'truecolor', 'DEBUGINFOD_URLS': 'https://debuginfod.ubuntu.com', 'COLCON_PREFIX_PATH': '/home/huangbo/ros2_learn/tongxun_learn/install', 'ROS_DISTRO': 'jazzy', 'LOGNAME': 'huangbo', '_': '/usr/bin/colcon', 'ROS_VERSION': '2', 'XDG_SESSION_CLASS': 'user', 'TERM': 'xterm-256color', 'XDG_SESSION_ID': '4', 'PATH': '/home/huangbo/.vscode-server/data/User/globalStorage/github.copilot-chat/debugCommand:/home/huangbo/.vscode-server/data/User/globalStorage/github.copilot-chat/copilotCli:/home/huangbo/.vscode-server/cli/servers/Stable-7debcd0e2acdea1c52de81bf9ee1620444407dda/server/bin/remote-cli:/opt/ros/jazzy/bin:/usr/local/sbin:/usr/local/bin:/usr/sbin:/usr/bin:/sbin:/bin:/usr/games:/usr/local/games:/snap/bin:/home/huangbo/.vscode-server/extensions/ms-python.debugpy-2026.6.0-linux-x64/bundled/scripts/noConfigScripts', 'XDG_RUNTIME_DIR': '/run/user/1000', 'VSCODE_DEBUGPY_ADAPTER_ENDPOINTS': '/home/huangbo/.vscode-server/extensions/ms-python.debugpy-2026.6.0-linux-x64/.noConfigDebugAdapterEndpoints/endpoint-66c467e2907e460e.txt', 'LANG': 'zh_CN.UTF-8', 'PYTHONSTARTUP': '/home/huangbo/.vscode-server/data/User/workspaceStorage/c358a63721801e90ff5d3c048722ef27/ms-python.python/pythonrc.py', 'LS_COLORS': 'rs=0:di=01;34:ln=01;36:mh=00:pi=40;33:so=01;35:do=01;35:bd=40;33;01:cd=40;33;01:or=40;31;01:mi=00:su=37;41:sg=30;43:ca=00:tw=30;42:ow=34;42:st=37;44:ex=01;32:*.tar=01;31:*.tgz=01;31:*.arc=01;31:*.arj=01;31:*.taz=01;31:*.lha=01;31:*.lz4=01;31:*.lzh=01;31:*.lzma=01;31:*.tlz=01;31:*.txz=01;31:*.tzo=01;31:*.t7z=01;31:*.zip=01;31:*.z=01;31:*.dz=01;31:*.gz=01;31:*.lrz=01;31:*.lz=01;31:*.lzo=01;31:*.xz=01;31:*.zst=01;31:*.tzst=01;31:*.bz2=01;31:*.bz=01;31:*.tbz=01;31:*.tbz2=01;31:*.tz=01;31:*.deb=01;31:*.rpm=01;31:*.jar=01;31:*.war=01;31:*.ear=01;31:*.sar=01;31:*.rar=01;31:*.alz=01;31:*.ace=01;31:*.zoo=01;31:*.cpio=01;31:*.7z=01;31:*.rz=01;31:*.cab=01;31:*.wim=01;31:*.swm=01;31:*.dwm=01;31:*.esd=01;31:*.avif=01;35:*.jpg=01;35:*.jpeg=01;35:*.mjpg=01;35:*.mjpeg=01;35:*.gif=01;35:*.bmp=01;35:*.pbm=01;35:*.pgm=01;35:*.ppm=01;35:*.tga=01;35:*.xbm=01;35:*.xpm=01;35:*.tif=01;35:*.tiff=01;35:*.png=01;35:*.svg=01;35:*.svgz=01;35:*.mng=01;35:*.pcx=01;35:*.mov=01;35:*.mpg=01;35:*.mpeg=01;35:*.m2v=01;35:*.mkv=01;35:*.webm=01;35:*.webp=01;35:*.ogm=01;35:*.mp4=01;35:*.m4v=01;35:*.mp4v=01;35:*.vob=01;35:*.qt=01;35:*.nuv=01;35:*.wmv=01;35:*.asf=01;35:*.rm=01;35:*.rmvb=01;35:*.flc=01;35:*.avi=01;35:*.fli=01;35:*.flv=01;35:*.gl=01;35:*.dl=01;35:*.xcf=01;35:*.xwd=01;35:*.yuv=01;35:*.cgm=01;35:*.emf=01;35:*.ogv=01;35:*.ogx=01;35:*.aac=00;36:*.au=00;36:*.flac=00;36:*.m4a=00;36:*.mid=00;36:*.midi=00;36:*.mka=00;36:*.mp3=00;36:*.mpc=00;36:*.ogg=00;36:*.ra=00;36:*.wav=00;36:*.oga=00;36:*.opus=00;36:*.spx=00;36:*.xspf=00;36:*~=00;90:*#=00;90:*.bak=00;90:*.crdownload=00;90:*.dpkg-dist=00;90:*.dpkg-new=00;90:*.dpkg-old=00;90:*.dpkg-tmp=00;90:*.old=00;90:*.orig=00;90:*.part=00;90:*.rej=00;90:*.rpmnew=00;90:*.rpmorig=00;90:*.rpmsave=00;90:*.swp=00;90:*.tmp=00;90:*.ucf-dist=00;90:*.ucf-new=00;90:*.ucf-old=00;90:', 'VSCODE_GIT_IPC_HANDLE': '/run/user/1000/vscode-git-b3ba6a87e1.sock', 'TERM_PROGRAM': 'vscode', 'AMENT_PREFIX_PATH': '/home/huangbo/ros2_learn/tongxun_learn/install/py03_acton:/home/huangbo/ros2_learn/tongxun_learn/install/py01_topic:/home/huangbo/ros2_learn/tongxun_learn/install/student_interfaces:/home/huangbo/ros2_learn/tongxun_learn/install/py02_service_my:/home/huangbo/ros2_learn/tongxun_learn/install/py02_service:/home/huangbo/ros2_learn/tongxun_learn/install/base_tongxun_s:/opt/ros/jazzy', 'SHELL': '/bin/bash', 'LESSCLOSE': '/usr/bin/lesspipe %s %s', 'ROS_AUTOMATIC_DISCOVERY_RANGE': 'SUBNET', 'VSCODE_GIT_ASKPASS_EXTRA_ARGS': '', 'PWD': '/home/huangbo/ros2_learn/tongxun_learn/build/py01_topic', 'COPILOT_DEBUG_NONCE': '0eaae38a08eb9b17f52bd7ed955eaf75', 'SSH_CONNECTION': '192.168.91.1 4611 192.168.91.129 22', 'XDG_DATA_DIRS': '/usr/share/gnome:/usr/local/share:/usr/share:/var/lib/snapd/desktop', 'PYTHONPATH': '/home/huangbo/ros2_learn/tongxun_learn/build/py01_topic/prefix_override:/usr/lib/python3/dist-packages/colcon_core/task/python/colcon_distutils_commands:/home/huangbo/ros2_learn/tongxun_learn/install/py01_topic/lib/python3.12/site-packages:/home/huangbo/ros2_learn/tongxun_learn/install/student_interfaces/lib/python3.12/site-packages:/home/huangbo/ros2_learn/tongxun_learn/install/py03_acton/lib/python3.12/site-packages:/home/huangbo/ros2_learn/tongxun_learn/install/py01_topic/lib/python3.12/site-packages:/home/huangbo/ros2_learn/tongxun_learn/install/py02_service_my/lib/python3.12/site-packages:/home/huangbo/ros2_learn/tongxun_learn/install/py02_service/lib/python3.12/site-packages:/home/huangbo/ros2_learn/tongxun_learn/install/base_tongxun_s/lib/python3.12/site-packages:/opt/ros/jazzy/opt/gz_math_vendor/lib/python:/opt/ros/jazzy/lib/python3.12/site-packages', 'COLCON': '1', 'CMAKE_PREFIX_PATH': '/home/huangbo/ros2_learn/tongxun_learn/install/student_interfaces:/opt/ros/jazzy/opt/gz_math_vendor:/opt/ros/jazzy/opt/gz_utils_vendor:/opt/ros/jazzy/opt/gz_cmake_vendor'}), 'shell': False}
[6.293042] (-) TimerEvent: {}
[6.393782] (-) TimerEvent: {}
[6.494431] (-) TimerEvent: {}
[6.586917] (py01_topic) StdoutLine: {'line': b'running egg_info\n'}
[6.595186] (-) TimerEvent: {}
[6.608951] (py01_topic) StdoutLine: {'line': b'writing ../../build/py01_topic/py01_topic.egg-info/PKG-INFO\n'}
[6.610071] (py01_topic) StdoutLine: {'line': b'writing dependency_links to ../../build/py01_topic/py01_topic.egg-info/dependency_links.txt\n'}
[6.611424] (py01_topic) StdoutLine: {'line': b'writing entry points to ../../build/py01_topic/py01_topic.egg-info/entry_points.txt\n'}
[6.611667] (py01_topic) StdoutLine: {'line': b'writing requirements to ../../build/py01_topic/py01_topic.egg-info/requires.txt\n'}
[6.611748] (py01_topic) StdoutLine: {'line': b'writing top-level names to ../../build/py01_topic/py01_topic.egg-info/top_level.txt\n'}
[6.655807] (py01_topic) StdoutLine: {'line': b"reading manifest file '../../build/py01_topic/py01_topic.egg-info/SOURCES.txt'\n"}
[6.660162] (py01_topic) StdoutLine: {'line': b"writing manifest file '../../build/py01_topic/py01_topic.egg-info/SOURCES.txt'\n"}
[6.660426] (py01_topic) StdoutLine: {'line': b'running build\n'}
[6.660536] (py01_topic) StdoutLine: {'line': b'running build_py\n'}
[6.660646] (py01_topic) StdoutLine: {'line': b'running install\n'}
[6.665962] (py01_topic) StdoutLine: {'line': b'running install_lib\n'}
[6.688494] (py01_topic) StdoutLine: {'line': b'running install_data\n'}
[6.690813] (py01_topic) StdoutLine: {'line': b'running install_egg_info\n'}
[6.695880] (-) TimerEvent: {}
[6.715901] (py01_topic) StdoutLine: {'line': b"removing '/home/huangbo/ros2_learn/tongxun_learn/install/py01_topic/lib/python3.12/site-packages/py01_topic-0.0.0-py3.12.egg-info' (and everything under it)\n"}
[6.716512] (py01_topic) StdoutLine: {'line': b'Copying ../../build/py01_topic/py01_topic.egg-info to /home/huangbo/ros2_learn/tongxun_learn/install/py01_topic/lib/python3.12/site-packages/py01_topic-0.0.0-py3.12.egg-info\n'}
[6.717810] (py01_topic) StdoutLine: {'line': b'running install_scripts\n'}
[6.795957] (-) TimerEvent: {}
[6.878039] (py01_topic) StdoutLine: {'line': b'Installing addints_client_py script to /home/huangbo/ros2_learn/tongxun_learn/install/py01_topic/lib/py01_topic\n'}
[6.878561] (py01_topic) StdoutLine: {'line': b'Installing addints_server_py script to /home/huangbo/ros2_learn/tongxun_learn/install/py01_topic/lib/py01_topic\n'}
[6.879184] (py01_topic) StdoutLine: {'line': b'Installing demo01_talker_str_py script to /home/huangbo/ros2_learn/tongxun_learn/install/py01_topic/lib/py01_topic\n'}
[6.879344] (py01_topic) StdoutLine: {'line': b'Installing demo02_listener_str_py script to /home/huangbo/ros2_learn/tongxun_learn/install/py01_topic/lib/py01_topic\n'}
[6.879590] (py01_topic) StdoutLine: {'line': b'Installing student_listener_py script to /home/huangbo/ros2_learn/tongxun_learn/install/py01_topic/lib/py01_topic\n'}
[6.879943] (py01_topic) StdoutLine: {'line': b'Installing student_talker_py script to /home/huangbo/ros2_learn/tongxun_learn/install/py01_topic/lib/py01_topic\n'}
[6.881272] (py01_topic) StdoutLine: {'line': b"writing list of installed files to '/home/huangbo/ros2_learn/tongxun_learn/build/py01_topic/install.log'\n"}
[6.896481] (-) TimerEvent: {}
[6.929974] (py01_topic) CommandEnded: {'returncode': 0}
[6.939382] (py01_topic) JobEnded: {'identifier': 'py01_topic', 'rc': 0}
[6.997267] (-) TimerEvent: {}
[7.010019] (py03_acton) Command: {'cmd': ['/usr/bin/python3', '-W', 'ignore:setup.py install is deprecated', '-W', 'ignore:easy_install command is deprecated', 'setup.py', 'egg_info', '--egg-base', '../../build/py03_acton', 'build', '--build-base', '/home/huangbo/ros2_learn/tongxun_learn/build/py03_acton/build', 'install', '--record', '/home/huangbo/ros2_learn/tongxun_learn/build/py03_acton/install.log', '--install-scripts', '$base/lib/py03_acton', '--single-version-externally-managed', 'install_data'], 'cwd': '/home/huangbo/ros2_learn/tongxun_learn/src/py03_acton', 'env': OrderedDict({'PYTHON_BASIC_REPL': '1', 'LESSOPEN': '| /usr/bin/lesspipe %s', 'USER': 'huangbo', 'SSH_CLIENT': '192.168.91.1 4611 22', 'XDG_SESSION_TYPE': 'tty', 'GIT_ASKPASS': '/home/huangbo/.vscode-server/cli/servers/Stable-7debcd0e2acdea1c52de81bf9ee1620444407dda/server/extensions/git/dist/askpass.sh', 'SHLVL': '1', 'LD_LIBRARY_PATH': '/home/huangbo/ros2_learn/tongxun_learn/install/student_interfaces/lib:/opt/ros/jazzy/opt/rviz_ogre_vendor/lib:/opt/ros/jazzy/lib/x86_64-linux-gnu:/opt/ros/jazzy/opt/gz_math_vendor/lib:/opt/ros/jazzy/opt/gz_utils_vendor/lib:/opt/ros/jazzy/opt/gz_cmake_vendor/lib:/opt/ros/jazzy/lib', 'BROWSER': '/home/huangbo/.vscode-server/cli/servers/Stable-7debcd0e2acdea1c52de81bf9ee1620444407dda/server/bin/helpers/browser.sh', 'HOME': '/home/huangbo', 'TERM_PROGRAM_VERSION': '1.138.0', 'VSCODE_IPC_HOOK_CLI': '/run/user/1000/vscode-ipc-1a622cb4-c665-4f38-ac7f-27620576ea20.sock', 'ROS_PYTHON_VERSION': '3', 'VSCODE_GIT_ASKPASS_MAIN': '/home/huangbo/.vscode-server/cli/servers/Stable-7debcd0e2acdea1c52de81bf9ee1620444407dda/server/extensions/git/dist/askpass-main.js', 'VSCODE_GIT_ASKPASS_NODE': '/home/huangbo/.vscode-server/cli/servers/Stable-7debcd0e2acdea1c52de81bf9ee1620444407dda/server/node', 'PYDEVD_DISABLE_FILE_VALIDATION': '1', 'BUNDLED_DEBUGPY_PATH': '/home/huangbo/.vscode-server/extensions/ms-python.debugpy-2026.6.0-linux-x64/bundled/libs/debugpy', 'VSCODE_PYTHON_AUTOACTIVATE_GUARD': '1', 'DBUS_SESSION_BUS_ADDRESS': 'unix:path=/run/user/1000/bus', 'COLORTERM': 'truecolor', 'DEBUGINFOD_URLS': 'https://debuginfod.ubuntu.com', 'COLCON_PREFIX_PATH': '/home/huangbo/ros2_learn/tongxun_learn/install', 'ROS_DISTRO': 'jazzy', 'LOGNAME': 'huangbo', '_': '/usr/bin/colcon', 'ROS_VERSION': '2', 'XDG_SESSION_CLASS': 'user', 'TERM': 'xterm-256color', 'XDG_SESSION_ID': '4', 'PATH': '/home/huangbo/.vscode-server/data/User/globalStorage/github.copilot-chat/debugCommand:/home/huangbo/.vscode-server/data/User/globalStorage/github.copilot-chat/copilotCli:/home/huangbo/.vscode-server/cli/servers/Stable-7debcd0e2acdea1c52de81bf9ee1620444407dda/server/bin/remote-cli:/opt/ros/jazzy/bin:/usr/local/sbin:/usr/local/bin:/usr/sbin:/usr/bin:/sbin:/bin:/usr/games:/usr/local/games:/snap/bin:/home/huangbo/.vscode-server/extensions/ms-python.debugpy-2026.6.0-linux-x64/bundled/scripts/noConfigScripts', 'XDG_RUNTIME_DIR': '/run/user/1000', 'VSCODE_DEBUGPY_ADAPTER_ENDPOINTS': '/home/huangbo/.vscode-server/extensions/ms-python.debugpy-2026.6.0-linux-x64/.noConfigDebugAdapterEndpoints/endpoint-66c467e2907e460e.txt', 'LANG': 'zh_CN.UTF-8', 'PYTHONSTARTUP': '/home/huangbo/.vscode-server/data/User/workspaceStorage/c358a63721801e90ff5d3c048722ef27/ms-python.python/pythonrc.py', 'LS_COLORS': 'rs=0:di=01;34:ln=01;36:mh=00:pi=40;33:so=01;35:do=01;35:bd=40;33;01:cd=40;33;01:or=40;31;01:mi=00:su=37;41:sg=30;43:ca=00:tw=30;42:ow=34;42:st=37;44:ex=01;32:*.tar=01;31:*.tgz=01;31:*.arc=01;31:*.arj=01;31:*.taz=01;31:*.lha=01;31:*.lz4=01;31:*.lzh=01;31:*.lzma=01;31:*.tlz=01;31:*.txz=01;31:*.tzo=01;31:*.t7z=01;31:*.zip=01;31:*.z=01;31:*.dz=01;31:*.gz=01;31:*.lrz=01;31:*.lz=01;31:*.lzo=01;31:*.xz=01;31:*.zst=01;31:*.tzst=01;31:*.bz2=01;31:*.bz=01;31:*.tbz=01;31:*.tbz2=01;31:*.tz=01;31:*.deb=01;31:*.rpm=01;31:*.jar=01;31:*.war=01;31:*.ear=01;31:*.sar=01;31:*.rar=01;31:*.alz=01;31:*.ace=01;31:*.zoo=01;31:*.cpio=01;31:*.7z=01;31:*.rz=01;31:*.cab=01;31:*.wim=01;31:*.swm=01;31:*.dwm=01;31:*.esd=01;31:*.avif=01;35:*.jpg=01;35:*.jpeg=01;35:*.mjpg=01;35:*.mjpeg=01;35:*.gif=01;35:*.bmp=01;35:*.pbm=01;35:*.pgm=01;35:*.ppm=01;35:*.tga=01;35:*.xbm=01;35:*.xpm=01;35:*.tif=01;35:*.tiff=01;35:*.png=01;35:*.svg=01;35:*.svgz=01;35:*.mng=01;35:*.pcx=01;35:*.mov=01;35:*.mpg=01;35:*.mpeg=01;35:*.m2v=01;35:*.mkv=01;35:*.webm=01;35:*.webp=01;35:*.ogm=01;35:*.mp4=01;35:*.m4v=01;35:*.mp4v=01;35:*.vob=01;35:*.qt=01;35:*.nuv=01;35:*.wmv=01;35:*.asf=01;35:*.rm=01;35:*.rmvb=01;35:*.flc=01;35:*.avi=01;35:*.fli=01;35:*.flv=01;35:*.gl=01;35:*.dl=01;35:*.xcf=01;35:*.xwd=01;35:*.yuv=01;35:*.cgm=01;35:*.emf=01;35:*.ogv=01;35:*.ogx=01;35:*.aac=00;36:*.au=00;36:*.flac=00;36:*.m4a=00;36:*.mid=00;36:*.midi=00;36:*.mka=00;36:*.mp3=00;36:*.mpc=00;36:*.ogg=00;36:*.ra=00;36:*.wav=00;36:*.oga=00;36:*.opus=00;36:*.spx=00;36:*.xspf=00;36:*~=00;90:*#=00;90:*.bak=00;90:*.crdownload=00;90:*.dpkg-dist=00;90:*.dpkg-new=00;90:*.dpkg-old=00;90:*.dpkg-tmp=00;90:*.old=00;90:*.orig=00;90:*.part=00;90:*.rej=00;90:*.rpmnew=00;90:*.rpmorig=00;90:*.rpmsave=00;90:*.swp=00;90:*.tmp=00;90:*.ucf-dist=00;90:*.ucf-new=00;90:*.ucf-old=00;90:', 'VSCODE_GIT_IPC_HANDLE': '/run/user/1000/vscode-git-b3ba6a87e1.sock', 'TERM_PROGRAM': 'vscode', 'AMENT_PREFIX_PATH': '/home/huangbo/ros2_learn/tongxun_learn/install/py03_acton:/home/huangbo/ros2_learn/tongxun_learn/install/py01_topic:/home/huangbo/ros2_learn/tongxun_learn/install/student_interfaces:/home/huangbo/ros2_learn/tongxun_learn/install/py02_service_my:/home/huangbo/ros2_learn/tongxun_learn/install/py02_service:/home/huangbo/ros2_learn/tongxun_learn/install/base_tongxun_s:/opt/ros/jazzy', 'SHELL': '/bin/bash', 'LESSCLOSE': '/usr/bin/lesspipe %s %s', 'ROS_AUTOMATIC_DISCOVERY_RANGE': 'SUBNET', 'VSCODE_GIT_ASKPASS_EXTRA_ARGS': '', 'PWD': '/home/huangbo/ros2_learn/tongxun_learn/build/py03_acton', 'COPILOT_DEBUG_NONCE': '0eaae38a08eb9b17f52bd7ed955eaf75', 'SSH_CONNECTION': '192.168.91.1 4611 192.168.91.129 22', 'XDG_DATA_DIRS': '/usr/share/gnome:/usr/local/share:/usr/share:/var/lib/snapd/desktop', 'PYTHONPATH': '/home/huangbo/ros2_learn/tongxun_learn/build/py03_acton/prefix_override:/usr/lib/python3/dist-packages/colcon_core/task/python/colcon_distutils_commands:/home/huangbo/ros2_learn/tongxun_learn/install/py03_acton/lib/python3.12/site-packages:/home/huangbo/ros2_learn/tongxun_learn/install/student_interfaces/lib/python3.12/site-packages:/home/huangbo/ros2_learn/tongxun_learn/install/py03_acton/lib/python3.12/site-packages:/home/huangbo/ros2_learn/tongxun_learn/install/py01_topic/lib/python3.12/site-packages:/home/huangbo/ros2_learn/tongxun_learn/install/py02_service_my/lib/python3.12/site-packages:/home/huangbo/ros2_learn/tongxun_learn/install/py02_service/lib/python3.12/site-packages:/home/huangbo/ros2_learn/tongxun_learn/install/base_tongxun_s/lib/python3.12/site-packages:/opt/ros/jazzy/opt/gz_math_vendor/lib/python:/opt/ros/jazzy/lib/python3.12/site-packages', 'COLCON': '1', 'CMAKE_PREFIX_PATH': '/home/huangbo/ros2_learn/tongxun_learn/install/student_interfaces:/opt/ros/jazzy/opt/gz_math_vendor:/opt/ros/jazzy/opt/gz_utils_vendor:/opt/ros/jazzy/opt/gz_cmake_vendor'}), 'shell': False}
[7.098046] (-) TimerEvent: {}
[7.198751] (-) TimerEvent: {}
[7.300143] (-) TimerEvent: {}
[7.309681] (py03_acton) StdoutLine: {'line': b'running egg_info\n'}
[7.332389] (py03_acton) StdoutLine: {'line': b'writing ../../build/py03_acton/py03_acton.egg-info/PKG-INFO\n'}
[7.333392] (py03_acton) StdoutLine: {'line': b'writing dependency_links to ../../build/py03_acton/py03_acton.egg-info/dependency_links.txt\n'}
[7.334175] (py03_acton) StdoutLine: {'line': b'writing entry points to ../../build/py03_acton/py03_acton.egg-info/entry_points.txt\n'}
[7.334853] (py03_acton) StdoutLine: {'line': b'writing requirements to ../../build/py03_acton/py03_acton.egg-info/requires.txt\n'}
[7.335395] (py03_acton) StdoutLine: {'line': b'writing top-level names to ../../build/py03_acton/py03_acton.egg-info/top_level.txt\n'}
[7.378648] (py03_acton) StdoutLine: {'line': b"reading manifest file '../../build/py03_acton/py03_acton.egg-info/SOURCES.txt'\n"}
[7.379707] (py03_acton) StdoutLine: {'line': b"writing manifest file '../../build/py03_acton/py03_acton.egg-info/SOURCES.txt'\n"}
[7.380419] (py03_acton) StdoutLine: {'line': b'running build\n'}
[7.380588] (py03_acton) StdoutLine: {'line': b'running build_py\n'}
[7.381214] (py03_acton) StdoutLine: {'line': b'running install\n'}
[7.387951] (py03_acton) StdoutLine: {'line': b'running install_lib\n'}
[7.400530] (-) TimerEvent: {}
[7.410189] (py03_acton) StdoutLine: {'line': b'running install_data\n'}
[7.410372] (py03_acton) StdoutLine: {'line': b'running install_egg_info\n'}
[7.434115] (py03_acton) StdoutLine: {'line': b"removing '/home/huangbo/ros2_learn/tongxun_learn/install/py03_acton/lib/python3.12/site-packages/py03_acton-0.0.0-py3.12.egg-info' (and everything under it)\n"}
[7.434287] (py03_acton) StdoutLine: {'line': b'Copying ../../build/py03_acton/py03_acton.egg-info to /home/huangbo/ros2_learn/tongxun_learn/install/py03_acton/lib/python3.12/site-packages/py03_acton-0.0.0-py3.12.egg-info\n'}
[7.435020] (py03_acton) StdoutLine: {'line': b'running install_scripts\n'}
[7.501015] (-) TimerEvent: {}
[7.585762] (py03_acton) StdoutLine: {'line': b'Installing demo_action_client_py script to /home/huangbo/ros2_learn/tongxun_learn/install/py03_acton/lib/py03_acton\n'}
[7.586270] (py03_acton) StdoutLine: {'line': b'Installing demo_action_server_py script to /home/huangbo/ros2_learn/tongxun_learn/install/py03_acton/lib/py03_acton\n'}
[7.586777] (py03_acton) StdoutLine: {'line': b"writing list of installed files to '/home/huangbo/ros2_learn/tongxun_learn/build/py03_acton/install.log'\n"}
[7.601224] (-) TimerEvent: {}
[7.632338] (py03_acton) CommandEnded: {'returncode': 0}
[7.640959] (py03_acton) JobEnded: {'identifier': 'py03_acton', 'rc': 0}
[7.642362] (-) EventReactorShutdown: {}
